center_id,meal_id,category,cuisine,last_week,last_checkout_price,last_base_price,last_promotion,last_homepage_featured,last_num_orders,qty_history,num_history_weeks
10,1062,Beverages,Italian,145,191.09,191.09,0,0,958.0,"[782, 960, 918, 703, 513, 824, 1014, 890, 919, 1120, 945, 958]",12
10,1109,Rice Bowl,Indian,145,292.03,292.03,0,0,1525.0,"[1594, 1554, 1621, 1390, 1850, 1513, 1783, 1446, 1689, 1810, 1905, 1525]",12
10,1198,Extras,Thai,145,171.75,171.75,0,0,406.0,"[379, 188, 432, 298, 431, 406, 688, 594, 325, 270, 540, 406]",12
10,1207,Beverages,Continental,145,388.0,390.0,0,0,54.0,"[230, 257, 216, 351, 94, 82, 337, 175, 135, 136, 284, 54]",12
10,1216,Pasta,Italian,145,417.13,418.13,0,0,215.0,"[107, 215, 107, 216, 148, 230, 162, 107, 189, 366, 230, 215]",12
10,1230,Beverages,Continental,145,382.24,382.24,0,0,68.0,"[67, 122, 123, 108, 96, 28, 149, 122, 134, 135, 150, 68]",12
10,1247,Biryani,Indian,145,447.23,445.23,0,0,14.0,"[13, 40, 14, 27, 15, 69, 53, 13, 28, 14, 28, 14]",12
10,1248,Beverages,Indian,145,164.96,163.96,0,0,244.0,"[487, 203, 405, 485, 296, 285, 418, 190, 312, 122, 283, 244]",12
10,1311,Extras,Thai,145,192.09,193.09,0,0,1027.0,"[798, 594, 784, 539, 445, 609, 622, 568, 473, 582, 500, 1027]",12
10,1438,Soup,Thai,145,194.0,194.0,0,0,107.0,"[163, 134, 54, 122, 162, 42, 135, 135, 54, 148, 53, 107]",12
10,1445,Seafood,Continental,145,728.53,728.53,0,0,108.0,"[270, 69, 123, 53, 55, 55, 26, 41, 40, 432, 310, 108]",12
10,1525,Other Snacks,Thai,145,321.13,320.13,0,0,500.0,"[541, 621, 555, 809, 784, 744, 607, 472, 446, 595, 405, 500]",12
10,1543,Desert,Indian,145,485.03,485.03,0,0,351.0,"[217, 215, 68, 458, 528, 406, 405, 203, 202, 325, 243, 351]",12
10,1558,Pizza,Continental,145,564.6,564.6,0,0,149.0,"[217, 176, 364, 189, 82, 163, 285, 742, 715, 163, 134, 149]",12
10,1571,Fish,Continental,145,639.23,640.23,0,0,270.0,"[204, 149, 377, 269, 188, 472, 420, 269, 188, 406, 203, 270]",12
10,1727,Rice Bowl,Indian,145,464.63,466.63,0,0,864.0,"[1215, 2472, 2619, 2188, 891, 811, 959, 944, 865, 958, 905, 864]",12
10,1754,Sandwich,Italian,145,320.16,318.16,0,0,1027.0,"[716, 1148, 527, 648, 540, 986, 1134, 865, 946, 972, 1161, 1027]",12
10,1770,Biryani,Indian,145,484.03,486.03,0,0,122.0,"[69, 96, 82, 175, 14, 41, 69, 15, 69, 68, 42, 122]",12
10,1778,Beverages,Italian,145,191.12,192.12,0,0,904.0,"[904, 771, 728, 809, 850, 688, 1025, 1067, 878, 946, 1175, 904]",12
10,1803,Extras,Thai,145,169.75,171.75,0,0,406.0,"[850, 553, 458, 608, 501, 568, 674, 580, 459, 566, 661, 406]",12
10,1847,Soup,Thai,145,196.0,196.0,0,0,69.0,"[42, 42, 55, 69, 55, 53, 67, 81, 40, 82, 14, 69]",12
10,1878,Starters,Thai,145,321.13,319.13,0,0,67.0,"[123, 122, 82, 176, 122, 40, 162, 68, 96, 122, 28, 67]",12
10,1885,Beverages,Thai,145,158.14,158.14,0,0,1592.0,"[1768, 1851, 1701, 1716, 1390, 1446, 2321, 1916, 2094, 1986, 1904, 1592]",12
10,1902,Biryani,Indian,145,446.23,445.23,0,0,54.0,"[40, 107, 41, 189, 134, 94, 150, 96, 69, 80, 150, 54]",12
10,1962,Pizza,Continental,145,563.6,562.6,0,0,647.0,"[378, 810, 622, 283, 472, 323, 662, 1378, 1296, 566, 553, 647]",12
10,1971,Sandwich,Italian,145,344.35,346.35,0,0,258.0,"[231, 269, 215, 95, 163, 298, 445, 175, 269, 190, 459, 258]",12
10,1993,Beverages,Thai,145,157.14,158.14,0,0,190.0,"[729, 258, 688, 742, 526, 906, 865, 784, 877, 852, 944, 190]",12
10,2104,Fish,Continental,145,640.23,639.23,0,0,175.0,"[244, 203, 202, 148, 121, 447, 607, 150, 242, 203, 189, 175]",12
10,2126,Pasta,Italian,145,484.03,486.03,0,0,136.0,"[229, 298, 121, 175, 188, 188, 433, 53, 14, 14, 68, 136]",12
10,2139,Beverages,Indian,145,285.18,285.18,0,0,162.0,"[149, 121, 217, 94, 81, 27, 163, 161, 243, 148, 150, 162]",12
10,2290,Rice Bowl,Indian,145,289.09,290.09,0,0,1702.0,"[3808, 1741, 1594, 1877, 1971, 2025, 2390, 2215, 2418, 2067, 2051, 1702]",12
10,2304,Desert,Indian,145,486.03,486.03,0,0,188.0,"[150, 134, 96, 270, 339, 215, 177, 81, 80, 188, 202, 188]",12
10,2306,Pasta,Italian,145,238.65,335.62,1,0,271.0,"[68, 96, 53, 108, 54, 81, 257, 67, 176, 54, 148, 271]",12
10,2322,Beverages,Continental,145,386.06,386.06,0,0,297.0,"[352, 298, 418, 217, 80, 81, 351, 122, 122, 202, 162, 297]",12
10,2444,Seafood,Continental,145,727.53,728.53,0,0,26.0,"[500, 55, 81, 95, 28, 53, 53, 28, 27, 554, 406, 26]",12
10,2490,Salad,Italian,145,275.54,274.54,0,0,244.0,"[297, 325, 487, 351, 203, 297, 661, 257, 296, 339, 607, 244]",12
10,2492,Desert,Indian,145,389.03,388.03,0,0,203.0,"[323, 365, 215, 135, 163, 42, 149, 243, 338, 258, 150, 203]",12
10,2494,Soup,Thai,145,195.0,194.0,0,0,189.0,"[95, 28, 134, 67, 107, 40, 54, 161, 108, 54, 95, 189]",12
10,2539,Beverages,Thai,145,159.11,158.11,0,0,378.0,"[366, 177, 527, 431, 500, 446, 474, 459, 541, 566, 296, 378]",12
10,2569,Salad,Italian,145,242.56,327.89,0,0,1027.0,"[647, 607, 486, 648, 499, 567, 582, 541, 608, 445, 837, 1027]",12
10,2577,Starters,Thai,145,321.13,319.13,0,0,243.0,"[149, 134, 107, 285, 296, 203, 230, 269, 257, 175, 134, 243]",12
10,2581,Pizza,Continental,145,562.6,564.6,0,0,284.0,"[269, 716, 501, 310, 231, 350, 432, 811, 662, 485, 445, 284]",12
10,2631,Beverages,Indian,145,164.93,164.93,0,0,339.0,"[782, 540, 485, 364, 446, 513, 473, 312, 297, 271, 243, 339]",12
10,2640,Starters,Thai,145,321.13,319.13,0,0,108.0,"[325, 324, 365, 204, 285, 284, 337, 257, 377, 244, 379, 108]",12
10,2664,Salad,Italian,145,244.5,328.83,0,0,919.0,"[595, 661, 728, 662, 594, 568, 555, 594, 730, 540, 865, 919]",12
10,2704,Other Snacks,Thai,145,319.13,321.13,0,0,366.0,"[324, 323, 243, 838, 850, 742, 487, 459, 366, 404, 271, 366]",12
10,2707,Beverages,Italian,145,239.65,239.65,0,0,1297.0,"[1309, 269, 1149, 1068, 958, 1067, 959, 1093, 1229, 1134, 1296, 1297]",12
10,2760,Other Snacks,Thai,145,162.99,242.53,0,0,1107.0,"[405, 393, 230, 431, 392, 366, 256, 420, 377, 270, 1094, 1107]",12
10,2826,Sandwich,Italian,145,377.33,377.33,0,0,662.0,"[932, 1121, 932, 1149, 987, 986, 864, 850, 809, 852, 688, 662]",12
10,2867,Seafood,Continental,145,648.02,727.53,0,0,42.0,"[419, 55, 80, 42, 94, 81, 69, 41, 26, 323, 325, 42]",12
10,2956,Fish,Continental,145,642.14,643.14,0,0,161.0,"[189, 271, 337, 231, 339, 513, 608, 379, 215, 149, 243, 161]",12
11,1062,Beverages,Italian,145,179.51,177.51,0,0,728.0,"[689, 728, 796, 620, 715, 742, 528, 702, 730, 635, 797, 728]",12
11,1109,Rice Bowl,Indian,145,271.6,272.6,0,0,998.0,"[1499, 906, 1053, 944, 1134, 960, 1052, 933, 811, 1080, 986, 998]",12
11,1198,Extras,Thai,145,169.75,219.22,0,0,298.0,"[474, 351, 486, 392, 231, 284, 445, 460, 283, 230, 162, 298]",12
11,1207,Beverages,Continental,145,377.39,375.39,0,0,188.0,"[121, 123, 122, 28, 42, 27, 134, 109, 175, 109, 96, 188]",12
11,1216,Pasta,Italian,145,435.56,435.56,0,0,109.0,"[67, 14, 82, 27, 54, 190, 123, 69, 41, 161, 177, 109]",12
11,1230,Beverages,Continental,145,365.75,364.75,0,0,136.0,"[109, 109, 162, 123, 40, 67, 136, 121, 162, 109, 175, 136]",12
11,1247,Biryani,Indian,145,447.23,447.23,0,0,13.0,"[15, 27, 15, 15, 13, 42, 40, 26, 14, 15, 13, 13]",12
11,1248,Beverages,Indian,145,164.93,164.93,0,0,82.0,"[67, 122, 176, 204, 148, 188, 190, 82, 68, 40, 54, 82]",12
11,1311,Extras,Thai,145,188.21,188.21,0,0,392.0,"[393, 485, 528, 447, 447, 501, 608, 499, 566, 297, 338, 392]",12
11,1438,Soup,Thai,145,195.0,194.0,0,1,162.0,"[176, 161, 163, 162, 161, 203, 204, 150, 109, 379, 109, 162]",12
11,1445,Seafood,Continental,145,727.53,727.53,0,0,53.0,"[15, 297, 405, 95, 40, 55, 69, 81, 40, 230, 163, 53]",12
11,1525,Other Snacks,Thai,145,319.13,319.13,0,0,229.0,"[244, 257, 285, 662, 825, 622, 379, 366, 190, 257, 216, 229]",12
11,1543,Desert,Indian,145,486.03,484.03,0,0,108.0,"[148, 95, 82, 257, 217, 161, 107, 148, 68, 134, 69, 108]",12
11,1558,Pizza,Continental,145,563.6,564.6,0,0,148.0,"[69, 283, 459, 149, 107, 108, 108, 690, 717, 107, 148, 148]",12
11,1571,Fish,Continental,144,590.73,591.73,0,0,42.0,"[163, 69, 96, 109, 55, 28, 107, 136, 68, 54, 55, 42]",12
11,1727,Rice Bowl,Indian,145,464.63,465.63,0,0,567.0,"[635, 1984, 1444, 1295, 662, 459, 553, 568, 690, 568, 554, 567]",12
11,1754,Sandwich,Italian,145,314.31,315.31,0,0,809.0,"[634, 715, 863, 607, 566, 634, 621, 863, 661, 797, 783, 809]",12
11,1770,Biryani,Indian,144,486.03,486.03,0,0,67.0,"[13, 27, 40, 28, 69, 27, 13, 26, 27, 27, 15, 67]",12
11,1778,Beverages,Italian,145,179.45,181.45,0,0,769.0,"[797, 757, 837, 863, 770, 944, 1147, 891, 1093, 811, 879, 769]",12
11,1803,Extras,Thai,145,186.3,208.61,0,0,620.0,"[527, 674, 527, 636, 392, 608, 433, 580, 419, 473, 420, 620]",12
11,1847,Soup,Thai,145,195.0,195.0,0,1,94.0,"[80, 123, 123, 68, 69, 162, 94, 27, 82, 188, 95, 94]",12
11,1878,Starters,Thai,145,321.13,321.13,0,1,68.0,"[54, 54, 68, 67, 13, 107, 121, 69, 135, 27, 123, 68]",12
11,1885,Beverages,Thai,145,157.14,158.14,0,0,1621.0,"[1702, 1742, 1727, 1405, 1350, 1754, 1539, 1431, 1297, 1444, 1621, 1621]",12
11,1902,Biryani,Indian,145,446.23,445.23,0,0,27.0,"[15, 14, 14, 42, 15, 28, 13, 41, 40, 41, 42, 27]",12
11,1962,Pizza,Continental,145,562.6,562.6,0,0,270.0,"[325, 757, 823, 243, 338, 324, 391, 1647, 1392, 365, 283, 270]",12
11,1971,Sandwich,Italian,145,344.35,344.35,0,0,177.0,"[244, 311, 311, 136, 40, 364, 391, 258, 393, 297, 323, 177]",12
11,1993,Beverages,Thai,145,157.14,157.14,0,0,203.0,"[1079, 242, 1054, 1012, 755, 987, 1095, 1026, 1068, 730, 971, 203]",12
11,2126,Pasta,Italian,145,486.03,486.03,0,0,15.0,"[67, 68, 80, 53, 108, 150, 95, 13, 82, 15, 15, 15]",12
11,2139,Beverages,Indian,145,288.12,289.12,0,0,122.0,"[13, 40, 13, 54, 42, 69, 67, 40, 26, 107, 94, 122]",12
11,2290,Rice Bowl,Indian,145,285.24,284.24,0,0,566.0,"[3577, 674, 958, 662, 769, 1094, 892, 865, 688, 836, 1121, 566]",12
11,2304,Desert,Indian,145,486.03,484.03,0,0,80.0,"[80, 69, 54, 190, 148, 121, 28, 80, 41, 148, 53, 80]",12
11,2306,Pasta,Italian,145,242.5,337.62,1,0,107.0,"[41, 27, 13, 40, 13, 203, 216, 15, 14, 15, 55, 107]",12
11,2322,Beverages,Continental,145,368.6,369.6,0,0,229.0,"[203, 256, 404, 283, 121, 94, 162, 215, 204, 175, 135, 229]",12
11,2444,Seafood,Continental,145,728.53,728.53,0,0,28.0,"[13, 312, 474, 94, 55, 15, 41, 42, 54, 296, 431, 28]",12
11,2490,Salad,Italian,145,290.03,292.03,0,0,270.0,"[431, 593, 553, 352, 393, 458, 1229, 379, 231, 431, 366, 270]",12
11,2492,Desert,Indian,145,388.03,388.03,0,0,67.0,"[96, 108, 134, 69, 40, 67, 69, 54, 13, 42, 40, 67]",12
11,2494,Soup,Thai,145,194.0,195.0,0,1,134.0,"[123, 81, 81, 54, 108, 67, 122, 121, 40, 161, 136, 134]",12
11,2539,Beverages,Thai,145,160.11,158.11,0,0,447.0,"[418, 134, 392, 486, 460, 500, 487, 539, 405, 514, 352, 447]",12
11,2569,Salad,Italian,145,241.53,308.52,0,0,513.0,"[257, 284, 231, 190, 271, 298, 244, 149, 256, 190, 944, 513]",12
11,2577,Starters,Thai,145,319.13,321.13,0,0,27.0,"[28, 15, 55, 107, 13, 68, 121, 108, 27, 41, 107, 27]",12
11,2581,Pizza,Continental,145,564.6,563.6,0,0,216.0,"[149, 283, 256, 243, 190, 150, 269, 811, 582, 121, 177, 216]",12
11,2631,Beverages,Indian,145,163.93,163.93,0,0,69.0,"[499, 311, 243, 148, 230, 176, 242, 95, 162, 107, 53, 69]",12
11,2640,Starters,Thai,145,320.13,320.13,0,0,67.0,"[190, 107, 109, 121, 149, 134, 149, 121, 96, 96, 123, 67]",12
11,2664,Salad,Italian,145,235.74,307.52,0,0,528.0,"[432, 324, 459, 512, 472, 366, 352, 283, 419, 472, 933, 528]",12
11,2704,Other Snacks,Thai,145,321.13,319.13,0,0,161.0,"[163, 202, 148, 501, 474, 393, 285, 204, 231, 163, 176, 161]",12
11,2707,Beverages,Italian,145,237.71,236.71,0,0,1202.0,"[918, 378, 1120, 744, 756, 1039, 1106, 757, 933, 1135, 1133, 1202]",12
11,2760,Other Snacks,Thai,145,170.78,242.53,0,1,339.0,"[148, 121, 149, 107, 202, 189, 215, 244, 68, 108, 419, 339]",12
11,2826,Sandwich,Italian,145,365.69,365.69,0,0,432.0,"[864, 702, 744, 877, 514, 675, 647, 609, 661, 701, 472, 432]",12
11,2867,Seafood,Continental,145,727.53,727.53,0,1,28.0,"[28, 163, 271, 27, 13, 55, 15, 27, 15, 176, 188, 28]",12
11,2956,Fish,Continental,145,639.23,640.23,0,0,81.0,"[41, 69, 149, 27, 107, 108, 176, 40, 81, 67, 67, 81]",12
13,1062,Beverages,Italian,145,189.21,189.21,0,0,810.0,"[1067, 1053, 797, 904, 986, 1067, 1149, 986, 986, 1093, 1243, 810]",12
13,1109,Rice Bowl,Indian,145,287.18,285.18,0,0,1957.0,"[3160, 1283, 1619, 1403, 2187, 1782, 2348, 1687, 1552, 1930, 2161, 1957]",12
13,1198,Extras,Thai,145,174.6,176.6,0,0,446.0,"[458, 716, 458, 458, 553, 513, 540, 379, 703, 298, 419, 446]",12
13,1207,Beverages,Continental,145,388.0,388.0,0,0,41.0,"[82, 177, 135, 121, 42, 28, 148, 122, 108, 107, 81, 41]",12
13,1216,Pasta,Italian,145,408.37,409.37,0,0,176.0,"[148, 148, 188, 122, 148, 243, 283, 123, 161, 324, 284, 176]",12
13,1230,Beverages,Continental,145,378.36,376.36,0,0,108.0,"[202, 229, 161, 163, 42, 55, 271, 177, 215, 163, 163, 108]",12
13,1247,Biryani,Indian,145,447.23,446.23,0,0,53.0,"[41, 68, 94, 68, 163, 80, 67, 41, 40, 188, 69, 53]",12
13,1248,Beverages,Indian,145,164.93,163.93,0,0,94.0,"[553, 230, 244, 189, 377, 95, 176, 148, 27, 109, 109, 94]",12
13,1311,Extras,Thai,145,150.38,200.79,0,0,460.0,"[393, 568, 528, 527, 487, 622, 553, 431, 811, 445, 485, 460]",12
13,1438,Soup,Thai,145,195.0,196.0,0,0,229.0,"[257, 188, 149, 244, 161, 243, 135, 204, 203, 202, 175, 229]",12
13,1445,Seafood,Continental,145,727.53,726.53,0,0,42.0,"[473, 109, 82, 69, 107, 27, 54, 109, 81, 420, 364, 42]",12
13,1525,Other Snacks,Thai,145,321.13,319.13,0,0,635.0,"[676, 352, 487, 1161, 1161, 838, 702, 514, 501, 513, 459, 635]",12
13,1543,Desert,Indian,145,484.03,485.03,0,0,270.0,"[216, 229, 134, 391, 377, 377, 229, 284, 163, 310, 298, 270]",12
13,1558,Pizza,Continental,145,564.6,563.6,0,0,204.0,"[149, 298, 189, 135, 148, 136, 177, 769, 554, 271, 230, 204]",12
13,1571,Fish,Continental,145,641.23,639.23,0,0,283.0,"[216, 338, 242, 190, 230, 487, 662, 364, 203, 284, 351, 283]",12
13,1727,Rice Bowl,Indian,145,455.9,456.9,0,0,1122.0,"[1052, 3321, 2417, 2147, 931, 771, 864, 797, 649, 986, 825, 1122]",12
13,1754,Sandwich,Italian,145,317.25,315.25,0,0,1337.0,"[892, 1135, 1188, 809, 1201, 917, 958, 1215, 1027, 1133, 1297, 1337]",12
13,1770,Biryani,Indian,145,485.03,486.03,0,0,96.0,"[95, 81, 53, 13, 42, 67, 80, 41, 94, 26, 55, 96]",12
13,1778,Beverages,Italian,145,190.18,189.18,0,0,906.0,"[770, 663, 783, 715, 609, 1149, 1147, 905, 959, 1079, 771, 906]",12
13,1803,Extras,Thai,145,192.09,192.09,0,0,555.0,"[703, 594, 459, 608, 458, 728, 432, 755, 567, 473, 581, 555]",12
13,1847,Soup,Thai,145,194.0,194.0,0,0,148.0,"[162, 148, 109, 109, 175, 204, 244, 231, 175, 190, 216, 148]",12
13,1878,Starters,Thai,145,302.7,300.7,0,0,229.0,"[123, 177, 109, 203, 271, 161, 135, 216, 69, 136, 188, 229]",12
13,1885,Beverages,Thai,145,159.14,151.38,0,1,2822.0,"[2592, 3051, 2404, 2593, 2537, 2321, 3631, 3012, 2848, 3172, 2403, 2822]",12
13,1902,Biryani,Indian,145,446.23,446.23,0,0,94.0,"[82, 69, 95, 136, 136, 135, 188, 136, 67, 107, 109, 94]",12
13,1962,Pizza,Continental,145,564.6,562.6,0,0,796.0,"[512, 1013, 1094, 729, 635, 366, 608, 1849, 1648, 594, 661, 796]",12
13,1971,Sandwich,Italian,145,346.35,344.35,0,0,526.0,"[393, 298, 271, 148, 350, 325, 311, 337, 337, 379, 377, 526]",12
13,1993,Beverages,Thai,145,159.14,149.41,0,1,703.0,"[1620, 689, 2187, 1459, 2078, 1972, 2256, 1986, 1756, 1876, 1986, 703]",12
13,2104,Fish,Continental,145,641.23,641.23,0,0,161.0,"[94, 107, 177, 136, 136, 284, 460, 176, 122, 177, 109, 161]",12
13,2126,Pasta,Italian,145,484.03,507.31,0,1,108.0,"[108, 122, 150, 121, 148, 296, 176, 26, 13, 15, 82, 108]",12
13,2139,Beverages,Indian,145,292.03,290.03,0,0,69.0,"[96, 122, 203, 150, 163, 27, 40, 148, 190, 94, 148, 69]",12
13,2290,Rice Bowl,Indian,145,290.09,289.09,0,0,1619.0,"[7911, 1850, 1862, 1606, 2565, 1755, 2429, 2202, 2213, 2283, 2350, 1619]",12
13,2304,Desert,Indian,145,486.03,485.03,0,0,149.0,"[121, 96, 67, 285, 242, 203, 215, 121, 134, 148, 175, 149]",12
13,2306,Pasta,Italian,145,247.38,335.62,1,0,324.0,"[107, 55, 54, 54, 42, 135, 161, 80, 123, 54, 82, 324]",12
13,2322,Beverages,Continental,145,377.36,378.36,0,0,257.0,"[432, 243, 379, 244, 81, 150, 312, 271, 189, 162, 204, 257]",12
13,2444,Seafood,Continental,145,726.53,726.53,0,0,216.0,"[582, 123, 81, 122, 82, 81, 108, 109, 108, 593, 487, 216]",12
13,2490,Salad,Italian,145,291.03,292.03,0,0,418.0,"[499, 622, 554, 419, 474, 446, 674, 406, 445, 351, 323, 418]",12
13,2492,Desert,Indian,145,387.03,387.03,0,0,122.0,"[352, 217, 148, 163, 107, 107, 175, 123, 82, 96, 42, 122]",12
13,2494,Soup,Thai,145,195.0,194.0,0,0,230.0,"[189, 148, 148, 269, 202, 257, 176, 243, 217, 216, 177, 230]",12
13,2539,Beverages,Thai,145,157.2,150.38,0,1,485.0,"[620, 256, 756, 755, 634, 838, 797, 634, 594, 676, 730, 485]",12
13,2569,Salad,Italian,145,241.53,337.56,0,0,798.0,"[540, 528, 419, 446, 528, 446, 447, 364, 447, 473, 1066, 798]",12
13,2577,Starters,Thai,145,321.13,320.13,0,1,339.0,"[204, 256, 284, 135, 296, 285, 202, 175, 270, 298, 243, 339]",12
13,2581,Pizza,Continental,145,564.6,563.6,0,0,230.0,"[149, 365, 377, 190, 204, 176, 163, 1188, 636, 285, 244, 230]",12
13,2631,Beverages,Indian,145,163.96,162.96,0,0,215.0,"[636, 352, 420, 364, 486, 447, 621, 188, 230, 134, 257, 215]",12
13,2640,Starters,Thai,145,321.13,319.13,0,0,204.0,"[539, 580, 393, 555, 528, 474, 499, 433, 526, 473, 566, 204]",12
13,2664,Salad,Italian,145,241.59,335.62,0,0,770.0,"[310, 526, 392, 337, 338, 420, 377, 366, 406, 418, 1106, 770]",12
13,2704,Other Snacks,Thai,145,319.13,320.13,0,0,514.0,"[243, 528, 364, 945, 852, 877, 528, 364, 323, 377, 325, 514]",12
13,2707,Beverages,Italian,145,230.86,231.86,0,0,2308.0,"[1742, 634, 1432, 1567, 1688, 1782, 2094, 1889, 1743, 1782, 2012, 2308]",12
13,2760,Other Snacks,Thai,145,162.99,241.53,0,1,2282.0,"[379, 230, 310, 366, 365, 296, 392, 377, 243, 392, 1715, 2282]",12
13,2826,Sandwich,Italian,145,379.33,378.33,0,0,1174.0,"[1176, 1025, 1160, 1648, 1661, 1215, 1188, 1053, 986, 998, 879, 1174]",12
13,2867,Seafood,Continental,145,727.53,727.53,0,1,26.0,"[474, 107, 55, 81, 96, 41, 68, 121, 96, 445, 460, 26]",12
13,2956,Fish,Continental,145,637.29,638.29,0,0,339.0,"[216, 256, 217, 257, 216, 879, 717, 230, 323, 310, 311, 339]",12
14,1062,Beverages,Italian,145,193.03,193.03,0,0,231.0,"[460, 432, 553, 379, 283, 393, 392, 377, 499, 325, 447, 231]",12
14,1109,Rice Bowl,Indian,145,290.06,291.06,0,0,419.0,"[527, 297, 242, 325, 311, 433, 404, 379, 244, 472, 296, 419]",12
14,1198,Extras,Thai,64,143.62,179.51,0,0,122.0,"[175, 95, 121, 190, 202, 176, 243, 163, 188, 177, 121, 122]",12
14,1207,Beverages,Continental,145,383.15,384.15,0,0,108.0,"[150, 271, 135, 188, 28, 55, 229, 161, 149, 188, 107, 108]",12
14,1216,Pasta,Italian,145,418.13,418.13,0,0,53.0,"[54, 14, 27, 54, 55, 80, 54, 41, 40, 149, 42, 53]",12
14,1230,Beverages,Continental,145,380.3,380.3,0,0,202.0,"[108, 188, 163, 55, 55, 95, 203, 216, 161, 229, 284, 202]",12
14,1247,Biryani,Indian,144,447.23,445.23,0,0,28.0,"[15, 15, 15, 15, 14, 14, 26, 42, 55, 14, 15, 28]",12
14,1248,Beverages,Indian,145,163.93,165.93,0,0,53.0,"[27, 121, 176, 55, 121, 107, 136, 80, 80, 94, 81, 53]",12
14,1311,Extras,Thai,145,339.53,338.53,0,0,14.0,"[149, 54, 54, 163, 231, 94, 81, 177, 135, 136, 134, 14]",12
14,1438,Soup,Thai,145,196.0,195.0,0,0,94.0,"[69, 108, 40, 68, 26, 108, 54, 108, 27, 54, 41, 94]",12
14,1445,Seafood,Continental,145,726.53,727.53,0,0,13.0,"[68, 40, 134, 108, 15, 41, 41, 26, 27, 203, 149, 13]",12
14,1525,Other Snacks,Thai,145,320.13,319.13,0,0,96.0,"[54, 96, 94, 96, 94, 96, 161, 123, 94, 81, 27, 96]",12
14,1543,Desert,Indian,145,486.03,486.03,0,0,81.0,"[40, 27, 40, 107, 107, 53, 95, 42, 42, 67, 55, 81]",12
14,1558,Pizza,Continental,145,562.6,563.6,0,0,40.0,"[13, 215, 134, 53, 68, 135, 67, 323, 298, 26, 149, 40]",12
14,1571,Fish,Continental,145,640.23,640.23,0,0,27.0,"[42, 109, 68, 26, 27, 81, 26, 107, 68, 28, 40, 27]",12
14,1727,Rice Bowl,Indian,145,466.63,466.63,0,0,258.0,"[431, 850, 811, 836, 189, 271, 229, 297, 285, 244, 297, 258]",12
14,1754,Sandwich,Italian,145,318.16,319.16,0,0,311.0,"[231, 391, 392, 188, 190, 242, 297, 284, 256, 420, 324, 311]",12
14,1770,Biryani,Indian,144,484.03,485.03,0,0,14.0,"[26, 15, 15, 15, 15, 28, 27, 14, 28, 14, 13, 14]",12
14,1778,Beverages,Italian,145,192.09,193.09,0,0,285.0,"[406, 352, 446, 323, 433, 283, 366, 364, 339, 446, 377, 285]",12
14,1803,Extras,Thai,145,169.75,195.03,0,0,136.0,"[283, 285, 298, 324, 149, 175, 350, 269, 190, 150, 96, 136]",12
14,1847,Soup,Thai,145,194.0,196.0,0,0,53.0,"[67, 107, 41, 28, 42, 40, 96, 28, 96, 95, 122, 53]",12
14,1878,Starters,Thai,145,321.13,319.13,0,0,42.0,"[40, 14, 55, 13, 55, 14, 15, 15, 28, 40, 26, 42]",12
14,1885,Beverages,Thai,145,159.11,158.11,0,0,676.0,"[797, 621, 715, 621, 431, 647, 837, 702, 782, 797, 702, 676]",12
14,1902,Biryani,Indian,145,447.23,447.23,0,0,26.0,"[15, 13, 15, 40, 28, 14, 15, 28, 13, 14, 28, 26]",12
14,1962,Pizza,Continental,145,564.6,563.6,0,0,42.0,"[80, 217, 177, 150, 81, 177, 175, 636, 863, 123, 148, 42]",12
14,1971,Sandwich,Italian,145,346.35,345.35,0,0,82.0,"[69, 80, 121, 95, 82, 122, 82, 80, 69, 109, 94, 82]",12
14,1993,Beverages,Thai,145,160.11,150.38,0,1,163.0,"[419, 162, 487, 647, 472, 676, 566, 715, 539, 404, 823, 163]",12
14,2126,Pasta,Italian,145,486.03,485.03,0,0,42.0,"[14, 40, 41, 28, 42, 53, 27, 55, 82, 15, 14, 42]",12
14,2139,Beverages,Indian,145,290.03,292.03,0,0,53.0,"[41, 68, 28, 27, 55, 28, 95, 27, 28, 40, 41, 53]",12
14,2290,Rice Bowl,Indian,145,250.32,298.79,0,0,161.0,"[1365, 271, 216, 216, 258, 351, 446, 365, 269, 350, 568, 161]",12
14,2304,Desert,Indian,145,486.03,486.03,0,0,15.0,"[28, 41, 13, 121, 15, 40, 14, 40, 41, 27, 28, 15]",12
14,2306,Pasta,Italian,145,243.5,337.62,1,0,27.0,"[27, 13, 13, 28, 15, 150, 28, 13, 14, 53, 14, 27]",12
14,2322,Beverages,Continental,145,385.12,386.12,0,0,216.0,"[244, 216, 285, 310, 41, 122, 312, 204, 150, 122, 204, 216]",12
14,2444,Seafood,Continental,144,486.03,726.53,1,1,352.0,"[15, 28, 55, 55, 136, 243, 26, 13, 13, 14, 175, 352]",12
14,2490,Salad,Italian,145,290.03,291.03,0,0,176.0,"[244, 337, 188, 296, 203, 231, 621, 161, 189, 257, 231, 176]",12
14,2492,Desert,Indian,145,387.03,389.03,0,0,26.0,"[80, 26, 107, 40, 53, 26, 42, 53, 54, 41, 15, 26]",12
14,2494,Soup,Thai,145,194.0,196.0,0,0,55.0,"[41, 26, 42, 28, 41, 14, 15, 42, 26, 42, 80, 55]",12
14,2539,Beverages,Thai,145,158.14,158.14,0,0,242.0,"[460, 231, 393, 568, 460, 419, 364, 150, 244, 216, 269, 242]",12
14,2569,Salad,Italian,145,246.41,339.56,0,0,365.0,"[135, 148, 176, 189, 177, 203, 148, 150, 121, 175, 365, 365]",12
14,2577,Starters,Thai,142,320.13,320.13,0,0,40.0,"[13, 27, 13, 13, 14, 53, 13, 14, 14, 15, 13, 40]",12
14,2581,Pizza,Continental,145,562.66,561.66,0,0,107.0,"[176, 177, 175, 230, 80, 123, 175, 540, 486, 80, 176, 107]",12
14,2631,Beverages,Indian,145,165.93,163.93,0,0,27.0,"[177, 108, 96, 123, 96, 96, 161, 81, 81, 82, 108, 27]",12
14,2640,Starters,Thai,143,320.13,319.13,0,0,40.0,"[28, 28, 14, 40, 53, 69, 28, 41, 27, 68, 13, 40]",12
14,2664,Salad,Italian,145,255.17,337.56,0,0,217.0,"[122, 176, 121, 96, 95, 149, 136, 149, 81, 163, 256, 217]",12
14,2704,Other Snacks,Thai,145,321.13,319.13,0,1,40.0,"[27, 42, 42, 96, 67, 14, 15, 14, 27, 14, 41, 40]",12
14,2707,Beverages,Italian,145,237.71,236.71,0,0,553.0,"[459, 163, 621, 351, 447, 514, 500, 419, 512, 499, 499, 553]",12
14,2760,Other Snacks,Thai,145,162.99,242.53,0,1,351.0,"[69, 40, 54, 94, 41, 26, 27, 13, 40, 54, 230, 351]",12
14,2826,Sandwich,Italian,145,378.33,379.33,0,0,365.0,"[404, 393, 339, 323, 298, 472, 527, 432, 393, 486, 405, 365]",12
14,2867,Seafood,Continental,144,484.03,726.53,1,1,134.0,"[14, 94, 107, 67, 54, 15, 13, 54, 40, 40, 163, 134]",12
17,1062,Beverages,Italian,145,190.12,190.12,0,0,270.0,"[312, 285, 566, 379, 459, 229, 339, 271, 339, 501, 405, 270]",12
17,1109,Rice Bowl,Indian,145,258.08,286.18,0,0,310.0,"[473, 324, 419, 231, 231, 365, 285, 244, 257, 379, 350, 310]",12
17,1198,Extras,Thai,145,185.3,228.01,0,0,150.0,"[256, 107, 162, 176, 122, 81, 204, 123, 109, 203, 81, 150]",12
17,1207,Beverages,Continental,145,389.0,390.0,0,0,80.0,"[40, 54, 163, 68, 94, 13, 108, 122, 13, 80, 67, 80]",12
17,1216,Pasta,Italian,145,416.13,416.13,0,0,40.0,"[28, 42, 28, 15, 26, 26, 108, 53, 54, 121, 67, 40]",12
17,1230,Beverages,Continental,145,370.6,369.6,0,0,67.0,"[28, 94, 81, 54, 26, 13, 82, 67, 26, 122, 258, 67]",12
17,1247,Biryani,Indian,145,447.23,447.23,0,0,42.0,"[13, 14, 15, 13, 27, 42, 27, 54, 26, 42, 15, 42]",12
17,1248,Beverages,Indian,145,163.93,164.93,0,0,42.0,"[13, 107, 80, 81, 14, 95, 27, 109, 28, 27, 55, 42]",12
17,1311,Extras,Thai,145,181.39,248.38,0,0,378.0,"[217, 216, 109, 230, 216, 123, 256, 176, 244, 150, 216, 378]",12
17,1438,Soup,Thai,145,195.0,194.0,0,0,81.0,"[13, 26, 69, 80, 41, 67, 14, 14, 27, 14, 82, 81]",12
17,1445,Seafood,Continental,145,728.53,728.53,0,0,13.0,"[377, 215, 55, 26, 13, 40, 14, 13, 53, 285, 257, 13]",12
17,1525,Other Snacks,Thai,145,320.13,319.13,0,0,121.0,"[122, 42, 40, 204, 108, 94, 107, 55, 150, 69, 67, 121]",12
17,1543,Desert,Indian,145,485.03,484.03,0,0,80.0,"[41, 26, 82, 80, 82, 81, 26, 109, 55, 41, 40, 80]",12
17,1558,Pizza,Continental,145,562.6,564.6,0,0,41.0,"[55, 123, 123, 82, 28, 81, 41, 270, 242, 41, 109, 41]",12
17,1571,Fish,Continental,145,639.23,640.23,0,0,26.0,"[42, 42, 40, 26, 26, 95, 204, 121, 69, 80, 54, 26]",12
17,1727,Rice Bowl,Indian,145,464.63,466.63,0,0,271.0,"[162, 649, 608, 501, 635, 203, 269, 177, 271, 202, 243, 271]",12
17,1754,Sandwich,Italian,145,319.16,320.16,0,0,108.0,"[107, 162, 202, 109, 161, 148, 122, 203, 177, 161, 68, 108]",12
17,1770,Biryani,Indian,140,486.03,486.03,0,0,41.0,"[28, 15, 14, 15, 26, 15, 42, 15, 41, 28, 14, 41]",12
17,1778,Beverages,Italian,145,191.09,191.09,0,0,229.0,"[231, 256, 257, 242, 377, 230, 419, 229, 244, 460, 256, 229]",12
17,1803,Extras,Thai,145,157.17,195.03,0,0,175.0,"[122, 189, 176, 163, 243, 176, 176, 285, 135, 163, 217, 175]",12
17,1847,Soup,Thai,145,194.0,196.0,0,0,55.0,"[41, 14, 41, 53, 27, 15, 26, 13, 14, 40, 81, 55]",12
17,1878,Starters,Thai,145,320.13,319.13,0,0,14.0,"[67, 55, 15, 53, 53, 26, 26, 53, 27, 69, 26, 14]",12
17,1885,Beverages,Thai,145,159.11,160.11,0,0,431.0,"[526, 514, 636, 1095, 582, 594, 622, 500, 676, 634, 608, 431]",12
17,1902,Biryani,Indian,145,447.23,447.23,0,0,14.0,"[14, 13, 26, 15, 13, 27, 27, 26, 41, 26, 15, 14]",12
17,1962,Pizza,Continental,145,562.6,562.6,0,0,123.0,"[94, 285, 243, 122, 148, 162, 244, 541, 553, 136, 231, 123]",12
17,1971,Sandwich,Italian,145,344.35,346.35,0,0,121.0,"[161, 216, 242, 150, 850, 688, 838, 54, 107, 188, 161, 121]",12
17,1993,Beverages,Thai,145,158.11,159.11,0,0,204.0,"[339, 107, 310, 446, 501, 418, 581, 539, 296, 460, 459, 204]",12
17,2126,Pasta,Italian,145,486.03,509.31,0,1,40.0,"[41, 69, 53, 28, 26, 40, 15, 14, 27, 28, 28, 40]",12
17,2139,Beverages,Indian,145,290.03,290.03,0,0,53.0,"[40, 14, 13, 26, 15, 40, 42, 15, 26, 13, 40, 53]",12
17,2290,Rice Bowl,Indian,145,299.79,297.79,0,0,242.0,"[1500, 337, 392, 513, 324, 325, 392, 311, 392, 379, 420, 242]",12
17,2304,Desert,Indian,145,485.03,486.03,0,0,80.0,"[109, 69, 13, 82, 82, 68, 109, 42, 54, 68, 41, 80]",12
17,2306,Pasta,Italian,145,243.5,335.62,1,0,26.0,"[27, 42, 14, 15, 14, 40, 42, 27, 13, 26, 67, 26]",12
17,2322,Beverages,Continental,145,378.33,378.33,0,0,242.0,"[189, 107, 176, 96, 40, 26, 244, 150, 95, 150, 135, 242]",12
17,2444,Seafood,Continental,145,727.53,728.53,0,0,14.0,"[28, 177, 134, 13, 67, 26, 40, 40, 26, 258, 297, 14]",12
17,2490,Salad,Italian,145,291.03,291.03,0,0,69.0,"[161, 96, 82, 136, 149, 135, 378, 69, 135, 81, 81, 69]",12
17,2492,Desert,Indian,145,389.03,388.03,0,0,53.0,"[67, 41, 54, 69, 68, 54, 26, 40, 55, 41, 40, 53]",12
17,2494,Soup,Thai,111,242.5,243.5,0,0,13.0,"[40, 15, 27, 15, 27, 28, 54, 28, 42, 42, 14, 13]",12
17,2539,Beverages,Thai,145,158.11,159.11,0,0,189.0,"[107, 95, 190, 229, 203, 136, 324, 243, 189, 162, 188, 189]",12
17,2569,Salad,Italian,145,242.53,338.56,0,0,204.0,"[108, 108, 136, 122, 148, 109, 41, 134, 121, 96, 270, 204]",12
17,2577,Starters,Thai,145,320.13,321.13,0,0,41.0,"[80, 69, 80, 54, 41, 69, 53, 80, 81, 27, 55, 41]",12
17,2581,Pizza,Continental,145,564.6,563.6,0,0,108.0,"[53, 163, 122, 42, 96, 136, 161, 257, 298, 109, 82, 108]",12
17,2631,Beverages,Indian,145,162.02,162.02,0,0,82.0,"[122, 149, 96, 82, 40, 82, 94, 55, 54, 41, 26, 82]",12
17,2640,Starters,Thai,145,320.13,319.13,0,0,15.0,"[40, 80, 42, 189, 162, 82, 69, 136, 204, 55, 68, 15]",12
17,2664,Salad,Italian,145,242.53,336.62,0,0,391.0,"[296, 163, 231, 231, 243, 271, 325, 244, 285, 297, 377, 391]",12
17,2704,Other Snacks,Thai,145,321.13,321.13,0,0,67.0,"[40, 68, 94, 96, 136, 176, 55, 54, 26, 53, 68, 67]",12
17,2707,Beverages,Italian,145,239.62,238.62,0,0,485.0,"[487, 204, 581, 431, 431, 487, 620, 446, 323, 420, 568, 485]",12
17,2760,Other Snacks,Thai,145,161.99,241.53,0,0,216.0,"[135, 148, 123, 67, 149, 149, 109, 136, 108, 54, 162, 216]",12
17,2826,Sandwich,Italian,145,378.33,378.33,0,0,190.0,"[337, 296, 351, 242, 258, 271, 310, 270, 149, 269, 230, 190]",12
17,2867,Seafood,Continental,144,486.03,726.53,1,1,54.0,"[14, 40, 188, 190, 26, 69, 40, 14, 14, 26, 175, 54]",12
20,1062,Beverages,Italian,145,188.21,187.21,0,0,312.0,"[446, 244, 311, 337, 204, 257, 283, 446, 324, 323, 297, 312]",12
20,1109,Rice Bowl,Indian,145,295.91,294.91,0,0,554.0,"[744, 297, 379, 460, 406, 406, 580, 567, 392, 472, 501, 554]",12
20,1198,Extras,Thai,145,189.18,188.18,0,0,123.0,"[134, 163, 175, 190, 176, 217, 163, 296, 123, 216, 242, 123]",12
20,1207,Beverages,Continental,145,365.75,365.75,0,0,54.0,"[53, 40, 13, 96, 67, 27, 26, 53, 55, 80, 94, 54]",12
20,1216,Pasta,Italian,145,417.13,418.13,0,0,13.0,"[40, 42, 53, 54, 14, 67, 27, 26, 15, 81, 109, 13]",12
20,1230,Beverages,Continental,145,373.48,373.48,0,0,121.0,"[108, 94, 69, 67, 55, 14, 67, 68, 94, 95, 15, 121]",12
20,1247,Biryani,Indian,145,445.23,446.23,0,0,55.0,"[14, 13, 41, 27, 14, 26, 13, 55, 53, 40, 15, 55]",12
20,1248,Beverages,Indian,145,163.93,164.93,0,0,15.0,"[108, 94, 14, 41, 95, 123, 108, 67, 42, 15, 68, 15]",12
20,1311,Extras,Thai,145,152.35,182.42,0,0,121.0,"[203, 148, 204, 270, 190, 231, 162, 203, 311, 203, 204, 121]",12
20,1438,Soup,Thai,145,196.0,196.0,0,0,108.0,"[121, 148, 163, 80, 68, 136, 94, 148, 123, 109, 121, 108]",12
20,1445,Seafood,Continental,145,726.53,726.53,0,0,26.0,"[230, 69, 26, 27, 42, 14, 15, 41, 53, 55, 134, 26]",12
20,1525,Other Snacks,Thai,145,321.13,321.13,0,0,148.0,"[123, 109, 80, 297, 242, 217, 188, 189, 121, 161, 149, 148]",12
20,1543,Desert,Indian,145,486.03,484.03,0,0,82.0,"[53, 28, 80, 136, 109, 95, 67, 13, 80, 54, 96, 82]",12
20,1558,Pizza,Continental,145,562.6,563.6,0,0,68.0,"[55, 162, 175, 42, 42, 177, 68, 339, 420, 80, 122, 68]",12
20,1571,Fish,Continental,145,640.23,641.23,0,0,40.0,"[122, 69, 68, 42, 54, 176, 122, 27, 69, 81, 81, 40]",12
20,1727,Rice Bowl,Indian,145,466.63,464.63,0,0,177.0,"[285, 958, 973, 566, 284, 188, 136, 188, 269, 163, 217, 177]",12
20,1754,Sandwich,Italian,145,320.16,318.16,0,0,352.0,"[365, 391, 323, 285, 229, 378, 391, 229, 377, 431, 418, 352]",12
20,1770,Biryani,Indian,145,485.03,486.03,0,0,14.0,"[53, 28, 41, 15, 42, 27, 26, 14, 13, 15, 13, 14]",12
20,1778,Beverages,Italian,145,189.18,189.18,0,0,269.0,"[215, 177, 217, 406, 269, 472, 310, 325, 350, 284, 391, 269]",12
20,1803,Extras,Thai,145,226.01,226.01,0,0,123.0,"[242, 366, 204, 297, 269, 271, 378, 231, 243, 229, 256, 123]",12
20,1847,Soup,Thai,145,196.0,195.0,0,0,67.0,"[81, 80, 162, 81, 107, 67, 96, 67, 122, 67, 134, 67]",12
20,1878,Starters,Thai,145,320.13,321.13,0,0,96.0,"[69, 55, 69, 69, 69, 54, 28, 82, 68, 68, 27, 96]",12
20,1885,Beverages,Thai,145,157.14,158.14,0,0,797.0,"[771, 690, 931, 944, 620, 850, 1079, 1027, 932, 823, 730, 797]",12
20,1902,Biryani,Indian,145,447.23,445.23,0,0,42.0,"[41, 55, 55, 28, 55, 14, 26, 28, 82, 15, 14, 42]",12
20,1962,Pizza,Continental,145,562.6,562.6,0,0,150.0,"[298, 445, 541, 312, 107, 162, 258, 1068, 931, 190, 242, 150]",12
20,1971,Sandwich,Italian,145,346.35,346.35,0,0,243.0,"[95, 54, 163, 69, 68, 26, 215, 123, 109, 95, 81, 243]",12
20,1993,Beverages,Thai,145,157.14,158.14,0,0,177.0,"[541, 297, 364, 365, 310, 609, 431, 418, 512, 406, 512, 177]",12
20,2104,Fish,Continental,145,641.23,641.23,0,0,27.0,"[42, 13, 13, 14, 15, 68, 67, 27, 42, 94, 41, 27]",12
20,2126,Pasta,Italian,145,486.03,507.31,0,1,26.0,"[68, 55, 40, 69, 26, 54, 41, 134, 135, 27, 15, 26]",12
20,2139,Beverages,Indian,145,290.03,291.03,0,0,55.0,"[96, 55, 55, 13, 14, 40, 54, 81, 68, 55, 55, 55]",12
20,2290,Rice Bowl,Indian,145,253.2,298.79,0,0,177.0,"[1674, 230, 243, 501, 622, 594, 580, 419, 526, 566, 608, 177]",12
20,2304,Desert,Indian,145,486.03,485.03,0,0,42.0,"[28, 54, 28, 41, 67, 81, 41, 27, 40, 41, 82, 42]",12
20,2306,Pasta,Italian,145,244.5,307.55,1,0,13.0,"[13, 14, 14, 42, 26, 15, 27, 40, 26, 41, 55, 13]",12
20,2322,Beverages,Continental,145,390.0,389.0,0,0,122.0,"[216, 122, 122, 135, 135, 67, 123, 121, 96, 42, 81, 122]",12
20,2444,Seafood,Continental,145,727.53,727.53,0,0,40.0,"[242, 242, 27, 13, 14, 15, 28, 42, 14, 217, 257, 40]",12
20,2490,Salad,Italian,145,292.03,292.03,0,0,150.0,"[202, 189, 204, 135, 190, 256, 175, 122, 135, 216, 96, 150]",12
20,2492,Desert,Indian,145,388.03,388.03,0,0,55.0,"[53, 69, 54, 42, 28, 54, 42, 95, 27, 69, 13, 55]",12
20,2494,Soup,Thai,145,195.0,196.0,0,0,54.0,"[82, 123, 81, 68, 95, 41, 82, 82, 28, 68, 94, 54]",12
20,2539,Beverages,Thai,145,159.11,158.11,0,0,270.0,"[149, 107, 162, 216, 217, 231, 283, 350, 149, 122, 231, 270]",12
20,2569,Salad,Italian,145,241.53,338.56,0,0,284.0,"[162, 80, 135, 204, 149, 108, 123, 135, 215, 123, 298, 284]",12
20,2577,Starters,Thai,145,320.13,319.13,0,0,54.0,"[96, 96, 67, 94, 163, 82, 67, 67, 54, 54, 82, 54]",12
20,2581,Pizza,Continental,145,562.6,563.6,0,0,122.0,"[68, 161, 175, 81, 82, 81, 123, 553, 379, 188, 135, 122]",12
20,2631,Beverages,Indian,145,163.93,165.93,0,0,122.0,"[162, 54, 94, 148, 148, 94, 41, 94, 68, 108, 80, 122]",12
20,2640,Starters,Thai,145,320.13,320.13,0,0,67.0,"[135, 176, 202, 231, 229, 162, 162, 256, 108, 189, 123, 67]",12
20,2664,Salad,Italian,145,242.53,338.56,0,0,215.0,"[244, 149, 190, 175, 243, 81, 203, 136, 148, 94, 204, 215]",12
20,2704,Other Snacks,Thai,145,319.13,320.13,0,0,54.0,"[107, 175, 136, 258, 244, 203, 136, 175, 94, 149, 107, 54]",12
20,2707,Beverages,Italian,145,239.62,239.62,0,0,431.0,"[649, 68, 609, 555, 582, 500, 580, 527, 744, 527, 715, 431]",12
20,2760,Other Snacks,Thai,145,168.84,243.53,0,0,202.0,"[163, 41, 68, 149, 96, 82, 81, 67, 122, 122, 122, 202]",12
20,2826,Sandwich,Italian,145,377.33,378.33,0,0,230.0,"[298, 244, 256, 311, 447, 216, 256, 190, 215, 352, 269, 230]",12
20,2867,Seafood,Continental,145,726.53,727.53,0,0,27.0,"[68, 215, 135, 41, 15, 54, 28, 13, 13, 176, 95, 27]",12
20,2956,Fish,Continental,145,641.23,641.23,0,0,53.0,"[42, 13, 54, 41, 14, 67, 54, 26, 107, 80, 69, 53]",12
23,1062,Beverages,Italian,145,195.03,194.03,0,0,391.0,"[636, 555, 325, 419, 512, 499, 568, 419, 351, 433, 635, 391]",12
23,1109,Rice Bowl,Indian,145,287.12,288.12,0,0,553.0,"[1108, 742, 485, 541, 514, 784, 581, 541, 675, 770, 620, 553]",12
23,1198,Extras,Thai,145,194.03,194.03,0,0,96.0,"[80, 69, 13, 27, 136, 14, 26, 41, 95, 81, 95, 96]",12
23,1207,Beverages,Continental,145,376.36,378.36,0,0,162.0,"[161, 135, 163, 150, 68, 27, 190, 148, 53, 67, 134, 162]",12
23,1216,Pasta,Italian,145,423.95,422.95,0,0,27.0,"[13, 41, 26, 14, 68, 55, 109, 67, 15, 69, 122, 27]",12
23,1230,Beverages,Continental,145,379.27,381.27,0,0,122.0,"[149, 204, 96, 55, 107, 69, 270, 69, 42, 81, 188, 122]",12
23,1247,Biryani,Indian,145,446.23,446.23,0,0,42.0,"[13, 13, 14, 13, 27, 15, 13, 15, 27, 14, 13, 42]",12
23,1248,Beverages,Indian,145,163.93,163.93,0,0,14.0,"[716, 257, 243, 69, 53, 40, 81, 94, 41, 15, 27, 14]",12
23,1311,Extras,Thai,145,152.35,228.01,0,0,122.0,"[82, 96, 67, 123, 26, 134, 109, 80, 310, 161, 96, 122]",12
23,1438,Soup,Thai,145,195.0,244.5,0,1,190.0,"[351, 447, 420, 432, 350, 419, 256, 177, 257, 298, 296, 190]",12
23,1445,Seafood,Continental,144,484.03,727.53,1,1,243.0,"[555, 14, 14, 231, 217, 14, 13, 27, 53, 28, 325, 243]",12
23,1525,Other Snacks,Thai,145,319.13,321.13,0,0,148.0,"[80, 82, 96, 285, 176, 231, 109, 68, 96, 55, 96, 148]",12
23,1543,Desert,Indian,145,485.03,486.03,0,0,94.0,"[69, 42, 42, 28, 95, 150, 95, 81, 28, 55, 28, 94]",12
23,1558,Pizza,Continental,145,564.6,563.6,0,0,82.0,"[26, 298, 161, 80, 41, 150, 148, 419, 433, 134, 95, 82]",12
23,1571,Fish,Continental,145,640.23,639.23,0,0,81.0,"[94, 136, 95, 94, 40, 217, 188, 108, 41, 69, 107, 81]",12
23,1727,Rice Bowl,Indian,145,466.63,464.63,0,0,229.0,"[499, 1201, 1161, 594, 258, 323, 324, 242, 325, 297, 231, 229]",12
23,1754,Sandwich,Italian,145,318.16,319.16,0,0,392.0,"[405, 728, 555, 203, 231, 500, 701, 391, 512, 433, 580, 392]",12
23,1770,Biryani,Indian,144,485.03,485.03,0,0,14.0,"[14, 27, 28, 14, 27, 14, 27, 14, 28, 28, 15, 14]",12
23,1778,Beverages,Italian,145,182.39,183.39,0,0,269.0,"[769, 756, 447, 392, 526, 431, 609, 473, 431, 715, 567, 269]",12
23,1803,Extras,Thai,145,145.5,228.01,0,0,96.0,"[123, 323, 14, 82, 81, 94, 122, 96, 82, 41, 121, 96]",12
23,1847,Soup,Thai,145,194.0,242.5,0,1,148.0,"[230, 244, 284, 217, 94, 257, 175, 188, 189, 189, 188, 148]",12
23,1878,Starters,Thai,145,321.13,321.13,0,0,41.0,"[14, 28, 14, 26, 27, 15, 26, 27, 55, 40, 41, 41]",12
23,1885,Beverages,Thai,145,160.11,160.11,0,0,501.0,"[474, 458, 379, 337, 446, 541, 621, 486, 431, 674, 432, 501]",12
23,1902,Biryani,Indian,145,447.23,445.23,0,0,26.0,"[40, 13, 15, 13, 15, 26, 15, 27, 13, 15, 13, 26]",12
23,1962,Pizza,Continental,145,562.6,562.6,0,0,202.0,"[230, 527, 377, 96, 136, 189, 324, 932, 634, 284, 203, 202]",12
23,1971,Sandwich,Italian,145,346.35,344.35,0,0,175.0,"[176, 352, 94, 41, 80, 203, 177, 135, 122, 229, 176, 175]",12
23,1993,Beverages,Thai,145,160.11,160.11,0,0,189.0,"[366, 188, 350, 312, 310, 581, 608, 513, 312, 406, 391, 189]",12
23,2126,Pasta,Italian,142,510.25,511.25,0,0,41.0,"[40, 15, 26, 13, 67, 41, 26, 27, 69, 26, 41, 41]",12
23,2139,Beverages,Indian,145,292.03,291.03,0,0,27.0,"[27, 13, 96, 42, 26, 26, 42, 26, 55, 13, 14, 27]",12
23,2290,Rice Bowl,Indian,145,238.62,274.57,0,0,134.0,"[1822, 487, 418, 377, 500, 486, 486, 609, 485, 702, 647, 134]",12
23,2304,Desert,Indian,145,485.03,486.03,0,0,27.0,"[40, 28, 15, 95, 69, 95, 41, 53, 55, 53, 40, 27]",12
23,2306,Pasta,Italian,142,336.62,335.62,0,0,28.0,"[27, 14, 15, 13, 15, 15, 13, 15, 13, 14, 53, 28]",12
23,2322,Beverages,Continental,145,381.24,381.24,0,0,190.0,"[270, 323, 189, 177, 82, 28, 364, 123, 67, 81, 135, 190]",12
23,2444,Seafood,Continental,144,484.03,726.53,1,1,203.0,"[40, 14, 13, 28, 14, 177, 258, 28, 14, 15, 163, 203]",12
23,2490,Salad,Italian,145,291.03,292.03,0,0,162.0,"[310, 541, 298, 188, 148, 256, 837, 256, 136, 175, 217, 162]",12
23,2492,Desert,Indian,145,387.03,388.03,0,0,42.0,"[54, 40, 53, 41, 27, 53, 26, 26, 69, 27, 28, 42]",12
23,2494,Soup,Thai,145,196.0,242.5,0,1,229.0,"[257, 269, 297, 188, 135, 229, 69, 68, 134, 229, 123, 229]",12
23,2539,Beverages,Thai,145,160.11,158.11,0,0,94.0,"[55, 42, 109, 109, 107, 81, 149, 68, 95, 109, 135, 94]",12
23,2569,Salad,Italian,145,242.53,323.07,0,0,310.0,"[188, 188, 204, 149, 123, 202, 148, 54, 80, 285, 594, 310]",12
23,2577,Starters,Thai,145,321.13,321.13,0,0,40.0,"[54, 53, 42, 42, 54, 82, 13, 28, 13, 41, 26, 40]",12
23,2581,Pizza,Continental,145,563.6,562.6,0,0,190.0,"[68, 365, 310, 109, 203, 203, 312, 891, 567, 189, 189, 190]",12
23,2631,Beverages,Indian,145,159.11,160.11,0,0,40.0,"[1241, 1311, 742, 188, 55, 108, 134, 26, 28, 54, 81, 40]",12
23,2640,Starters,Thai,145,321.13,321.13,0,0,13.0,"[55, 28, 14, 14, 42, 53, 41, 40, 55, 81, 40, 13]",12
23,2664,Salad,Italian,145,241.53,322.07,0,0,243.0,"[108, 256, 94, 135, 95, 231, 163, 80, 122, 176, 513, 243]",12
23,2704,Other Snacks,Thai,145,320.13,321.13,0,0,41.0,"[28, 108, 27, 215, 258, 175, 69, 80, 13, 69, 55, 41]",12
23,2707,Beverages,Italian,145,240.62,239.62,0,0,582.0,"[797, 216, 770, 649, 499, 838, 809, 782, 796, 703, 729, 582]",12
23,2760,Other Snacks,Thai,145,163.99,241.53,0,1,162.0,"[82, 15, 96, 26, 96, 67, 41, 54, 53, 55, 177, 162]",12
23,2826,Sandwich,Italian,145,379.33,378.33,0,0,540.0,"[662, 674, 472, 566, 622, 675, 649, 527, 446, 717, 527, 540]",12
23,2867,Seafood,Continental,144,485.03,726.53,1,0,94.0,"[15, 28, 26, 121, 26, 15, 26, 14, 28, 13, 54, 94]",12
23,2956,Fish,Continental,145,640.23,640.23,0,0,27.0,"[69, 55, 15, 53, 53, 41, 82, 54, 54, 53, 55, 27]",12
24,1062,Beverages,Italian,145,191.09,191.09,0,0,782.0,"[892, 959, 1027, 811, 540, 810, 890, 755, 958, 892, 798, 782]",12
24,1109,Rice Bowl,Indian,145,286.21,286.21,0,0,1161.0,"[1579, 1229, 1270, 998, 904, 1013, 1054, 919, 945, 906, 958, 1161]",12
24,1198,Extras,Thai,145,190.12,263.87,0,0,217.0,"[323, 95, 109, 204, 123, 123, 244, 177, 243, 149, 68, 217]",12
24,1207,Beverages,Continental,145,369.57,371.57,0,0,162.0,"[231, 242, 256, 134, 82, 121, 176, 108, 202, 81, 121, 162]",12
24,1216,Pasta,Italian,145,434.56,434.56,0,0,122.0,"[40, 69, 54, 67, 121, 136, 148, 80, 80, 215, 161, 122]",12
24,1230,Beverages,Continental,145,377.36,377.36,0,0,109.0,"[203, 121, 135, 42, 28, 96, 136, 80, 82, 162, 109, 109]",12
24,1247,Biryani,Indian,85,437.53,435.53,0,0,81.0,"[13, 68, 27, 14, 15, 67, 14, 68, 28, 80, 40, 81]",12
24,1248,Beverages,Indian,3,98.0,247.35,0,0,325.0,"[81, 296, 325]",3
24,1311,Extras,Thai,145,155.23,195.03,0,0,148.0,"[177, 82, 215, 257, 189, 188, 377, 230, 324, 189, 189, 148]",12
24,1438,Soup,Thai,145,194.0,195.0,0,0,177.0,"[163, 230, 202, 135, 203, 175, 175, 217, 204, 94, 163, 177]",12
24,1445,Seafood,Continental,145,728.53,728.53,0,0,15.0,"[420, 42, 82, 40, 96, 54, 40, 28, 95, 244, 324, 15]",12
24,1525,Other Snacks,Thai,145,321.13,320.13,0,0,242.0,"[433, 244, 377, 662, 755, 609, 405, 269, 296, 257, 269, 242]",12
24,1543,Desert,Indian,145,484.03,486.03,0,0,229.0,"[270, 177, 82, 404, 311, 269, 176, 203, 175, 243, 338, 229]",12
24,1558,Pizza,Continental,145,564.6,562.6,0,0,123.0,"[134, 418, 296, 95, 135, 161, 189, 728, 784, 215, 270, 123]",12
24,1571,Fish,Continental,145,639.23,639.23,0,0,135.0,"[150, 68, 177, 109, 163, 419, 312, 177, 107, 150, 121, 135]",12
24,1727,Rice Bowl,Indian,145,465.63,465.63,0,0,539.0,"[567, 1486, 1322, 1176, 744, 1025, 1079, 473, 594, 568, 485, 539]",12
24,1754,Sandwich,Italian,145,318.16,319.16,0,0,717.0,"[649, 364, 189, 364, 744, 609, 674, 568, 663, 486, 513, 717]",12
24,1770,Biryani,Indian,145,484.03,486.03,0,0,53.0,"[108, 107, 81, 13, 15, 54, 41, 134, 82, 40, 68, 53]",12
24,1778,Beverages,Italian,145,192.12,192.12,0,0,634.0,"[783, 905, 717, 811, 823, 757, 1094, 796, 877, 959, 998, 634]",12
24,1803,Extras,Thai,145,171.75,215.4,0,0,135.0,"[150, 148, 339, 202, 609, 229, 297, 231, 269, 256, 297, 135]",12
24,1847,Soup,Thai,145,195.0,196.0,0,0,122.0,"[148, 81, 81, 161, 109, 121, 150, 107, 135, 80, 28, 122]",12
24,1878,Starters,Thai,145,320.13,320.13,0,0,67.0,"[136, 134, 135, 136, 135, 123, 231, 122, 134, 136, 150, 67]",12
24,1885,Beverages,Thai,145,159.11,159.11,0,0,1890.0,"[1554, 1891, 1592, 1701, 1581, 1403, 1972, 1877, 1403, 1958, 1984, 1890]",12
24,1902,Biryani,Indian,145,446.23,445.23,0,0,68.0,"[27, 13, 67, 175, 53, 95, 54, 13, 26, 42, 53, 68]",12
24,1962,Pizza,Continental,145,562.6,564.6,0,0,445.0,"[406, 621, 541, 499, 499, 391, 609, 1715, 1363, 378, 406, 445]",12
24,1971,Sandwich,Italian,145,349.2,351.2,0,0,269.0,"[257, 352, 190, 271, 270, 271, 244, 364, 352, 216, 257, 269]",12
24,1993,Beverages,Thai,145,160.11,160.11,0,0,391.0,"[1014, 392, 892, 811, 1000, 825, 1134, 1027, 1025, 1241, 1270, 391]",12
24,2126,Pasta,Italian,145,486.03,484.03,0,0,81.0,"[122, 149, 190, 189, 177, 134, 108, 190, 269, 95, 15, 81]",12
24,2139,Beverages,Indian,145,285.21,285.21,0,0,176.0,"[122, 161, 189, 161, 108, 41, 149, 243, 230, 135, 162, 176]",12
24,2290,Rice Bowl,Indian,145,298.79,297.79,0,0,1053.0,"[3281, 1754, 1323, 1419, 1526, 960, 1214, 1214, 864, 1337, 1040, 1053]",12
24,2304,Desert,Indian,145,485.03,484.03,0,0,149.0,"[149, 123, 27, 231, 229, 175, 188, 123, 96, 122, 162, 149]",12
24,2306,Pasta,Italian,145,244.5,337.62,1,0,217.0,"[42, 81, 163, 15, 55, 134, 161, 14, 94, 80, 41, 217]",12
24,2322,Beverages,Continental,145,379.3,378.3,0,0,202.0,"[94, 189, 258, 242, 109, 82, 311, 162, 134, 175, 204, 202]",12
24,2444,Seafood,Continental,145,726.53,727.53,0,0,41.0,"[365, 338, 122, 40, 26, 55, 13, 54, 28, 392, 323, 41]",12
24,2490,Salad,Italian,145,278.45,276.45,0,0,284.0,"[432, 595, 419, 310, 296, 418, 431, 365, 258, 190, 325, 284]",12
24,2492,Desert,Indian,4,389.03,388.03,0,0,163.0,"[81, 94, 163, 163]",4
24,2494,Soup,Thai,145,195.0,196.0,0,0,215.0,"[217, 188, 230, 175, 136, 150, 204, 189, 244, 204, 256, 215]",12
24,2539,Beverages,Thai,145,159.11,160.11,0,0,351.0,"[256, 80, 350, 364, 393, 257, 447, 393, 419, 527, 404, 351]",12
24,2569,Salad,Italian,145,234.74,314.34,0,0,460.0,"[433, 474, 365, 392, 526, 337, 378, 324, 323, 473, 676, 460]",12
24,2577,Starters,Thai,145,298.82,298.82,0,0,189.0,"[134, 134, 55, 68, 162, 230, 122, 230, 108, 121, 121, 189]",12
24,2581,Pizza,Continental,145,564.6,564.6,0,0,189.0,"[148, 541, 487, 176, 216, 203, 284, 1054, 824, 324, 310, 189]",12
24,2631,Beverages,Indian,134,53.41,86.39,1,0,134.0,"[96, 189, 203, 283, 176, 161, 134, 95, 136, 190, 161, 134]",12
24,2640,Starters,Thai,145,320.13,321.13,0,0,27.0,"[67, 149, 96, 163, 80, 94, 188, 216, 162, 231, 229, 27]",12
24,2664,Salad,Italian,145,243.53,322.1,0,0,728.0,"[298, 391, 352, 418, 269, 217, 406, 242, 419, 446, 674, 728]",12
24,2704,Other Snacks,Thai,145,321.13,320.13,0,0,338.0,"[242, 257, 337, 607, 810, 391, 513, 298, 337, 284, 189, 338]",12
24,2707,Beverages,Italian,145,229.95,228.95,0,0,1012.0,"[1054, 458, 892, 931, 1013, 757, 1160, 1134, 918, 877, 865, 1012]",12
24,2760,Other Snacks,Thai,145,169.78,243.53,0,1,473.0,"[149, 243, 324, 121, 230, 122, 203, 202, 285, 134, 472, 473]",12
24,2826,Sandwich,Italian,145,379.33,377.33,0,0,796.0,"[757, 703, 690, 636, 944, 770, 864, 742, 729, 905, 594, 796]",12
24,2867,Seafood,Continental,145,726.53,727.53,0,0,27.0,"[433, 67, 14, 81, 40, 150, 54, 53, 14, 350, 379, 27]",12
24,2956,Fish,Continental,145,641.23,639.23,0,0,27.0,"[81, 96, 122, 123, 122, 339, 177, 95, 148, 80, 135, 27]",12
26,1062,Beverages,Italian,145,154.26,155.23,1,1,526.0,"[339, 446, 447, 445, 350, 311, 352, 406, 420, 431, 472, 526]",12
26,1109,Rice Bowl,Indian,145,311.43,309.43,0,0,204.0,"[405, 163, 175, 229, 108, 285, 176, 284, 177, 284, 271, 204]",12
26,1207,Beverages,Continental,145,354.05,356.05,0,0,148.0,"[149, 215, 69, 107, 95, 55, 150, 82, 67, 109, 121, 148]",12
26,1216,Pasta,Italian,145,414.25,414.25,0,0,28.0,"[55, 27, 69, 27, 28, 54, 109, 67, 13, 107, 55, 28]",12
26,1230,Beverages,Continental,145,359.87,360.87,0,0,123.0,"[285, 162, 244, 203, 96, 121, 94, 175, 190, 176, 204, 123]",12
26,1247,Biryani,Indian,140,403.58,401.58,0,0,55.0,"[14, 28, 14, 15, 26, 14, 13, 14, 13, 15, 26, 55]",12
26,1248,Beverages,Indian,145,150.41,149.41,0,0,69.0,"[244, 40, 40, 53, 55, 41, 55, 68, 27, 27, 27, 69]",12
26,1445,Seafood,Continental,144,582.03,728.53,1,0,40.0,"[26, 27, 15, 15, 13, 13, 14, 28, 28, 26, 69, 40]",12
26,1525,Other Snacks,Thai,144,319.13,319.13,0,0,27.0,"[14, 15, 13, 13, 27, 15, 14, 14, 53, 28, 14, 27]",12
26,1543,Desert,Indian,145,484.09,483.09,0,0,81.0,"[26, 80, 41, 95, 27, 80, 55, 107, 42, 15, 14, 81]",12
26,1558,Pizza,Continental,145,548.08,547.08,0,0,54.0,"[122, 242, 270, 95, 80, 80, 188, 392, 109, 176, 163, 54]",12
26,1727,Rice Bowl,Indian,145,446.23,446.23,0,0,189.0,"[285, 500, 540, 311, 297, 311, 203, 68, 177, 177, 243, 189]",12
26,1754,Sandwich,Italian,145,330.83,329.83,0,0,285.0,"[325, 474, 324, 258, 258, 377, 404, 391, 269, 337, 351, 285]",12
26,1770,Biryani,Indian,143,485.03,486.03,0,0,15.0,"[14, 13, 15, 13, 13, 13, 14, 13, 13, 13, 28, 15]",12
26,1778,Beverages,Italian,145,154.23,175.6,1,1,350.0,"[460, 351, 393, 325, 189, 257, 271, 177, 377, 258, 298, 350]",12
26,1878,Starters,Thai,145,319.13,321.13,0,0,80.0,"[80, 27, 26, 96, 15, 40, 27, 41, 15, 13, 14, 80]",12
26,1885,Beverages,Thai,145,138.74,139.74,0,0,202.0,"[204, 189, 135, 161, 149, 149, 284, 271, 242, 148, 162, 202]",12
26,1902,Biryani,Indian,141,445.23,446.23,0,0,14.0,"[14, 13, 14, 13, 14, 26, 27, 15, 13, 28, 28, 14]",12
26,1962,Pizza,Continental,145,549.08,548.08,0,0,41.0,"[188, 242, 324, 107, 55, 67, 203, 486, 175, 81, 177, 41]",12
26,1971,Sandwich,Italian,145,328.86,329.86,0,0,135.0,"[134, 244, 95, 26, 13, 134, 53, 82, 80, 53, 122, 135]",12
26,1993,Beverages,Thai,145,131.92,132.92,0,0,203.0,"[365, 217, 284, 271, 270, 188, 325, 256, 177, 189, 215, 203]",12
26,2126,Pasta,Italian,145,436.53,508.31,0,0,42.0,"[69, 15, 26, 95, 40, 15, 27, 26, 14, 42, 27, 42]",12
26,2139,Beverages,Indian,145,260.93,260.93,0,0,28.0,"[26, 41, 41, 15, 26, 15, 28, 53, 42, 13, 54, 28]",12
26,2290,Rice Bowl,Indian,145,271.63,270.63,0,0,148.0,"[1878, 204, 406, 339, 284, 365, 339, 365, 283, 378, 377, 148]",12
26,2304,Desert,Indian,145,482.09,484.09,0,0,41.0,"[27, 27, 15, 26, 82, 53, 108, 13, 13, 40, 14, 41]",12
26,2306,Pasta,Italian,144,291.03,336.62,0,0,15.0,"[40, 40, 26, 13, 13, 15, 27, 28, 81, 107, 14, 15]",12
26,2322,Beverages,Continental,145,350.17,350.17,0,0,148.0,"[108, 163, 203, 96, 68, 55, 242, 162, 122, 55, 150, 148]",12
26,2444,Seafood,Continental,144,582.03,727.53,1,0,55.0,"[150, 13, 14, 15, 41, 55, 27, 42, 13, 15, 26, 55]",12
26,2490,Salad,Italian,145,292.03,292.03,0,0,96.0,"[204, 203, 176, 285, 96, 188, 701, 177, 161, 175, 190, 96]",12
26,2492,Desert,Indian,145,456.93,456.93,0,0,40.0,"[15, 27, 123, 15, 40, 94, 26, 67, 28, 95, 14, 40]",12
26,2539,Beverages,Thai,145,143.56,145.56,0,0,40.0,"[53, 26, 68, 68, 42, 26, 68, 80, 15, 53, 53, 40]",12
26,2569,Salad,Italian,145,243.5,323.07,0,0,458.0,"[339, 285, 242, 231, 189, 379, 406, 162, 162, 311, 661, 458]",12
26,2577,Starters,Thai,85,194.03,282.33,1,0,41.0,"[14, 13, 14, 13, 15, 14, 54, 15, 14, 15, 13, 41]",12
26,2581,Pizza,Continental,145,547.08,548.08,0,0,161.0,"[122, 230, 242, 162, 67, 175, 229, 325, 162, 161, 95, 161]",12
26,2631,Beverages,Indian,145,149.38,149.38,0,0,55.0,"[189, 163, 28, 149, 80, 68, 121, 80, 96, 67, 54, 55]",12
26,2640,Starters,Thai,145,319.13,319.13,0,0,15.0,"[14, 80, 13, 69, 95, 53, 55, 69, 82, 40, 95, 15]",12
26,2664,Salad,Italian,145,248.35,321.07,0,0,460.0,"[366, 312, 188, 270, 175, 339, 177, 109, 310, 432, 512, 460]",12
26,2704,Other Snacks,Thai,145,320.13,319.13,0,0,28.0,"[26, 15, 55, 13, 40, 26, 96, 28, 28, 15, 15, 28]",12
26,2707,Beverages,Italian,145,202.76,236.74,0,0,243.0,"[310, 136, 258, 217, 177, 202, 203, 270, 136, 189, 203, 243]",12
26,2760,Other Snacks,Thai,145,182.36,260.93,0,0,55.0,"[55, 53, 14, 26, 55, 54, 27, 14, 42, 14, 53, 55]",12
26,2826,Sandwich,Italian,145,325.92,325.92,0,0,94.0,"[217, 230, 177, 68, 67, 270, 150, 122, 176, 230, 94, 94]",12
26,2867,Seafood,Continental,144,581.03,728.53,1,0,27.0,"[40, 15, 13, 13, 54, 68, 14, 13, 14, 15, 54, 27]",12
27,1062,Beverages,Italian,145,192.12,190.12,0,0,783.0,"[1000, 607, 647, 648, 541, 620, 798, 715, 662, 850, 674, 783]",12
27,1109,Rice Bowl,Indian,145,299.79,299.79,0,0,1094.0,"[1310, 797, 852, 593, 918, 917, 1040, 823, 878, 959, 1027, 1094]",12
27,1198,Extras,Thai,145,171.75,189.18,0,0,27.0,"[109, 122, 80, 69, 53, 26, 82, 53, 82, 108, 121, 27]",12
27,1207,Beverages,Continental,145,389.0,388.0,0,0,81.0,"[229, 230, 202, 121, 27, 55, 203, 27, 136, 229, 149, 81]",12
27,1216,Pasta,Italian,145,436.56,434.56,0,0,69.0,"[54, 67, 55, 67, 68, 95, 136, 55, 53, 162, 94, 69]",12
27,1230,Beverages,Continental,145,385.12,384.12,0,0,176.0,"[81, 162, 150, 149, 42, 53, 148, 123, 148, 177, 148, 176]",12
27,1247,Biryani,Indian,145,445.23,446.23,0,0,26.0,"[13, 15, 42, 14, 14, 26, 27, 55, 15, 14, 14, 26]",12
27,1248,Beverages,Indian,145,165.93,165.93,0,0,108.0,"[163, 203, 189, 136, 122, 82, 68, 80, 67, 68, 40, 108]",12
27,1311,Extras,Thai,145,171.75,297.85,0,0,28.0,"[136, 96, 134, 81, 121, 53, 67, 42, 109, 81, 41, 28]",12
27,1438,Soup,Thai,145,196.0,194.0,0,0,324.0,"[190, 298, 244, 256, 243, 215, 311, 311, 177, 256, 311, 324]",12
27,1445,Seafood,Continental,145,667.39,666.39,0,0,53.0,"[256, 229, 40, 28, 41, 15, 26, 28, 13, 391, 231, 53]",12
27,1525,Other Snacks,Thai,145,320.13,319.13,0,0,203.0,"[161, 283, 258, 231, 175, 188, 162, 177, 189, 135, 108, 203]",12
27,1543,Desert,Indian,145,486.03,485.03,0,0,135.0,"[26, 81, 27, 121, 176, 189, 80, 107, 122, 69, 67, 135]",12
27,1558,Pizza,Continental,145,564.6,548.08,0,1,135.0,"[109, 338, 283, 40, 121, 123, 135, 567, 580, 135, 230, 135]",12
27,1571,Fish,Continental,145,641.23,641.23,0,0,96.0,"[94, 53, 121, 162, 67, 121, 203, 121, 13, 54, 80, 96]",12
27,1727,Rice Bowl,Indian,145,466.63,464.63,0,0,377.0,"[501, 1445, 1188, 1700, 744, 418, 338, 338, 379, 351, 420, 377]",12
27,1754,Sandwich,Italian,145,318.16,318.16,0,0,554.0,"[541, 621, 798, 379, 459, 635, 621, 350, 527, 514, 460, 554]",12
27,1770,Biryani,Indian,145,486.03,484.03,0,0,41.0,"[15, 26, 28, 28, 54, 69, 14, 15, 13, 15, 15, 41]",12
27,1778,Beverages,Italian,145,192.12,191.12,0,0,717.0,"[690, 581, 553, 501, 609, 702, 1241, 689, 663, 770, 783, 717]",12
27,1803,Extras,Thai,145,155.23,272.63,0,0,297.0,"[134, 67, 202, 54, 55, 41, 121, 82, 134, 176, 68, 297]",12
27,1847,Soup,Thai,145,196.0,196.0,0,0,175.0,"[189, 188, 216, 175, 176, 204, 216, 163, 190, 244, 108, 175]",12
27,1878,Starters,Thai,145,319.13,320.13,0,0,68.0,"[53, 109, 69, 67, 26, 53, 95, 109, 15, 54, 27, 68]",12
27,1885,Beverages,Thai,145,159.11,151.35,0,1,1540.0,"[1823, 1608, 1674, 1608, 1417, 1567, 1553, 1446, 1552, 1742, 1743, 1540]",12
27,1902,Biryani,Indian,144,447.23,446.23,0,0,15.0,"[15, 27, 28, 13, 41, 41, 13, 55, 42, 14, 40, 15]",12
27,1962,Pizza,Continental,145,563.6,562.6,0,0,339.0,"[190, 622, 337, 311, 284, 257, 285, 1094, 728, 311, 284, 339]",12
27,1971,Sandwich,Italian,145,344.35,346.35,0,0,149.0,"[136, 202, 190, 40, 67, 163, 188, 40, 217, 123, 161, 149]",12
27,1993,Beverages,Thai,145,156.17,151.38,0,1,337.0,"[987, 378, 1081, 1052, 864, 838, 1187, 1108, 1255, 986, 1094, 337]",12
27,2126,Pasta,Italian,142,507.31,509.31,0,0,28.0,"[96, 53, 81, 41, 27, 27, 69, 121, 80, 53, 40, 28]",12
27,2139,Beverages,Indian,145,292.03,292.03,0,0,82.0,"[82, 81, 82, 40, 27, 41, 53, 42, 42, 26, 95, 82]",12
27,2290,Rice Bowl,Indian,145,298.79,298.79,0,0,635.0,"[3457, 1079, 1053, 742, 1214, 1230, 1284, 796, 728, 1255, 1107, 635]",12
27,2304,Desert,Indian,145,484.03,484.03,0,0,80.0,"[54, 27, 81, 149, 177, 55, 81, 81, 55, 67, 53, 80]",12
27,2306,Pasta,Italian,145,244.5,335.62,1,0,135.0,"[27, 14, 27, 13, 68, 149, 69, 14, 54, 14, 13, 135]",12
27,2322,Beverages,Continental,145,380.24,380.24,0,0,258.0,"[188, 284, 324, 244, 108, 67, 108, 150, 175, 162, 217, 258]",12
27,2444,Seafood,Continental,145,728.53,727.53,0,0,26.0,"[190, 338, 40, 13, 54, 14, 26, 40, 15, 189, 215, 26]",12
27,2490,Salad,Italian,145,292.03,291.03,0,0,69.0,"[285, 243, 378, 256, 271, 364, 716, 269, 202, 256, 190, 69]",12
27,2492,Desert,Indian,145,389.03,387.03,0,0,40.0,"[123, 40, 41, 81, 55, 27, 40, 80, 94, 69, 26, 40]",12
27,2494,Soup,Thai,145,196.0,196.0,0,0,405.0,"[405, 310, 270, 256, 257, 377, 500, 418, 364, 258, 393, 405]",12
27,2539,Beverages,Thai,145,158.14,158.14,0,0,244.0,"[244, 108, 338, 217, 270, 366, 284, 350, 283, 176, 163, 244]",12
27,2569,Salad,Italian,145,245.47,338.56,0,0,798.0,"[472, 296, 271, 203, 176, 243, 311, 284, 243, 337, 863, 798]",12
27,2577,Starters,Thai,145,320.13,321.13,0,0,26.0,"[123, 69, 54, 108, 95, 68, 81, 26, 69, 26, 107, 26]",12
27,2581,Pizza,Continental,145,563.6,562.6,0,0,324.0,"[244, 458, 393, 175, 230, 284, 243, 1041, 729, 189, 270, 324]",12
27,2631,Beverages,Indian,145,162.02,162.02,0,0,81.0,"[189, 231, 136, 134, 54, 148, 108, 108, 80, 68, 13, 81]",12
27,2640,Starters,Thai,145,319.13,320.13,0,0,28.0,"[96, 55, 69, 96, 54, 107, 95, 121, 122, 81, 95, 28]",12
27,2664,Salad,Italian,145,224.13,337.56,0,0,473.0,"[350, 270, 312, 244, 229, 202, 176, 177, 162, 163, 851, 473]",12
27,2704,Other Snacks,Thai,145,320.13,321.13,0,0,28.0,"[55, 94, 54, 298, 190, 136, 94, 135, 108, 80, 81, 28]",12
27,2707,Beverages,Italian,145,234.8,232.8,0,0,1203.0,"[1067, 365, 1094, 890, 728, 1025, 1188, 1081, 1013, 1093, 863, 1203]",12
27,2760,Other Snacks,Thai,145,163.99,242.53,0,1,256.0,"[41, 68, 82, 54, 69, 96, 148, 54, 96, 94, 296, 256]",12
27,2826,Sandwich,Italian,145,375.45,375.45,0,0,580.0,"[500, 620, 663, 512, 649, 688, 647, 567, 405, 595, 621, 580]",12
27,2867,Seafood,Continental,145,726.53,727.53,0,0,13.0,"[68, 177, 81, 69, 40, 15, 42, 13, 14, 176, 203, 13]",12
27,2956,Fish,Continental,145,640.23,640.23,0,0,28.0,"[95, 68, 122, 42, 42, 69, 163, 96, 108, 42, 55, 28]",12
29,1062,Beverages,Italian,145,157.2,178.51,1,1,487.0,"[258, 242, 283, 162, 258, 283, 229, 350, 431, 622, 352, 487]",12
29,1109,Rice Bowl,Indian,145,275.48,275.48,0,0,243.0,"[863, 176, 244, 243, 243, 323, 485, 148, 189, 216, 325, 243]",12
29,1207,Beverages,Continental,145,369.63,368.63,0,0,27.0,"[69, 41, 121, 55, 68, 42, 82, 55, 67, 27, 13, 27]",12
29,1216,Pasta,Italian,145,417.13,417.13,0,0,26.0,"[14, 15, 95, 54, 28, 175, 325, 40, 42, 202, 190, 26]",12
29,1230,Beverages,Continental,145,352.14,353.14,0,0,41.0,"[243, 82, 122, 94, 54, 26, 82, 81, 55, 13, 53, 41]",12
29,1247,Biryani,Indian,144,447.23,446.23,0,0,13.0,"[26, 41, 14, 15, 27, 14, 14, 15, 14, 15, 27, 13]",12
29,1248,Beverages,Indian,145,146.5,146.5,0,0,28.0,"[42, 176, 67, 26, 67, 28, 69, 40, 27, 53, 41, 28]",12
29,1445,Seafood,Continental,145,727.53,726.53,0,0,15.0,"[26, 41, 14, 14, 54, 123, 13, 13, 14, 55, 40, 15]",12
29,1525,Other Snacks,Thai,145,320.13,320.13,0,0,28.0,"[14, 41, 27, 15, 41, 26, 41, 13, 26, 27, 55, 28]",12
29,1543,Desert,Indian,145,484.09,484.09,0,0,53.0,"[107, 82, 69, 270, 176, 150, 14, 53, 40, 69, 54, 53]",12
29,1558,Pizza,Continental,145,512.19,512.19,0,0,41.0,"[96, 285, 148, 215, 109, 148, 163, 203, 243, 136, 269, 41]",12
29,1571,Fish,Continental,145,582.03,583.03,0,0,41.0,"[53, 14, 53, 28, 14, 28, 15, 28, 53, 28, 14, 41]",12
29,1727,Rice Bowl,Indian,145,422.95,422.95,0,0,215.0,"[514, 500, 661, 487, 231, 391, 230, 189, 149, 175, 108, 215]",12
29,1754,Sandwich,Italian,145,286.18,287.18,0,0,782.0,"[986, 878, 1270, 689, 717, 863, 890, 622, 621, 906, 836, 782]",12
29,1770,Biryani,Indian,145,425.83,484.03,0,0,26.0,"[13, 13, 28, 13, 27, 15, 13, 15, 26, 14, 13, 26]",12
29,1778,Beverages,Italian,145,164.93,155.26,1,0,122.0,"[230, 243, 270, 109, 163, 163, 136, 136, 121, 96, 188, 122]",12
29,1878,Starters,Thai,145,319.13,321.13,0,0,42.0,"[13, 53, 13, 40, 26, 42, 26, 14, 54, 54, 27, 42]",12
29,1885,Beverages,Thai,145,121.25,122.25,0,0,150.0,"[202, 243, 81, 258, 108, 176, 163, 176, 96, 176, 136, 150]",12
29,1902,Biryani,Indian,140,445.23,445.23,0,0,13.0,"[14, 14, 26, 41, 14, 14, 40, 15, 15, 53, 41, 13]",12
29,1962,Pizza,Continental,145,513.19,513.19,0,0,69.0,"[123, 242, 364, 204, 13, 82, 109, 406, 366, 122, 134, 69]",12
29,1971,Sandwich,Italian,145,291.06,289.06,0,0,149.0,"[431, 622, 284, 95, 135, 258, 189, 269, 420, 297, 188, 149]",12
29,1993,Beverages,Thai,145,121.28,120.28,0,0,148.0,"[215, 67, 217, 190, 107, 150, 217, 231, 163, 217, 175, 148]",12
29,2104,Fish,Continental,145,582.03,581.03,0,0,55.0,"[53, 96, 81, 54, 14, 40, 13, 15, 27, 26, 26, 55]",12
29,2126,Pasta,Italian,145,508.31,507.31,0,1,14.0,"[53, 41, 82, 42, 54, 26, 95, 54, 26, 26, 13, 14]",12
29,2139,Beverages,Indian,145,287.15,288.15,0,0,96.0,"[41, 55, 94, 40, 15, 80, 14, 28, 67, 13, 27, 96]",12
29,2290,Rice Bowl,Indian,145,247.35,247.35,0,0,284.0,"[2606, 487, 351, 378, 636, 620, 824, 663, 782, 513, 607, 284]",12
29,2304,Desert,Indian,145,483.09,482.09,0,0,28.0,"[13, 53, 53, 55, 203, 95, 26, 15, 28, 41, 41, 28]",12
29,2306,Pasta,Italian,145,242.53,335.62,1,0,55.0,"[53, 28, 13, 14, 27, 28, 26, 55, 13, 14, 13, 55]",12
29,2322,Beverages,Continental,145,353.08,354.08,0,0,68.0,"[80, 54, 67, 53, 107, 28, 134, 40, 121, 80, 81, 68]",12
29,2444,Seafood,Continental,144,582.03,726.53,1,0,14.0,"[15, 161, 122, 13, 15, 68, 15, 14, 13, 27, 14, 14]",12
29,2490,Salad,Italian,145,279.36,279.36,0,0,217.0,"[350, 325, 217, 269, 177, 217, 661, 149, 136, 121, 325, 217]",12
29,2492,Desert,Indian,145,447.23,446.23,0,0,28.0,"[122, 134, 82, 26, 55, 28, 95, 40, 27, 28, 28, 28]",12
29,2539,Beverages,Thai,145,121.31,120.31,0,0,122.0,"[189, 54, 108, 80, 68, 67, 162, 163, 42, 82, 68, 122]",12
29,2569,Salad,Italian,145,245.47,340.53,0,0,406.0,"[811, 541, 634, 391, 432, 756, 460, 445, 526, 877, 622, 406]",12
29,2577,Starters,Thai,145,321.13,319.13,0,0,42.0,"[42, 13, 15, 28, 13, 15, 13, 27, 27, 13, 69, 42]",12
29,2581,Pizza,Continental,145,512.19,512.19,0,0,150.0,"[108, 217, 190, 94, 67, 121, 94, 204, 203, 107, 95, 150]",12
29,2631,Beverages,Indian,145,149.38,149.38,0,0,123.0,"[243, 148, 216, 203, 135, 134, 81, 81, 28, 68, 67, 123]",12
29,2640,Starters,Thai,145,321.13,319.13,0,0,41.0,"[15, 55, 15, 28, 41, 54, 28, 55, 68, 42, 82, 41]",12
29,2664,Salad,Italian,145,248.38,340.53,0,0,297.0,"[594, 433, 242, 310, 312, 621, 324, 365, 323, 661, 365, 297]",12
29,2704,Other Snacks,Thai,145,320.13,320.13,0,0,41.0,"[40, 26, 28, 42, 27, 27, 69, 15, 55, 54, 14, 41]",12
29,2707,Beverages,Italian,145,200.82,200.82,0,0,188.0,"[312, 190, 217, 391, 122, 296, 135, 148, 243, 217, 420, 188]",12
29,2760,Other Snacks,Thai,145,182.36,260.93,0,0,69.0,"[67, 68, 13, 27, 26, 28, 68, 42, 53, 42, 42, 69]",12
29,2826,Sandwich,Italian,145,327.92,325.92,0,0,109.0,"[378, 364, 297, 215, 107, 406, 244, 217, 216, 284, 190, 109]",12
29,2867,Seafood,Continental,140,726.53,727.53,0,0,40.0,"[14, 40, 15, 26, 14, 13, 15, 14, 14, 28, 42, 40]",12
29,2956,Fish,Continental,141,581.03,582.03,0,0,13.0,"[15, 15, 13, 14, 15, 15, 68, 27, 13, 14, 28, 13]",12
30,1062,Beverages,Italian,145,189.18,189.18,0,0,582.0,"[404, 365, 311, 337, 324, 432, 474, 499, 459, 501, 404, 582]",12
30,1109,Rice Bowl,Indian,145,265.81,265.81,0,0,661.0,"[703, 540, 663, 539, 621, 594, 890, 581, 593, 675, 783, 661]",12
30,1198,Extras,Thai,145,203.73,243.53,0,0,123.0,"[256, 162, 108, 269, 80, 163, 96, 243, 148, 215, 229, 123]",12
30,1207,Beverages,Continental,145,384.15,384.15,0,0,149.0,"[123, 163, 82, 108, 15, 41, 202, 109, 94, 55, 161, 149]",12
30,1216,Pasta,Italian,145,416.13,416.13,0,0,27.0,"[69, 53, 15, 41, 69, 55, 135, 27, 26, 53, 149, 27]",12
30,1230,Beverages,Continental,145,388.0,388.0,0,0,55.0,"[136, 148, 82, 53, 108, 53, 69, 123, 123, 96, 109, 55]",12
30,1247,Biryani,Indian,145,446.23,445.23,0,0,14.0,"[14, 13, 13, 55, 53, 13, 54, 42, 26, 55, 14, 14]",12
30,1248,Beverages,Indian,145,164.93,163.93,0,0,28.0,"[149, 123, 81, 94, 150, 53, 41, 13, 96, 27, 96, 28]",12
30,1311,Extras,Thai,145,170.75,339.53,0,0,296.0,"[203, 256, 136, 270, 243, 230, 13, 188, 298, 150, 176, 296]",12
30,1438,Soup,Thai,145,194.0,195.0,0,0,68.0,"[67, 55, 69, 54, 188, 69, 135, 109, 42, 81, 94, 68]",12
30,1445,Seafood,Continental,145,728.53,727.53,0,0,41.0,"[41, 258, 404, 54, 68, 55, 67, 14, 13, 378, 283, 41]",12
30,1525,Other Snacks,Thai,145,320.13,321.13,0,0,256.0,"[189, 94, 163, 566, 649, 458, 215, 242, 176, 162, 41, 256]",12
30,1543,Desert,Indian,145,486.03,486.03,0,0,135.0,"[54, 67, 68, 256, 149, 94, 55, 27, 55, 27, 67, 135]",12
30,1558,Pizza,Continental,145,562.6,563.6,0,0,162.0,"[161, 350, 177, 122, 134, 162, 148, 675, 689, 177, 162, 162]",12
30,1571,Fish,Continental,145,641.23,641.23,0,0,26.0,"[82, 82, 13, 26, 26, 96, 161, 68, 109, 27, 28, 26]",12
30,1727,Rice Bowl,Indian,145,465.63,464.63,0,0,256.0,"[392, 1392, 1162, 959, 365, 392, 337, 284, 269, 420, 271, 256]",12
30,1754,Sandwich,Italian,145,320.16,318.16,0,0,620.0,"[514, 647, 324, 420, 581, 621, 809, 715, 620, 622, 581, 620]",12
30,1770,Biryani,Indian,145,485.03,485.03,0,0,13.0,"[41, 41, 15, 26, 15, 28, 54, 27, 13, 41, 15, 13]",12
30,1778,Beverages,Italian,145,189.21,187.21,0,0,474.0,"[393, 566, 258, 325, 446, 339, 594, 377, 555, 607, 378, 474]",12
30,1803,Extras,Thai,145,193.03,194.03,0,0,190.0,"[162, 161, 82, 242, 231, 256, 243, 297, 285, 242, 351, 190]",12
30,1847,Soup,Thai,145,195.0,195.0,0,0,123.0,"[150, 148, 81, 68, 176, 123, 148, 54, 121, 82, 149, 123]",12
30,1878,Starters,Thai,145,321.13,320.13,0,0,96.0,"[148, 69, 42, 40, 96, 42, 149, 94, 148, 53, 42, 96]",12
30,1885,Beverages,Thai,145,158.11,159.11,0,0,932.0,"[1106, 1093, 771, 946, 1134, 647, 1241, 932, 1122, 1012, 1147, 932]",12
30,1902,Biryani,Indian,145,447.23,447.23,0,0,67.0,"[28, 14, 26, 13, 42, 40, 13, 42, 40, 14, 28, 67]",12
30,1962,Pizza,Continental,145,563.6,564.6,0,0,258.0,"[377, 852, 566, 312, 270, 377, 609, 931, 1283, 175, 257, 258]",12
30,1971,Sandwich,Italian,145,345.35,344.35,0,0,176.0,"[204, 298, 284, 149, 122, 244, 271, 242, 149, 256, 188, 176]",12
30,1993,Beverages,Thai,145,160.11,160.11,0,0,323.0,"[649, 312, 771, 715, 607, 837, 824, 825, 811, 797, 648, 323]",12
30,2126,Pasta,Italian,145,485.03,509.31,0,1,53.0,"[55, 15, 53, 68, 94, 55, 54, 94, 14, 15, 27, 53]",12
30,2139,Beverages,Indian,145,291.03,292.03,0,0,54.0,"[14, 53, 41, 42, 14, 14, 28, 107, 67, 53, 28, 54]",12
30,2290,Rice Bowl,Indian,145,285.18,287.18,0,0,312.0,"[2024, 404, 445, 270, 474, 473, 582, 582, 513, 594, 406, 312]",12
30,2304,Desert,Indian,145,484.03,485.03,0,0,54.0,"[55, 40, 28, 217, 82, 41, 26, 67, 15, 40, 13, 54]",12
30,2306,Pasta,Italian,145,243.5,335.62,1,0,136.0,"[53, 54, 14, 13, 14, 42, 68, 53, 42, 42, 13, 136]",12
30,2322,Beverages,Continental,145,389.0,388.0,0,0,217.0,"[162, 231, 285, 188, 53, 95, 285, 377, 217, 257, 231, 217]",12
30,2444,Seafood,Continental,145,726.53,727.53,0,0,26.0,"[566, 283, 41, 41, 40, 96, 26, 80, 42, 312, 243, 26]",12
30,2490,Salad,Italian,145,292.03,290.03,0,0,256.0,"[325, 567, 297, 404, 311, 485, 459, 312, 257, 310, 283, 256]",12
30,2492,Desert,Indian,145,388.03,388.03,0,0,27.0,"[161, 190, 109, 68, 13, 27, 80, 94, 107, 81, 13, 27]",12
30,2494,Soup,Thai,145,195.0,195.0,0,0,94.0,"[82, 42, 42, 42, 54, 13, 55, 27, 27, 41, 54, 94]",12
30,2539,Beverages,Thai,145,158.11,158.11,0,0,379.0,"[379, 135, 406, 392, 445, 499, 339, 350, 620, 379, 296, 379]",12
30,2569,Salad,Italian,145,246.41,335.62,0,0,312.0,"[324, 258, 216, 108, 122, 244, 215, 190, 40, 257, 837, 312]",12
30,2577,Starters,Thai,145,319.13,320.13,0,0,67.0,"[108, 81, 41, 55, 163, 69, 53, 95, 136, 96, 150, 67]",12
30,2581,Pizza,Continental,145,563.6,562.6,0,0,189.0,"[217, 378, 379, 148, 285, 283, 310, 581, 850, 150, 161, 189]",12
30,2631,Beverages,Indian,145,165.93,164.93,0,0,67.0,"[243, 28, 203, 149, 123, 108, 69, 67, 121, 96, 80, 67]",12
30,2640,Starters,Thai,145,321.13,319.13,0,0,109.0,"[96, 107, 162, 121, 204, 190, 204, 175, 95, 217, 108, 109]",12
30,2664,Salad,Italian,145,248.35,338.56,0,0,229.0,"[298, 216, 229, 27, 80, 122, 135, 82, 134, 177, 582, 229]",12
30,2704,Other Snacks,Thai,145,321.13,319.13,0,0,68.0,"[95, 80, 107, 243, 325, 364, 204, 190, 189, 162, 188, 68]",12
30,2707,Beverages,Italian,145,236.68,238.68,0,0,648.0,"[404, 216, 445, 528, 742, 540, 635, 500, 472, 662, 595, 648]",12
30,2760,Other Snacks,Thai,145,161.99,242.53,0,0,190.0,"[176, 28, 122, 69, 42, 109, 109, 162, 135, 13, 366, 190]",12
30,2826,Sandwich,Italian,145,377.33,378.33,0,0,364.0,"[405, 296, 418, 501, 487, 500, 487, 258, 472, 351, 486, 364]",12
30,2867,Seafood,Continental,145,728.53,727.53,0,0,41.0,"[296, 189, 27, 26, 54, 15, 27, 26, 14, 150, 121, 41]",12
30,2956,Fish,Continental,145,641.23,639.23,0,0,15.0,"[28, 40, 55, 15, 81, 69, 95, 15, 54, 55, 53, 15]",12
32,1062,Beverages,Italian,145,156.2,155.2,1,0,338.0,"[284, 257, 339, 365, 216, 244, 188, 419, 257, 310, 258, 338]",12
32,1109,Rice Bowl,Indian,145,298.76,300.76,0,0,378.0,"[460, 323, 339, 393, 352, 405, 485, 298, 404, 431, 418, 378]",12
32,1207,Beverages,Continental,145,369.63,367.63,0,0,108.0,"[122, 190, 189, 136, 53, 107, 271, 204, 150, 108, 135, 108]",12
32,1216,Pasta,Italian,145,395.79,396.79,0,0,82.0,"[13, 28, 80, 14, 55, 80, 27, 28, 28, 80, 40, 82]",12
32,1230,Beverages,Continental,145,369.63,369.63,0,0,107.0,"[163, 162, 190, 190, 135, 108, 215, 257, 109, 67, 163, 107]",12
32,1247,Biryani,Indian,144,446.23,447.23,0,0,42.0,"[40, 28, 26, 27, 40, 26, 28, 14, 26, 27, 14, 42]",12
32,1248,Beverages,Indian,145,155.26,155.26,0,0,13.0,"[15, 68, 80, 14, 95, 55, 123, 67, 27, 81, 14, 13]",12
32,1445,Seafood,Continental,144,582.03,727.53,1,0,122.0,"[230, 148, 42, 82, 81, 68, 26, 26, 54, 14, 107, 122]",12
32,1525,Other Snacks,Thai,145,319.13,319.13,0,0,81.0,"[69, 41, 14, 121, 68, 109, 94, 69, 136, 26, 40, 81]",12
32,1543,Desert,Indian,145,483.09,483.09,0,0,163.0,"[41, 95, 80, 243, 242, 163, 94, 177, 122, 54, 54, 163]",12
32,1558,Pizza,Continental,145,513.19,511.19,0,0,175.0,"[122, 270, 176, 108, 135, 190, 202, 459, 365, 202, 216, 175]",12
32,1571,Fish,Continental,145,582.03,581.03,0,0,134.0,"[40, 68, 26, 96, 107, 176, 163, 123, 95, 41, 136, 134]",12
32,1727,Rice Bowl,Indian,145,423.95,422.95,0,0,244.0,"[324, 608, 836, 663, 243, 339, 311, 366, 337, 270, 229, 244]",12
32,1754,Sandwich,Italian,145,292.03,291.03,0,0,797.0,"[661, 702, 513, 824, 458, 649, 432, 771, 555, 701, 743, 797]",12
32,1770,Biryani,Indian,142,484.03,484.03,0,0,15.0,"[14, 15, 40, 28, 14, 26, 42, 15, 14, 14, 14, 15]",12
32,1778,Beverages,Italian,145,156.17,155.23,1,0,244.0,"[243, 149, 258, 243, 162, 189, 244, 242, 298, 296, 323, 244]",12
32,1878,Starters,Thai,145,319.13,321.13,0,0,67.0,"[69, 69, 80, 135, 94, 80, 40, 96, 54, 107, 123, 67]",12
32,1885,Beverages,Thai,145,118.37,118.37,0,0,324.0,"[377, 175, 338, 190, 203, 257, 310, 68, 352, 311, 432, 324]",12
32,1902,Biryani,Indian,145,445.23,446.23,0,0,28.0,"[26, 13, 41, 26, 27, 69, 55, 40, 27, 28, 13, 28]",12
32,1962,Pizza,Continental,145,512.19,513.19,0,0,256.0,"[271, 351, 323, 242, 215, 366, 217, 337, 420, 204, 366, 256]",12
32,1971,Sandwich,Italian,145,291.06,291.06,0,0,377.0,"[310, 391, 297, 215, 257, 350, 311, 366, 230, 311, 378, 377]",12
32,1993,Beverages,Thai,145,120.34,118.34,0,0,310.0,"[567, 161, 406, 474, 311, 297, 337, 391, 419, 458, 405, 310]",12
32,2104,Fish,Continental,145,582.03,582.03,0,0,135.0,"[28, 96, 188, 107, 54, 243, 215, 109, 121, 189, 163, 135]",12
32,2126,Pasta,Italian,145,435.53,509.31,0,1,40.0,"[82, 53, 69, 42, 80, 40, 81, 55, 80, 67, 28, 40]",12
32,2139,Beverages,Indian,145,287.15,288.15,0,0,94.0,"[53, 95, 41, 68, 68, 41, 27, 26, 42, 41, 82, 94]",12
32,2290,Rice Bowl,Indian,145,261.96,261.96,0,0,338.0,"[3295, 744, 608, 459, 703, 674, 661, 554, 485, 877, 716, 338]",12
32,2304,Desert,Indian,145,484.09,482.09,0,0,68.0,"[27, 13, 41, 231, 68, 67, 69, 54, 41, 54, 26, 68]",12
32,2306,Pasta,Italian,145,243.53,337.62,1,0,27.0,"[26, 13, 41, 28, 55, 28, 68, 67, 40, 27, 13, 27]",12
32,2322,Beverages,Continental,145,358.96,356.96,0,0,121.0,"[256, 123, 202, 163, 54, 121, 175, 136, 175, 177, 136, 121]",12
32,2444,Seafood,Continental,144,581.03,728.53,1,0,108.0,"[95, 163, 14, 28, 13, 13, 13, 41, 14, 54, 67, 108]",12
32,2490,Salad,Italian,145,279.36,279.36,0,0,163.0,"[284, 163, 162, 296, 229, 204, 555, 161, 202, 257, 296, 163]",12
32,2492,Desert,Indian,145,447.23,445.23,0,0,26.0,"[108, 69, 67, 42, 68, 42, 68, 26, 41, 15, 107, 26]",12
32,2539,Beverages,Thai,145,121.31,119.31,0,0,96.0,"[204, 28, 108, 148, 95, 121, 122, 95, 163, 121, 177, 96]",12
32,2569,Salad,Italian,145,244.44,339.53,0,0,595.0,"[620, 393, 337, 312, 418, 377, 420, 257, 607, 445, 823, 595]",12
32,2577,Starters,Thai,145,319.13,321.13,0,0,41.0,"[121, 94, 67, 95, 27, 53, 41, 107, 27, 41, 27, 41]",12
32,2581,Pizza,Continental,145,511.19,513.19,0,0,257.0,"[190, 365, 338, 149, 215, 229, 269, 608, 460, 215, 297, 257]",12
32,2631,Beverages,Indian,145,151.32,153.32,0,0,96.0,"[296, 122, 109, 134, 67, 190, 107, 148, 82, 107, 148, 96]",12
32,2640,Starters,Thai,145,320.13,321.13,0,0,82.0,"[162, 161, 189, 136, 109, 121, 121, 190, 189, 134, 215, 82]",12
32,2664,Salad,Italian,145,239.62,339.53,0,0,634.0,"[406, 270, 269, 230, 310, 406, 339, 242, 296, 433, 636, 634]",12
32,2704,Other Snacks,Thai,145,321.13,321.13,0,0,123.0,"[68, 134, 135, 366, 258, 162, 96, 296, 134, 122, 204, 123]",12
32,2707,Beverages,Italian,145,203.73,202.73,0,0,364.0,"[338, 203, 512, 256, 433, 339, 190, 393, 215, 391, 310, 364]",12
32,2760,Other Snacks,Thai,145,183.36,261.93,0,0,28.0,"[55, 26, 68, 26, 55, 109, 42, 42, 68, 26, 28, 28]",12
32,2826,Sandwich,Italian,145,325.92,327.92,0,0,339.0,"[474, 472, 460, 339, 378, 540, 391, 404, 339, 364, 258, 339]",12
32,2867,Seafood,Continental,145,581.03,727.53,0,0,15.0,"[40, 67, 40, 14, 15, 55, 14, 14, 27, 41, 67, 15]",12
32,2956,Fish,Continental,145,582.03,581.03,0,0,40.0,"[95, 67, 28, 67, 69, 26, 107, 107, 27, 68, 55, 40]",12
34,1062,Beverages,Italian,145,155.2,179.45,1,1,285.0,"[244, 216, 323, 176, 217, 230, 244, 175, 284, 161, 189, 285]",12
34,1109,Rice Bowl,Indian,145,295.88,295.88,0,0,283.0,"[458, 458, 378, 405, 485, 447, 485, 285, 271, 485, 350, 283]",12
34,1207,Beverages,Continental,145,348.23,349.23,0,0,68.0,"[123, 53, 134, 40, 80, 13, 26, 28, 42, 41, 53, 68]",12
34,1216,Pasta,Italian,144,290.03,416.13,0,0,82.0,"[42, 42, 67, 41, 14, 42, 53, 27, 42, 15, 109, 82]",12
34,1230,Beverages,Continental,145,350.2,349.2,0,0,26.0,"[94, 28, 54, 53, 149, 28, 42, 69, 68, 42, 28, 26]",12
34,1247,Biryani,Indian,145,445.23,447.23,0,0,13.0,"[42, 27, 28, 41, 27, 40, 27, 27, 15, 13, 15, 13]",12
34,1248,Beverages,Indian,144,153.26,154.26,0,0,28.0,"[27, 54, 149, 40, 67, 67, 26, 68, 40, 26, 40, 28]",12
34,1445,Seafood,Continental,145,726.53,726.53,0,0,28.0,"[148, 283, 68, 67, 40, 14, 68, 42, 82, 67, 54, 28]",12
34,1525,Other Snacks,Thai,145,320.13,321.13,0,0,109.0,"[55, 42, 80, 285, 161, 53, 108, 80, 42, 96, 95, 109]",12
34,1543,Desert,Indian,145,482.09,484.09,0,0,123.0,"[96, 81, 42, 202, 175, 96, 14, 54, 68, 54, 95, 123]",12
34,1558,Pizza,Continental,145,511.19,513.19,0,0,28.0,"[161, 323, 216, 149, 150, 54, 108, 405, 217, 42, 95, 28]",12
34,1571,Fish,Continental,145,583.03,583.03,0,0,94.0,"[109, 134, 161, 177, 149, 230, 217, 203, 81, 188, 176, 94]",12
34,1727,Rice Bowl,Indian,145,422.95,422.95,0,0,175.0,"[283, 406, 485, 364, 242, 122, 148, 176, 216, 230, 231, 175]",12
34,1754,Sandwich,Italian,145,292.03,290.03,0,0,378.0,"[364, 379, 445, 379, 378, 392, 406, 433, 391, 420, 378, 378]",12
34,1770,Biryani,Indian,144,486.03,486.03,0,0,13.0,"[26, 41, 40, 53, 13, 13, 15, 15, 15, 15, 26, 13]",12
34,1778,Beverages,Italian,145,153.32,161.05,1,1,109.0,"[136, 122, 122, 108, 109, 95, 176, 109, 149, 149, 150, 109]",12
34,1878,Starters,Thai,145,321.13,321.13,0,0,175.0,"[135, 135, 163, 231, 244, 189, 109, 161, 188, 122, 189, 175]",12
34,1885,Beverages,Thai,145,119.31,120.31,0,0,499.0,"[473, 418, 312, 555, 581, 459, 311, 432, 486, 500, 338, 499]",12
34,1902,Biryani,Indian,145,445.23,447.23,0,0,13.0,"[27, 15, 27, 13, 14, 40, 14, 27, 15, 15, 13, 13]",12
34,1962,Pizza,Continental,145,512.19,513.19,0,0,109.0,"[202, 285, 270, 177, 123, 161, 217, 581, 675, 95, 202, 109]",12
34,1971,Sandwich,Italian,145,289.06,291.06,0,0,243.0,"[161, 256, 190, 177, 109, 135, 257, 269, 121, 271, 217, 243]",12
34,1993,Beverages,Thai,145,122.25,122.25,0,0,270.0,"[474, 202, 378, 350, 419, 284, 312, 339, 135, 217, 365, 270]",12
34,2104,Fish,Continental,145,582.03,582.03,0,0,122.0,"[123, 121, 109, 68, 68, 81, 175, 54, 122, 53, 150, 122]",12
34,2126,Pasta,Italian,142,509.31,509.31,0,0,14.0,"[41, 40, 67, 67, 54, 69, 40, 68, 28, 54, 40, 14]",12
34,2139,Beverages,Indian,145,292.03,290.03,0,0,13.0,"[40, 42, 68, 28, 55, 41, 54, 28, 27, 28, 55, 13]",12
34,2290,Rice Bowl,Indian,145,260.96,259.96,0,0,96.0,"[1594, 420, 406, 215, 648, 445, 512, 487, 351, 539, 406, 96]",12
34,2304,Desert,Indian,145,484.09,483.09,0,0,14.0,"[42, 13, 27, 42, 136, 107, 68, 14, 13, 41, 53, 14]",12
34,2306,Pasta,Italian,145,243.53,336.62,1,0,14.0,"[15, 96, 15, 41, 28, 81, 55, 27, 54, 55, 27, 14]",12
34,2322,Beverages,Continental,145,368.63,368.63,0,0,94.0,"[162, 136, 161, 122, 54, 41, 95, 94, 149, 96, 55, 94]",12
34,2444,Seafood,Continental,145,727.53,728.53,0,0,42.0,"[13, 15, 69, 108, 13, 13, 14, 27, 15, 69, 42, 42]",12
34,2490,Salad,Italian,145,279.36,280.36,0,0,68.0,"[122, 82, 161, 339, 107, 69, 163, 134, 53, 108, 54, 68]",12
34,2492,Desert,Indian,145,447.23,447.23,0,0,26.0,"[54, 136, 96, 40, 42, 27, 82, 67, 13, 81, 40, 26]",12
34,2539,Beverages,Thai,145,117.37,119.37,0,0,175.0,"[325, 161, 122, 176, 204, 215, 217, 242, 136, 217, 177, 175]",12
34,2569,Salad,Italian,145,242.5,285.24,0,0,135.0,"[109, 123, 42, 107, 176, 95, 109, 203, 215, 148, 231, 135]",12
34,2577,Starters,Thai,145,321.13,321.13,0,0,82.0,"[134, 55, 69, 94, 94, 134, 28, 68, 26, 15, 55, 82]",12
34,2581,Pizza,Continental,145,512.19,511.19,0,0,109.0,"[176, 161, 107, 53, 107, 163, 122, 553, 258, 161, 135, 109]",12
34,2631,Beverages,Indian,144,142.65,140.65,0,0,68.0,"[26, 28, 109, 26, 95, 122, 28, 54, 14, 26, 68, 68]",12
34,2640,Starters,Thai,145,320.13,319.13,0,0,148.0,"[150, 216, 231, 189, 203, 135, 150, 40, 162, 229, 107, 148]",12
34,2664,Salad,Italian,145,243.5,340.53,0,0,366.0,"[123, 80, 108, 109, 107, 122, 40, 148, 94, 162, 202, 366]",12
34,2704,Other Snacks,Thai,145,320.13,321.13,0,0,109.0,"[203, 134, 202, 378, 271, 204, 81, 150, 67, 216, 204, 109]",12
34,2707,Beverages,Italian,145,210.52,211.52,0,0,256.0,"[324, 256, 230, 446, 324, 230, 217, 256, 338, 161, 474, 256]",12
34,2760,Other Snacks,Thai,145,183.36,260.93,0,0,188.0,"[69, 26, 136, 42, 96, 41, 42, 108, 108, 122, 94, 188]",12
34,2826,Sandwich,Italian,145,327.92,327.92,0,0,285.0,"[555, 350, 378, 377, 229, 339, 244, 231, 419, 379, 540, 285]",12
34,2867,Seafood,Continental,145,726.53,728.53,0,0,14.0,"[149, 27, 40, 42, 40, 41, 40, 94, 27, 94, 162, 14]",12
34,2956,Fish,Continental,145,582.03,582.03,0,0,216.0,"[189, 41, 257, 41, 189, 189, 189, 122, 95, 94, 204, 216]",12
36,1062,Beverages,Italian,145,190.15,189.15,0,0,607.0,"[513, 432, 566, 474, 541, 405, 555, 501, 540, 432, 404, 607]",12
36,1109,Rice Bowl,Indian,145,298.79,298.79,0,0,730.0,"[1147, 405, 621, 635, 973, 716, 756, 649, 661, 972, 688, 730]",12
36,1198,Extras,Thai,145,170.75,227.01,0,0,134.0,"[149, 419, 365, 526, 283, 352, 177, 162, 311, 229, 80, 134]",12
36,1207,Beverages,Continental,145,388.0,389.0,0,0,13.0,"[96, 68, 67, 123, 67, 14, 108, 53, 28, 68, 28, 13]",12
36,1216,Pasta,Italian,145,417.13,417.13,0,0,41.0,"[27, 13, 107, 42, 67, 121, 54, 80, 68, 94, 27, 41]",12
36,1230,Beverages,Continental,145,388.0,389.0,0,0,122.0,"[53, 122, 188, 161, 55, 28, 81, 109, 108, 55, 123, 122]",12
36,1247,Biryani,Indian,145,445.23,447.23,0,0,28.0,"[26, 41, 15, 94, 42, 54, 54, 68, 14, 40, 40, 28]",12
36,1248,Beverages,Indian,145,164.93,163.93,0,0,53.0,"[15, 122, 69, 177, 54, 69, 95, 27, 54, 41, 40, 53]",12
36,1311,Extras,Thai,145,163.02,194.97,0,0,285.0,"[338, 161, 150, 420, 297, 271, 352, 324, 203, 190, 352, 285]",12
36,1438,Soup,Thai,145,196.0,194.0,0,0,123.0,"[243, 95, 176, 148, 108, 108, 190, 122, 122, 134, 177, 123]",12
36,1445,Seafood,Continental,145,727.53,727.53,0,0,55.0,"[243, 95, 14, 94, 107, 42, 53, 67, 81, 352, 242, 55]",12
36,1525,Other Snacks,Thai,145,320.13,319.13,0,0,269.0,"[339, 379, 258, 622, 393, 406, 351, 229, 351, 297, 230, 269]",12
36,1543,Desert,Indian,145,484.03,484.03,0,0,28.0,"[40, 80, 55, 297, 175, 123, 122, 67, 54, 69, 122, 28]",12
36,1558,Pizza,Continental,145,564.6,564.6,0,0,53.0,"[68, 351, 148, 80, 80, 69, 94, 581, 269, 135, 96, 53]",12
36,1571,Fish,Continental,145,640.23,641.23,0,0,108.0,"[161, 121, 150, 202, 81, 270, 325, 108, 202, 53, 94, 108]",12
36,1727,Rice Bowl,Indian,145,464.63,464.63,0,0,215.0,"[460, 1336, 1160, 879, 269, 311, 269, 270, 270, 270, 163, 215]",12
36,1754,Sandwich,Italian,145,318.16,318.16,0,0,607.0,"[486, 567, 797, 501, 446, 446, 662, 554, 460, 703, 661, 607]",12
36,1770,Biryani,Indian,145,486.03,486.03,0,0,27.0,"[28, 40, 15, 15, 42, 28, 27, 67, 40, 26, 13, 27]",12
36,1778,Beverages,Italian,145,190.18,190.18,0,0,392.0,"[568, 189, 257, 298, 431, 622, 649, 419, 501, 431, 582, 392]",12
36,1803,Extras,Thai,145,217.31,216.31,0,0,338.0,"[244, 229, 216, 433, 474, 204, 312, 323, 311, 136, 231, 338]",12
36,1847,Soup,Thai,145,195.0,194.0,0,0,121.0,"[121, 69, 109, 67, 40, 69, 96, 121, 107, 82, 123, 121]",12
36,1878,Starters,Thai,145,320.13,321.13,0,1,202.0,"[107, 161, 204, 107, 135, 163, 123, 189, 68, 134, 149, 202]",12
36,1885,Beverages,Thai,145,157.17,158.17,0,0,878.0,"[1093, 1404, 1297, 1188, 1147, 1430, 1392, 1403, 1107, 1215, 1189, 878]",12
36,1902,Biryani,Indian,145,445.23,446.23,0,0,55.0,"[14, 13, 15, 27, 15, 53, 42, 68, 40, 26, 15, 55]",12
36,1962,Pizza,Continental,145,563.6,562.6,0,0,204.0,"[296, 445, 566, 339, 215, 270, 350, 1066, 1026, 312, 406, 204]",12
36,1971,Sandwich,Italian,145,346.35,344.35,0,0,134.0,"[231, 204, 271, 122, 81, 202, 298, 271, 229, 188, 230, 134]",12
36,1993,Beverages,Thai,145,157.14,157.14,0,0,177.0,"[690, 243, 647, 635, 757, 824, 960, 690, 499, 634, 621, 177]",12
36,2126,Pasta,Italian,145,485.03,485.03,0,0,67.0,"[54, 109, 96, 67, 40, 94, 55, 107, 40, 13, 28, 67]",12
36,2139,Beverages,Indian,145,281.33,282.33,0,0,80.0,"[41, 40, 41, 27, 108, 14, 53, 68, 55, 122, 28, 80]",12
36,2290,Rice Bowl,Indian,145,282.33,281.33,0,0,528.0,"[2214, 406, 433, 404, 675, 730, 769, 541, 567, 756, 784, 528]",12
36,2304,Desert,Indian,145,485.03,484.03,0,0,94.0,"[42, 55, 14, 298, 188, 69, 40, 41, 14, 96, 54, 94]",12
36,2306,Pasta,Italian,145,244.5,336.62,1,1,68.0,"[42, 42, 41, 55, 14, 134, 27, 53, 14, 14, 41, 68]",12
36,2322,Beverages,Continental,145,383.18,383.18,0,0,203.0,"[150, 257, 217, 269, 42, 108, 122, 109, 82, 162, 107, 203]",12
36,2444,Seafood,Continental,145,728.53,727.53,0,0,55.0,"[377, 350, 40, 82, 53, 41, 53, 94, 53, 324, 256, 55]",12
36,2490,Salad,Italian,145,292.03,291.03,0,0,161.0,"[229, 296, 337, 351, 312, 312, 540, 150, 229, 258, 231, 161]",12
36,2492,Desert,Indian,145,389.03,388.03,0,0,55.0,"[175, 26, 176, 54, 55, 28, 53, 41, 54, 55, 67, 55]",12
36,2494,Soup,Thai,145,196.0,244.5,0,1,135.0,"[107, 188, 69, 135, 26, 123, 242, 134, 177, 121, 188, 135]",12
36,2539,Beverages,Thai,145,160.11,158.11,0,0,216.0,"[242, 108, 351, 271, 269, 324, 229, 310, 257, 242, 189, 216]",12
36,2569,Salad,Italian,145,242.53,339.56,0,0,432.0,"[338, 229, 270, 298, 177, 312, 161, 230, 242, 244, 648, 432]",12
36,2577,Starters,Thai,145,320.13,319.13,0,0,107.0,"[94, 150, 68, 95, 163, 82, 109, 136, 67, 26, 14, 107]",12
36,2581,Pizza,Continental,145,564.6,563.6,0,0,123.0,"[107, 177, 258, 148, 215, 68, 230, 541, 404, 121, 271, 123]",12
36,2631,Beverages,Indian,145,155.26,153.26,0,0,40.0,"[269, 40, 148, 122, 135, 150, 148, 53, 53, 69, 54, 40]",12
36,2640,Starters,Thai,145,320.13,321.13,0,0,40.0,"[190, 204, 217, 216, 216, 80, 163, 217, 296, 136, 230, 40]",12
36,2664,Salad,Italian,145,242.53,336.65,0,0,393.0,"[136, 121, 270, 285, 202, 215, 217, 135, 231, 216, 649, 393]",12
36,2704,Other Snacks,Thai,145,319.13,320.13,0,0,230.0,"[190, 296, 108, 392, 501, 243, 269, 256, 162, 188, 121, 230]",12
36,2707,Beverages,Italian,145,231.83,231.83,0,0,985.0,"[663, 176, 661, 528, 648, 769, 783, 757, 944, 851, 582, 985]",12
36,2760,Other Snacks,Thai,145,165.93,241.53,0,0,474.0,"[135, 188, 269, 162, 190, 323, 256, 271, 231, 271, 311, 474]",12
36,2826,Sandwich,Italian,145,377.33,378.33,0,0,486.0,"[568, 621, 580, 581, 743, 541, 744, 404, 554, 513, 418, 486]",12
36,2867,Seafood,Continental,145,728.53,726.53,0,0,80.0,"[391, 109, 68, 95, 67, 53, 55, 40, 68, 257, 148, 80]",12
36,2956,Fish,Continental,145,639.23,639.23,0,0,136.0,"[189, 122, 136, 176, 149, 230, 188, 163, 136, 175, 149, 136]",12
39,1062,Beverages,Italian,145,159.11,157.14,1,0,393.0,"[339, 296, 420, 391, 243, 377, 350, 365, 392, 338, 391, 393]",12
39,1109,Rice Bowl,Indian,145,284.24,284.24,0,0,323.0,"[485, 202, 215, 215, 217, 229, 231, 162, 215, 270, 271, 323]",12
39,1207,Beverages,Continental,145,358.96,357.96,0,0,94.0,"[95, 81, 122, 69, 14, 54, 81, 53, 42, 40, 27, 94]",12
39,1216,Pasta,Italian,145,416.13,418.13,0,0,26.0,"[40, 28, 55, 67, 41, 94, 68, 54, 40, 80, 53, 26]",12
39,1230,Beverages,Continental,145,350.2,349.2,0,0,162.0,"[94, 122, 108, 203, 27, 40, 94, 15, 148, 81, 54, 162]",12
39,1247,Biryani,Indian,145,446.23,446.23,0,0,14.0,"[42, 15, 13, 14, 14, 14, 15, 27, 26, 13, 15, 14]",12
39,1248,Beverages,Indian,145,154.26,155.26,0,0,27.0,"[405, 405, 203, 202, 244, 122, 161, 69, 68, 161, 28, 27]",12
39,1445,Seafood,Continental,145,727.53,727.53,0,0,15.0,"[14, 41, 13, 82, 69, 14, 13, 14, 27, 40, 54, 15]",12
39,1525,Other Snacks,Thai,145,320.13,321.13,0,0,15.0,"[27, 13, 27, 15, 28, 26, 53, 14, 15, 26, 14, 15]",12
39,1543,Desert,Indian,145,484.09,482.09,0,0,96.0,"[67, 82, 55, 134, 284, 163, 176, 108, 134, 108, 136, 96]",12
39,1558,Pizza,Continental,145,512.19,513.19,0,0,68.0,"[217, 365, 257, 134, 82, 134, 148, 379, 283, 190, 270, 68]",12
39,1571,Fish,Continental,142,581.03,582.03,0,0,13.0,"[15, 15, 13, 40, 41, 14, 81, 15, 26, 15, 14, 13]",12
39,1727,Rice Bowl,Indian,145,423.95,421.95,0,0,391.0,"[661, 541, 770, 647, 512, 607, 351, 229, 161, 636, 365, 391]",12
39,1754,Sandwich,Italian,145,288.15,287.15,0,0,932.0,"[1202, 1295, 1079, 810, 620, 1079, 958, 944, 1053, 1080, 1080, 932]",12
39,1770,Biryani,Indian,143,484.03,485.03,0,0,15.0,"[15, 14, 13, 13, 14, 27, 27, 27, 27, 14, 26, 15]",12
39,1778,Beverages,Italian,145,152.32,161.08,1,0,107.0,"[310, 161, 108, 189, 161, 150, 68, 190, 243, 202, 175, 107]",12
39,1878,Starters,Thai,145,321.13,321.13,0,0,41.0,"[40, 26, 26, 55, 26, 28, 42, 122, 15, 15, 40, 41]",12
39,1885,Beverages,Thai,145,119.31,120.31,0,0,177.0,"[258, 257, 242, 188, 188, 134, 204, 215, 269, 202, 150, 177]",12
39,1902,Biryani,Indian,142,447.23,445.23,0,0,13.0,"[13, 13, 14, 13, 13, 27, 14, 15, 14, 14, 14, 13]",12
39,1962,Pizza,Continental,145,511.19,512.19,0,0,177.0,"[258, 296, 203, 189, 256, 229, 243, 580, 472, 256, 350, 177]",12
39,1971,Sandwich,Italian,145,291.06,289.06,0,0,513.0,"[473, 472, 431, 123, 82, 310, 512, 392, 298, 419, 540, 513]",12
39,1993,Beverages,Thai,145,116.4,116.4,0,0,188.0,"[175, 94, 242, 176, 163, 243, 284, 270, 337, 323, 283, 188]",12
39,2104,Fish,Continental,143,581.03,581.03,0,0,13.0,"[14, 14, 13, 13, 27, 27, 13, 26, 69, 27, 26, 13]",12
39,2126,Pasta,Italian,145,436.53,507.31,0,0,27.0,"[26, 40, 53, 26, 55, 42, 96, 27, 68, 27, 54, 27]",12
39,2139,Beverages,Indian,145,260.93,261.93,0,0,26.0,"[54, 54, 28, 26, 108, 15, 13, 41, 26, 14, 15, 26]",12
39,2290,Rice Bowl,Indian,145,251.26,250.26,0,0,378.0,"[2538, 810, 837, 528, 582, 784, 715, 595, 663, 688, 310, 378]",12
39,2304,Desert,Indian,145,482.09,482.09,0,0,94.0,"[81, 107, 121, 162, 162, 324, 42, 69, 55, 123, 96, 94]",12
39,2306,Pasta,Italian,145,241.53,335.62,1,0,54.0,"[15, 13, 15, 14, 14, 28, 41, 136, 13, 54, 14, 54]",12
39,2322,Beverages,Continental,141,368.63,369.63,0,0,26.0,"[188, 67, 243, 203, 41, 94, 80, 15, 55, 67, 108, 26]",12
39,2444,Seafood,Continental,144,583.03,726.53,1,1,68.0,"[108, 14, 15, 14, 40, 40, 123, 96, 28, 28, 26, 68]",12
39,2490,Salad,Italian,145,274.57,273.57,0,0,283.0,"[366, 393, 296, 256, 296, 392, 635, 296, 176, 244, 365, 283]",12
39,2492,Desert,Indian,145,446.23,446.23,0,0,68.0,"[149, 189, 40, 81, 41, 54, 68, 69, 95, 67, 55, 68]",12
39,2539,Beverages,Thai,145,120.34,120.34,0,0,69.0,"[148, 42, 176, 68, 163, 55, 95, 94, 122, 123, 108, 69]",12
39,2569,Salad,Italian,145,243.53,334.71,0,0,863.0,"[1133, 837, 404, 473, 458, 744, 771, 811, 783, 1552, 1095, 863]",12
39,2577,Starters,Thai,145,321.13,320.13,0,0,13.0,"[27, 13, 15, 15, 42, 15, 41, 26, 13, 13, 15, 13]",12
39,2581,Pizza,Continental,145,512.19,512.19,0,0,107.0,"[121, 393, 500, 163, 95, 53, 135, 447, 350, 134, 189, 107]",12
39,2631,Beverages,Indian,145,153.26,153.26,0,0,82.0,"[594, 391, 364, 176, 242, 108, 271, 41, 204, 134, 150, 82]",12
39,2640,Starters,Thai,145,321.13,321.13,0,0,15.0,"[40, 28, 26, 69, 42, 27, 67, 28, 55, 55, 68, 15]",12
39,2664,Salad,Italian,145,243.47,283.3,0,0,891.0,"[634, 499, 310, 378, 458, 661, 553, 647, 648, 1242, 729, 891]",12
39,2704,Other Snacks,Thai,145,319.13,320.13,0,0,14.0,"[80, 67, 42, 40, 41, 15, 67, 40, 42, 26, 41, 14]",12
39,2707,Beverages,Italian,145,192.09,193.09,0,0,150.0,"[188, 94, 297, 269, 177, 202, 230, 217, 337, 285, 177, 150]",12
39,2760,Other Snacks,Thai,145,183.36,261.93,0,0,15.0,"[15, 13, 13, 41, 13, 26, 26, 14, 27, 40, 28, 15]",12
39,2826,Sandwich,Italian,145,327.92,327.92,0,0,215.0,"[501, 271, 242, 216, 379, 554, 270, 284, 242, 431, 176, 215]",12
39,2867,Seafood,Continental,144,582.03,726.53,1,1,41.0,"[15, 28, 26, 27, 42, 14, 27, 14, 27, 28, 27, 41]",12
39,2956,Fish,Continental,80,583.03,581.03,0,0,14.0,"[15, 28, 54, 14]",4
41,1062,Beverages,Italian,145,195.03,195.03,0,0,123.0,"[121, 189, 149, 82, 80, 162, 163, 134, 80, 163, 135, 123]",12
41,1109,Rice Bowl,Indian,145,310.43,309.43,0,0,204.0,"[122, 163, 148, 123, 202, 284, 202, 150, 176, 217, 123, 204]",12
41,1198,Extras,Thai,44,161.05,321.13,0,0,28.0,"[42, 42, 81, 14, 26, 26, 15, 27, 69, 15, 94, 28]",12
41,1207,Beverages,Continental,145,390.0,388.0,0,0,42.0,"[26, 67, 189, 108, 82, 15, 42, 123, 28, 40, 40, 42]",12
41,1216,Pasta,Italian,144,291.03,418.13,0,0,40.0,"[40, 26, 41, 14, 13, 14, 15, 40, 28, 14, 28, 40]",12
41,1230,Beverages,Continental,145,386.12,533.53,0,0,107.0,"[69, 190, 188, 107, 27, 15, 162, 54, 13, 69, 163, 107]",12
41,1247,Biryani,Indian,129,445.23,447.23,0,0,13.0,"[15, 14, 15, 13, 26, 28, 13]",7
41,1248,Beverages,Indian,16,45.62,253.23,0,0,123.0,"[15, 27, 123]",3
41,1311,Extras,Thai,43,162.05,214.43,0,0,27.0,"[67, 15, 82, 42, 81, 27, 135, 67, 54, 54, 121, 27]",12
41,1438,Soup,Thai,145,196.0,195.0,0,0,55.0,"[28, 54, 15, 26, 15, 68, 41, 42, 53, 40, 14, 55]",12
41,1445,Seafood,Continental,37,668.33,668.33,0,0,15.0,"[80, 41, 55, 27, 81, 14, 15, 14, 13, 15, 13, 15]",12
41,1525,Other Snacks,Thai,141,321.13,321.13,0,0,28.0,"[27, 41, 41, 13, 42, 14, 13, 28, 26, 14, 54, 28]",12
41,1543,Desert,Indian,145,486.03,486.03,0,0,55.0,"[40, 94, 42, 121, 82, 41, 26, 15, 67, 95, 53, 55]",12
41,1558,Pizza,Continental,145,564.6,562.6,0,0,94.0,"[95, 81, 122, 109, 54, 67, 135, 54, 121, 68, 94, 94]",12
41,1727,Rice Bowl,Indian,145,372.48,466.63,0,0,150.0,"[176, 500, 324, 310, 176, 256, 177, 150, 297, 161, 41, 150]",12
41,1754,Sandwich,Italian,145,319.16,318.16,0,0,325.0,"[270, 311, 215, 229, 95, 215, 352, 242, 215, 365, 324, 325]",12
41,1770,Biryani,Indian,145,484.03,485.03,0,0,15.0,"[14, 13, 13, 13, 14, 15]",6
41,1778,Beverages,Italian,145,193.03,193.03,0,0,69.0,"[135, 161, 96, 136, 81, 109, 257, 136, 148, 230, 162, 69]",12
41,1803,Extras,Thai,44,162.05,214.43,0,0,28.0,"[42, 55, 14, 27, 55, 40, 54, 68, 82, 94, 54, 28]",12
41,1847,Soup,Thai,144,196.0,194.0,0,0,28.0,"[13, 14, 26, 28, 14, 15, 26, 27, 14, 14, 13, 28]",12
41,1878,Starters,Thai,140,320.13,319.13,0,0,13.0,"[54, 41, 15, 13, 13, 26, 15, 13, 40, 15, 15, 13]",12
41,1885,Beverages,Thai,145,160.11,159.11,0,0,109.0,"[107, 190, 69, 108, 136, 107, 135, 136, 122, 96, 176, 109]",12
41,1902,Biryani,Indian,132,445.23,446.23,0,0,41.0,"[28, 14, 14, 14, 15, 14, 13, 15, 13, 15, 26, 41]",12
41,1962,Pizza,Continental,145,562.6,563.6,0,0,377.0,"[108, 283, 204, 123, 177, 123, 243, 270, 175, 161, 204, 377]",12
41,1971,Sandwich,Italian,145,345.35,344.35,0,0,96.0,"[1323, 80, 134, 95, 14, 161, 135, 15, 40, 40, 69, 96]",12
41,1993,Beverages,Thai,145,158.11,160.11,0,0,54.0,"[40, 28, 135, 95, 67, 149, 203, 94, 55, 134, 109, 54]",12
41,2126,Pasta,Italian,145,486.03,485.03,0,0,15.0,"[14, 27, 28, 27, 14, 26, 13, 26, 15, 15, 13, 15]",12
41,2139,Beverages,Indian,145,262.93,291.03,0,0,13.0,"[28, 13, 55, 27, 27, 27, 27, 27, 54, 14, 13, 13]",12
41,2290,Rice Bowl,Indian,145,257.11,297.79,0,0,81.0,"[501, 325, 296, 121, 148, 285, 539, 215, 148, 310, 419, 81]",12
41,2304,Desert,Indian,144,485.03,486.03,0,0,40.0,"[27, 28, 14, 40, 41, 13, 26, 26, 13, 54, 28, 40]",12
41,2306,Pasta,Italian,144,290.03,336.62,0,0,13.0,"[15, 69, 13, 40, 15, 13, 13, 13, 14, 15, 14, 13]",12
41,2322,Beverages,Continental,145,389.0,461.75,0,0,107.0,"[231, 95, 122, 148, 96, 68, 271, 81, 53, 67, 162, 107]",12
41,2490,Salad,Italian,145,291.03,290.03,0,0,81.0,"[121, 310, 203, 121, 94, 366, 944, 202, 108, 134, 176, 81]",12
41,2492,Desert,Indian,113,387.03,387.03,0,0,94.0,"[67, 69, 15, 68, 67, 14, 54, 94, 41, 27, 28, 94]",12
41,2539,Beverages,Thai,145,160.11,159.11,0,0,109.0,"[81, 28, 28, 28, 14, 41, 28, 26, 41, 81, 67, 109]",12
41,2569,Salad,Italian,145,273.54,337.56,0,0,123.0,"[136, 107, 150, 67, 108, 162, 55, 53, 68, 149, 190, 123]",12
41,2577,Starters,Thai,144,321.13,319.13,0,0,14.0,"[26, 13, 28, 26, 28, 28, 14, 13, 14, 15, 13, 14]",12
41,2581,Pizza,Continental,145,563.6,562.6,0,0,215.0,"[67, 94, 175, 82, 55, 135, 40, 149, 229, 134, 310, 215]",12
41,2631,Beverages,Indian,20,252.23,252.23,0,0,14.0,"[148, 123, 108, 96, 28, 13, 26, 15, 163, 41, 54, 14]",12
41,2640,Starters,Thai,144,319.13,321.13,0,0,26.0,"[15, 13, 42, 13, 14, 15, 55, 15, 15, 26, 40, 26]",12
41,2664,Salad,Italian,145,291.03,324.95,0,0,242.0,"[149, 204, 96, 107, 94, 242, 109, 69, 107, 350, 298, 242]",12
41,2704,Other Snacks,Thai,145,320.13,320.13,0,0,13.0,"[27, 53, 55, 28, 42, 28, 15, 14, 27, 14, 13, 13]",12
41,2707,Beverages,Italian,145,241.53,241.53,0,0,94.0,"[54, 13, 68, 28, 94, 95, 94, 80, 94, 42, 26, 94]",12
41,2760,Other Snacks,Thai,144,163.99,241.53,0,0,14.0,"[55, 15, 13, 14, 14, 13, 14, 15, 13, 15, 42, 14]",12
41,2826,Sandwich,Italian,145,379.33,377.33,0,0,54.0,"[107, 80, 107, 94, 108, 96, 26, 42, 136, 107, 40, 54]",12
42,1062,Beverages,Italian,145,162.05,160.05,1,0,297.0,"[163, 310, 433, 270, 176, 162, 283, 256, 310, 202, 270, 297]",12
42,1109,Rice Bowl,Indian,145,311.43,311.43,0,0,256.0,"[703, 339, 325, 285, 297, 555, 392, 325, 485, 243, 418, 256]",12
42,1207,Beverages,Continental,145,355.02,356.02,0,0,41.0,"[53, 41, 81, 54, 41, 82, 53, 68, 54, 26, 68, 41]",12
42,1216,Pasta,Italian,145,413.25,413.25,0,0,69.0,"[27, 42, 96, 40, 95, 42, 28, 27, 15, 67, 53, 69]",12
42,1230,Beverages,Continental,145,365.75,363.75,0,0,136.0,"[95, 28, 27, 80, 107, 41, 162, 82, 67, 40, 15, 136]",12
42,1247,Biryani,Indian,145,446.23,445.23,0,0,81.0,"[27, 27, 40, 14, 41, 81, 94, 42, 26, 13, 54, 81]",12
42,1248,Beverages,Indian,145,145.5,146.5,0,0,54.0,"[13, 96, 176, 95, 68, 68, 40, 82, 27, 27, 13, 54]",12
42,1445,Seafood,Continental,145,727.53,728.53,0,0,55.0,"[177, 15, 54, 27, 40, 14, 27, 80, 26, 94, 68, 55]",12
42,1525,Other Snacks,Thai,145,320.13,319.13,0,0,95.0,"[134, 107, 68, 230, 123, 134, 53, 41, 82, 55, 41, 95]",12
42,1543,Desert,Indian,145,482.09,483.09,0,0,53.0,"[82, 53, 54, 148, 107, 13, 27, 68, 81, 55, 82, 53]",12
42,1558,Pizza,Continental,145,549.08,549.08,0,0,136.0,"[95, 150, 134, 121, 42, 107, 107, 242, 176, 68, 134, 136]",12
42,1571,Fish,Continental,145,582.03,581.03,0,0,81.0,"[123, 108, 67, 123, 108, 204, 161, 149, 42, 95, 27, 81]",12
42,1727,Rice Bowl,Indian,145,445.23,446.23,0,0,134.0,"[150, 404, 663, 539, 782, 134, 122, 123, 149, 229, 162, 134]",12
42,1754,Sandwich,Italian,145,330.83,329.83,0,0,391.0,"[391, 310, 323, 324, 242, 352, 285, 230, 285, 244, 296, 391]",12
42,1770,Biryani,Indian,145,426.83,486.03,0,0,15.0,"[42, 27, 15, 15, 28, 27, 14, 28, 42, 28, 67, 15]",12
42,1778,Beverages,Italian,145,142.59,162.02,1,1,269.0,"[204, 932, 68, 204, 108, 216, 150, 217, 81, 1376, 150, 269]",12
42,1878,Starters,Thai,145,319.13,320.13,0,0,311.0,"[215, 243, 161, 258, 216, 189, 270, 202, 297, 161, 296, 311]",12
42,1885,Beverages,Thai,145,140.71,140.71,0,0,377.0,"[244, 230, 269, 405, 283, 460, 323, 312, 365, 296, 296, 377]",12
42,1902,Biryani,Indian,144,447.23,446.23,0,0,13.0,"[13, 14, 26, 15, 28, 15, 55, 14, 54, 54, 26, 13]",12
42,1962,Pizza,Continental,145,549.08,547.08,0,0,175.0,"[162, 284, 393, 177, 243, 298, 270, 485, 405, 175, 148, 175]",12
42,1971,Sandwich,Italian,145,329.86,328.86,0,0,122.0,"[122, 108, 177, 122, 107, 325, 188, 122, 148, 190, 177, 122]",12
42,1993,Beverages,Thai,145,137.74,138.74,0,0,258.0,"[243, 27, 269, 162, 258, 447, 325, 271, 472, 297, 339, 258]",12
42,2104,Fish,Continental,145,581.03,582.03,0,0,40.0,"[28, 15, 68, 53, 28, 81, 82, 53, 67, 27, 54, 40]",12
42,2126,Pasta,Italian,145,436.53,472.42,0,1,41.0,"[42, 82, 28, 54, 26, 41, 14, 53, 82, 53, 13, 41]",12
42,2139,Beverages,Indian,145,292.03,291.03,0,0,15.0,"[53, 13, 27, 41, 42, 42, 27, 41, 28, 26, 15, 15]",12
42,2290,Rice Bowl,Indian,145,299.79,299.79,0,0,107.0,"[1539, 377, 350, 472, 338, 285, 283, 485, 528, 296, 378, 107]",12
42,2304,Desert,Indian,145,482.09,482.09,0,0,14.0,"[14, 26, 14, 28, 162, 67, 26, 26, 15, 26, 28, 14]",12
42,2306,Pasta,Italian,145,242.53,335.62,1,1,67.0,"[15, 15, 40, 13, 15, 15, 123, 189, 27, 14, 14, 67]",12
42,2322,Beverages,Continental,145,363.78,363.78,0,0,109.0,"[94, 121, 121, 42, 69, 82, 122, 42, 109, 27, 69, 109]",12
42,2444,Seafood,Continental,145,727.53,728.53,0,0,28.0,"[108, 68, 13, 54, 40, 13, 27, 28, 13, 121, 69, 28]",12
42,2490,Salad,Italian,145,260.93,290.03,0,0,134.0,"[148, 108, 121, 190, 123, 135, 230, 81, 123, 81, 40, 134]",12
42,2492,Desert,Indian,145,454.93,454.93,0,0,28.0,"[109, 67, 82, 54, 68, 80, 42, 40, 109, 53, 81, 28]",12
42,2539,Beverages,Thai,145,135.83,134.83,0,0,122.0,"[163, 82, 82, 82, 67, 135, 123, 258, 109, 121, 230, 122]",12
42,2569,Salad,Italian,145,244.5,323.07,0,0,352.0,"[175, 55, 95, 135, 94, 94, 94, 80, 67, 68, 243, 352]",12
42,2577,Starters,Thai,145,321.13,320.13,0,0,82.0,"[122, 148, 107, 82, 122, 149, 135, 135, 67, 95, 82, 82]",12
42,2581,Pizza,Continental,145,547.08,549.08,0,0,81.0,"[109, 67, 161, 162, 136, 148, 161, 352, 283, 121, 149, 81]",12
42,2631,Beverages,Indian,145,155.26,155.26,0,0,94.0,"[244, 42, 55, 135, 95, 163, 136, 54, 27, 27, 67, 94]",12
42,2640,Starters,Thai,145,320.13,319.13,0,0,204.0,"[148, 242, 283, 296, 243, 244, 405, 419, 379, 229, 215, 204]",12
42,2664,Salad,Italian,145,248.38,322.07,0,0,270.0,"[148, 176, 81, 96, 190, 188, 107, 121, 95, 122, 311, 270]",12
42,2704,Other Snacks,Thai,145,319.13,319.13,0,0,162.0,"[242, 217, 204, 391, 486, 323, 256, 94, 94, 122, 150, 162]",12
42,2707,Beverages,Italian,145,207.58,233.83,0,0,230.0,"[231, 150, 244, 310, 204, 257, 204, 176, 216, 215, 271, 230]",12
42,2760,Other Snacks,Thai,145,184.36,260.93,0,0,177.0,"[68, 82, 121, 122, 150, 123, 80, 42, 134, 107, 175, 177]",12
42,2826,Sandwich,Italian,145,326.92,327.92,0,0,121.0,"[163, 175, 352, 378, 230, 215, 256, 161, 204, 175, 257, 121]",12
42,2867,Seafood,Continental,144,582.03,727.53,1,0,109.0,"[136, 41, 15, 40, 69, 54, 14, 107, 26, 109, 96, 109]",12
42,2956,Fish,Continental,145,581.03,581.03,0,0,80.0,"[123, 96, 134, 95, 150, 135, 150, 41, 40, 107, 94, 80]",12
43,1062,Beverages,Italian,145,190.18,189.18,0,0,1012.0,"[960, 810, 1025, 919, 784, 1106, 1135, 1053, 999, 1338, 999, 1012]",12
43,1109,Rice Bowl,Indian,145,283.3,283.3,0,0,1796.0,"[1850, 1106, 1364, 743, 1390, 1621, 1580, 1309, 904, 1835, 1457, 1796]",12
43,1198,Extras,Thai,145,171.75,194.0,0,0,620.0,"[486, 811, 891, 729, 649, 771, 784, 796, 634, 593, 634, 620]",12
43,1207,Beverages,Continental,145,379.27,379.27,0,0,94.0,"[190, 176, 177, 244, 41, 82, 163, 177, 134, 109, 175, 94]",12
43,1216,Pasta,Italian,145,407.43,408.43,0,0,175.0,"[95, 107, 109, 150, 109, 204, 135, 161, 96, 337, 311, 175]",12
43,1230,Beverages,Continental,145,378.3,380.3,0,0,135.0,"[134, 150, 243, 296, 136, 69, 148, 163, 134, 242, 175, 135]",12
43,1247,Biryani,Indian,145,445.23,447.23,0,0,42.0,"[40, 26, 14, 42, 28, 96, 69, 15, 40, 14, 55, 42]",12
43,1248,Beverages,Indian,145,163.99,161.99,0,0,81.0,"[836, 527, 742, 270, 284, 283, 258, 176, 150, 81, 161, 81]",12
43,1311,Extras,Thai,145,161.05,160.05,0,0,971.0,"[1026, 1107, 1013, 931, 917, 1133, 770, 865, 918, 850, 1338, 971]",12
43,1438,Soup,Thai,145,196.0,195.0,0,0,162.0,"[122, 94, 121, 107, 122, 215, 190, 270, 204, 121, 162, 162]",12
43,1445,Seafood,Continental,144,485.03,727.53,1,0,270.0,"[325, 311, 82, 14, 13, 15, 26, 15, 54, 27, 338, 270]",12
43,1525,Other Snacks,Thai,145,319.13,319.13,0,0,433.0,"[365, 365, 391, 690, 891, 459, 514, 365, 324, 366, 311, 433]",12
43,1543,Desert,Indian,145,480.21,478.21,0,0,216.0,"[68, 202, 27, 487, 393, 229, 188, 202, 123, 190, 188, 216]",12
43,1558,Pizza,Continental,145,561.63,563.63,0,0,270.0,"[149, 446, 431, 163, 230, 216, 215, 743, 513, 215, 393, 270]",12
43,1571,Fish,Continental,145,640.23,640.23,0,0,80.0,"[108, 123, 149, 69, 135, 257, 284, 122, 95, 177, 135, 80]",12
43,1727,Rice Bowl,Indian,145,464.63,464.63,0,0,555.0,"[838, 3767, 3320, 1957, 608, 783, 823, 690, 662, 770, 688, 555]",12
43,1754,Sandwich,Italian,145,310.4,312.4,0,0,1147.0,"[836, 1553, 838, 717, 635, 1039, 1079, 796, 756, 946, 1095, 1147]",12
43,1770,Biryani,Indian,145,486.03,485.03,0,0,27.0,"[28, 69, 40, 27, 69, 40, 14, 26, 13, 27, 55, 27]",12
43,1778,Beverages,Italian,145,192.12,190.12,0,0,877.0,"[1094, 1039, 877, 756, 906, 863, 1079, 863, 946, 945, 1120, 877]",12
43,1803,Extras,Thai,145,202.76,202.76,0,0,1066.0,"[676, 771, 917, 784, 825, 730, 1148, 1027, 1214, 958, 985, 1066]",12
43,1847,Soup,Thai,145,196.0,196.0,0,0,108.0,"[109, 163, 176, 149, 162, 215, 161, 148, 161, 94, 108, 108]",12
43,1878,Starters,Thai,145,321.13,319.13,0,0,68.0,"[28, 122, 69, 96, 42, 82, 136, 69, 53, 40, 54, 68]",12
43,1885,Beverages,Thai,145,158.14,157.14,0,0,1958.0,"[2256, 2429, 2105, 1837, 1917, 1809, 2283, 2024, 2187, 2283, 2174, 1958]",12
43,1902,Biryani,Indian,145,447.23,445.23,0,0,40.0,"[55, 27, 68, 94, 41, 69, 69, 14, 13, 81, 81, 40]",12
43,1962,Pizza,Continental,145,564.6,563.6,0,0,514.0,"[391, 892, 917, 404, 325, 635, 648, 2067, 1405, 554, 730, 514]",12
43,1971,Sandwich,Italian,145,344.35,345.35,0,0,460.0,"[1296, 539, 339, 161, 256, 230, 351, 134, 270, 487, 541, 460]",12
43,1993,Beverages,Thai,145,158.14,157.14,0,0,474.0,"[1094, 446, 1351, 1187, 1378, 1485, 1606, 1337, 1405, 1540, 1349, 474]",12
43,2104,Fish,Continental,145,639.23,639.23,0,0,15.0,"[134, 53, 69, 107, 109, 54, 123, 229, 55, 69, 107, 15]",12
43,2126,Pasta,Italian,145,485.03,485.03,0,0,122.0,"[107, 229, 121, 177, 94, 121, 204, 190, 41, 42, 41, 122]",12
43,2139,Beverages,Indian,145,292.03,292.03,0,0,177.0,"[123, 54, 96, 95, 42, 41, 122, 204, 82, 121, 188, 177]",12
43,2290,Rice Bowl,Indian,145,298.82,298.82,0,0,1795.0,"[5658, 1608, 1743, 919, 1808, 2254, 2485, 2106, 1863, 2296, 2715, 1795]",12
43,2304,Desert,Indian,145,484.03,485.03,0,0,161.0,"[81, 188, 26, 271, 242, 257, 148, 122, 123, 135, 189, 161]",12
43,2306,Pasta,Italian,145,243.5,337.62,1,0,122.0,"[13, 53, 14, 41, 14, 41, 82, 55, 15, 15, 13, 122]",12
43,2322,Beverages,Continental,145,374.42,375.42,0,0,350.0,"[258, 499, 419, 431, 55, 177, 485, 337, 256, 258, 460, 350]",12
43,2444,Seafood,Continental,144,486.03,728.53,1,0,189.0,"[82, 258, 325, 15, 41, 41, 28, 41, 42, 55, 243, 189]",12
43,2490,Salad,Italian,145,285.24,285.24,0,0,555.0,"[581, 1025, 850, 676, 554, 540, 2011, 609, 649, 675, 1094, 555]",12
43,2492,Desert,Indian,145,389.03,388.03,0,0,81.0,"[204, 297, 81, 82, 42, 54, 68, 162, 162, 68, 55, 81]",12
43,2494,Soup,Thai,145,196.0,195.0,0,0,122.0,"[175, 256, 190, 175, 284, 161, 231, 190, 135, 204, 176, 122]",12
43,2539,Beverages,Thai,145,157.14,157.14,0,0,500.0,"[649, 190, 674, 541, 742, 622, 649, 690, 701, 663, 513, 500]",12
43,2569,Salad,Italian,145,243.53,325.98,0,0,918.0,"[217, 595, 446, 365, 311, 473, 392, 310, 323, 337, 1459, 918]",12
43,2577,Starters,Thai,145,321.13,320.13,0,0,121.0,"[40, 136, 94, 95, 80, 109, 82, 122, 55, 69, 80, 121]",12
43,2581,Pizza,Continental,145,561.63,561.63,0,0,310.0,"[257, 554, 458, 149, 298, 351, 338, 1053, 1122, 297, 406, 310]",12
43,2631,Beverages,Indian,145,164.93,164.93,0,0,175.0,"[985, 690, 539, 487, 458, 420, 297, 215, 176, 216, 271, 175]",12
43,2640,Starters,Thai,145,320.13,319.13,0,0,95.0,"[242, 257, 296, 269, 284, 404, 269, 337, 323, 392, 325, 95]",12
43,2664,Salad,Italian,145,243.47,338.59,0,0,716.0,"[163, 285, 485, 297, 526, 323, 379, 298, 339, 377, 1795, 716]",12
43,2704,Other Snacks,Thai,145,319.13,321.13,0,0,310.0,"[256, 163, 284, 487, 473, 229, 257, 189, 162, 257, 204, 310]",12
43,2707,Beverages,Italian,145,235.77,235.77,0,0,1619.0,"[1175, 487, 1458, 1270, 825, 1000, 1243, 973, 1120, 1256, 1566, 1619]",12
43,2760,Other Snacks,Thai,145,162.99,243.53,0,0,527.0,"[269, 296, 338, 121, 175, 324, 189, 177, 311, 285, 447, 527]",12
43,2826,Sandwich,Italian,145,377.33,379.33,0,0,661.0,"[730, 1079, 865, 755, 810, 1041, 865, 621, 636, 1012, 811, 661]",12
43,2867,Seafood,Continental,145,727.53,727.53,0,0,28.0,"[136, 108, 108, 81, 69, 15, 82, 15, 68, 204, 324, 28]",12
43,2956,Fish,Continental,145,640.23,639.23,0,0,67.0,"[122, 96, 40, 94, 95, 135, 338, 15, 68, 163, 122, 67]",12
50,1062,Beverages,Italian,145,154.23,158.11,1,0,257.0,"[323, 351, 297, 242, 204, 352, 244, 350, 339, 392, 297, 257]",12
50,1109,Rice Bowl,Indian,145,299.73,300.73,0,0,432.0,"[769, 204, 392, 352, 620, 513, 433, 499, 445, 636, 485, 432]",12
50,1207,Beverages,Continental,145,351.2,349.2,0,0,95.0,"[109, 55, 109, 94, 27, 41, 81, 108, 26, 28, 95, 95]",12
50,1216,Pasta,Italian,145,412.25,414.25,0,0,69.0,"[54, 69, 28, 40, 95, 26, 123, 41, 14, 53, 55, 69]",12
50,1230,Beverages,Continental,145,368.63,368.63,0,0,122.0,"[123, 108, 229, 161, 150, 81, 53, 67, 82, 136, 122, 122]",12
50,1247,Biryani,Indian,145,447.23,446.23,0,0,13.0,"[26, 41, 53, 80, 40, 40, 69, 26, 55, 13, 81, 13]",12
50,1248,Beverages,Indian,145,147.5,145.5,0,0,26.0,"[163, 107, 67, 80, 40, 40, 15, 42, 14, 40, 28, 26]",12
50,1445,Seafood,Continental,144,582.03,726.53,1,1,149.0,"[28, 82, 257, 14, 42, 109, 15, 13, 42, 80, 162, 149]",12
50,1525,Other Snacks,Thai,145,319.13,290.03,0,1,162.0,"[242, 69, 190, 188, 364, 230, 190, 68, 175, 176, 188, 162]",12
50,1543,Desert,Indian,145,483.09,482.09,0,0,82.0,"[41, 69, 80, 175, 108, 136, 42, 95, 26, 150, 108, 82]",12
50,1558,Pizza,Continental,145,547.08,549.08,0,0,95.0,"[121, 284, 258, 190, 82, 82, 80, 244, 242, 80, 95, 95]",12
50,1571,Fish,Continental,145,583.03,582.03,0,0,107.0,"[94, 81, 28, 28, 41, 242, 96, 82, 80, 150, 13, 107]",12
50,1727,Rice Bowl,Indian,145,445.23,447.23,0,0,269.0,"[163, 609, 945, 648, 161, 189, 150, 163, 122, 217, 135, 269]",12
50,1754,Sandwich,Italian,145,330.83,330.83,0,0,499.0,"[433, 405, 339, 351, 419, 377, 420, 311, 378, 459, 528, 499]",12
50,1770,Biryani,Indian,145,486.03,484.03,0,0,40.0,"[40, 14, 28, 15, 13, 15, 27, 41, 40, 40, 26, 40]",12
50,1778,Beverages,Italian,145,151.35,176.57,1,0,242.0,"[161, 231, 256, 177, 284, 177, 135, 244, 217, 364, 432, 242]",12
50,1878,Starters,Thai,145,320.13,319.13,0,0,177.0,"[54, 95, 134, 230, 109, 67, 148, 148, 177, 107, 177, 177]",12
50,1885,Beverages,Thai,145,138.77,136.77,0,0,528.0,"[566, 431, 420, 500, 621, 755, 798, 393, 703, 567, 445, 528]",12
50,1902,Biryani,Indian,144,446.23,445.23,0,0,28.0,"[27, 15, 15, 54, 94, 27, 13, 15, 40, 14, 15, 28]",12
50,1962,Pizza,Continental,145,547.08,547.08,0,0,188.0,"[285, 231, 258, 391, 284, 284, 176, 553, 432, 136, 161, 188]",12
50,1971,Sandwich,Italian,145,325.95,324.95,0,0,189.0,"[189, 217, 310, 95, 82, 161, 284, 177, 230, 177, 257, 189]",12
50,1993,Beverages,Thai,145,136.83,134.83,0,0,297.0,"[338, 217, 352, 459, 391, 285, 458, 297, 296, 405, 581, 297]",12
50,2104,Fish,Continental,145,583.03,581.03,0,0,13.0,"[149, 107, 121, 40, 54, 216, 68, 28, 55, 53, 95, 13]",12
50,2126,Pasta,Italian,145,436.53,508.31,0,1,80.0,"[67, 41, 81, 28, 27, 28, 28, 14, 96, 15, 14, 80]",12
50,2139,Beverages,Indian,145,284.24,284.24,0,0,53.0,"[53, 42, 42, 67, 42, 13, 67, 96, 68, 14, 96, 53]",12
50,2290,Rice Bowl,Indian,145,262.87,297.79,0,0,230.0,"[2377, 150, 338, 283, 514, 366, 595, 539, 364, 609, 447, 230]",12
50,2304,Desert,Indian,145,482.09,482.09,0,0,28.0,"[26, 15, 14, 41, 53, 26, 81, 26, 26, 53, 15, 28]",12
50,2306,Pasta,Italian,145,241.53,336.62,1,0,27.0,"[27, 13, 40, 42, 54, 15, 54, 55, 81, 40, 53, 27]",12
50,2322,Beverages,Continental,145,367.63,368.63,0,0,96.0,"[123, 202, 285, 82, 68, 42, 96, 69, 68, 122, 55, 96]",12
50,2444,Seafood,Continental,145,727.53,728.53,0,0,55.0,"[67, 26, 40, 122, 13, 67, 53, 26, 26, 189, 81, 55]",12
50,2490,Salad,Italian,145,292.03,291.03,0,0,82.0,"[121, 136, 150, 148, 135, 217, 324, 123, 94, 163, 94, 82]",12
50,2492,Desert,Indian,145,454.93,454.93,0,0,42.0,"[109, 109, 82, 15, 53, 69, 15, 42, 27, 13, 42, 42]",12
50,2539,Beverages,Thai,145,138.71,140.71,0,0,311.0,"[257, 82, 230, 217, 189, 202, 162, 149, 148, 310, 257, 311]",12
50,2569,Salad,Italian,145,245.44,321.07,0,0,459.0,"[123, 175, 258, 244, 258, 177, 136, 270, 243, 271, 580, 459]",12
50,2577,Starters,Thai,145,321.13,319.13,0,0,121.0,"[149, 95, 81, 40, 121, 95, 80, 69, 40, 96, 108, 121]",12
50,2581,Pizza,Continental,145,548.08,547.08,0,0,55.0,"[148, 216, 189, 148, 81, 135, 149, 418, 188, 108, 121, 55]",12
50,2631,Beverages,Indian,145,151.38,149.38,0,0,54.0,"[242, 109, 135, 95, 82, 68, 41, 54, 122, 121, 55, 54]",12
50,2640,Starters,Thai,145,321.13,321.13,0,0,122.0,"[82, 161, 231, 190, 161, 204, 231, 176, 204, 175, 134, 122]",12
50,2664,Salad,Italian,145,245.44,323.07,0,0,447.0,"[189, 229, 352, 270, 161, 176, 229, 392, 215, 202, 581, 447]",12
50,2704,Other Snacks,Thai,145,321.13,321.13,0,1,271.0,"[324, 431, 203, 445, 513, 526, 377, 323, 285, 298, 404, 271]",12
50,2707,Beverages,Italian,145,213.46,211.46,0,0,460.0,"[378, 190, 431, 204, 365, 256, 189, 364, 258, 339, 392, 460]",12
50,2760,Other Snacks,Thai,145,182.36,260.93,0,1,337.0,"[94, 14, 134, 312, 148, 204, 122, 149, 134, 150, 296, 337]",12
50,2826,Sandwich,Italian,145,327.92,326.92,0,0,230.0,"[324, 405, 676, 325, 339, 297, 379, 447, 271, 339, 229, 230]",12
50,2867,Seafood,Continental,145,727.53,726.53,0,0,14.0,"[53, 41, 68, 40, 80, 41, 13, 40, 15, 107, 26, 14]",12
51,1062,Beverages,Italian,145,188.21,187.21,0,0,620.0,"[540, 662, 460, 474, 433, 527, 554, 458, 460, 771, 756, 620]",12
51,1109,Rice Bowl,Indian,145,301.73,300.73,0,0,851.0,"[1608, 1066, 932, 528, 944, 877, 878, 689, 770, 1079, 1107, 851]",12
51,1198,Extras,Thai,145,136.8,228.01,0,0,69.0,"[136, 150, 69, 123, 68, 68, 80, 81, 69, 82, 122, 69]",12
51,1207,Beverages,Continental,145,382.18,384.18,0,0,95.0,"[107, 270, 148, 55, 15, 27, 270, 109, 136, 136, 123, 95]",12
51,1216,Pasta,Italian,145,418.13,417.13,0,0,67.0,"[81, 109, 68, 96, 161, 135, 108, 55, 42, 271, 230, 67]",12
51,1230,Beverages,Continental,145,370.57,370.57,0,0,94.0,"[150, 324, 204, 148, 42, 96, 271, 107, 109, 176, 96, 94]",12
51,1247,Biryani,Indian,145,446.23,446.23,0,0,13.0,"[14, 28, 27, 26, 68, 26, 53, 26, 82, 13, 14, 13]",12
51,1248,Beverages,Indian,145,165.93,164.93,0,0,107.0,"[377, 269, 150, 217, 136, 176, 95, 68, 123, 54, 40, 107]",12
51,1311,Extras,Thai,145,135.8,180.48,0,0,69.0,"[175, 135, 108, 121, 175, 135, 67, 148, 96, 257, 67, 69]",12
51,1438,Soup,Thai,145,194.0,195.0,0,0,42.0,"[162, 121, 135, 163, 95, 69, 202, 80, 122, 94, 54, 42]",12
51,1445,Seafood,Continental,145,728.53,727.53,0,0,13.0,"[244, 40, 80, 28, 28, 41, 55, 27, 40, 204, 337, 13]",12
51,1525,Other Snacks,Thai,145,319.13,292.03,0,1,311.0,"[393, 364, 325, 744, 419, 460, 378, 405, 377, 379, 285, 311]",12
51,1543,Desert,Indian,145,485.03,486.03,0,0,150.0,"[67, 150, 40, 339, 188, 190, 176, 109, 68, 82, 176, 150]",12
51,1558,Pizza,Continental,145,562.6,562.6,0,0,69.0,"[149, 204, 189, 204, 94, 123, 150, 620, 568, 216, 204, 69]",12
51,1571,Fish,Continental,145,639.23,640.23,0,0,177.0,"[175, 55, 108, 54, 67, 352, 420, 94, 94, 107, 216, 177]",12
51,1727,Rice Bowl,Indian,145,466.63,465.63,0,0,406.0,"[593, 1741, 1580, 1297, 391, 512, 432, 378, 420, 500, 473, 406]",12
51,1754,Sandwich,Italian,145,315.31,314.31,0,0,850.0,"[528, 1026, 892, 553, 528, 918, 906, 770, 566, 918, 877, 850]",12
51,1770,Biryani,Indian,145,484.03,484.03,0,0,14.0,"[41, 27, 53, 82, 15, 55, 15, 67, 41, 27, 28, 14]",12
51,1778,Beverages,Italian,145,190.12,192.12,0,0,581.0,"[797, 701, 473, 729, 528, 755, 702, 634, 621, 797, 661, 581]",12
51,1803,Extras,Thai,145,226.01,227.01,0,0,161.0,"[204, 148, 204, 162, 229, 243, 95, 122, 82, 243, 188, 161]",12
51,1847,Soup,Thai,145,194.0,195.0,0,0,27.0,"[40, 42, 69, 13, 95, 95, 121, 42, 69, 41, 41, 27]",12
51,1878,Starters,Thai,145,319.13,321.13,0,0,67.0,"[69, 54, 55, 82, 69, 55, 82, 41, 96, 67, 68, 67]",12
51,1885,Beverages,Thai,145,159.14,158.14,0,0,1188.0,"[1323, 1297, 1768, 1378, 1094, 958, 1554, 1041, 1392, 1688, 1647, 1188]",12
51,1902,Biryani,Indian,145,446.23,446.23,0,0,42.0,"[15, 13, 55, 96, 81, 150, 54, 14, 27, 28, 14, 42]",12
51,1962,Pizza,Continental,145,562.63,562.63,0,0,352.0,"[432, 823, 500, 433, 365, 540, 528, 1499, 1364, 621, 404, 352]",12
51,1971,Sandwich,Italian,145,345.35,346.35,0,0,271.0,"[284, 378, 310, 177, 123, 256, 297, 162, 134, 338, 135, 271]",12
51,1993,Beverages,Thai,145,160.11,159.11,0,0,324.0,"[1026, 351, 836, 863, 879, 1108, 1000, 1040, 865, 852, 850, 324]",12
51,2104,Fish,Continental,145,641.23,640.23,0,0,69.0,"[81, 41, 80, 28, 28, 297, 296, 94, 42, 42, 54, 69]",12
51,2126,Pasta,Italian,145,484.03,508.31,0,1,82.0,"[67, 53, 109, 68, 80, 27, 81, 26, 55, 55, 41, 82]",12
51,2139,Beverages,Indian,145,283.24,285.24,0,0,123.0,"[42, 80, 53, 42, 53, 27, 26, 69, 82, 41, 108, 123]",12
51,2290,Rice Bowl,Indian,145,273.6,271.6,0,0,622.0,"[3740, 1068, 771, 472, 905, 1081, 1365, 944, 958, 1229, 998, 622]",12
51,2304,Desert,Indian,145,484.03,485.03,0,0,80.0,"[80, 136, 40, 243, 203, 96, 108, 80, 54, 55, 28, 80]",12
51,2306,Pasta,Italian,145,244.5,337.62,1,0,80.0,"[15, 13, 13, 14, 14, 28, 27, 26, 15, 53, 15, 80]",12
51,2322,Beverages,Continental,145,378.33,378.33,0,0,229.0,"[244, 230, 231, 136, 121, 82, 324, 202, 256, 150, 162, 229]",12
51,2444,Seafood,Continental,144,484.03,728.53,1,1,229.0,"[325, 257, 54, 68, 13, 28, 68, 54, 14, 13, 324, 229]",12
51,2490,Salad,Italian,145,291.03,290.03,0,0,325.0,"[339, 609, 323, 296, 312, 485, 676, 487, 323, 447, 393, 325]",12
51,2492,Desert,Indian,145,387.03,389.03,0,0,42.0,"[107, 312, 55, 95, 54, 13, 28, 55, 15, 54, 42, 42]",12
51,2494,Soup,Thai,145,194.0,194.0,0,0,123.0,"[134, 122, 135, 80, 134, 122, 122, 95, 188, 107, 96, 123]",12
51,2539,Beverages,Thai,145,159.14,150.38,0,1,271.0,"[458, 136, 540, 418, 364, 528, 474, 539, 581, 446, 487, 271]",12
51,2569,Salad,Italian,145,241.53,339.56,0,1,473.0,"[283, 190, 256, 243, 256, 176, 229, 149, 256, 203, 621, 473]",12
51,2577,Starters,Thai,145,321.13,319.13,0,0,41.0,"[108, 81, 67, 54, 69, 95, 80, 55, 94, 107, 41, 41]",12
51,2581,Pizza,Continental,145,563.6,564.6,0,0,217.0,"[229, 297, 339, 269, 175, 148, 323, 960, 702, 244, 284, 217]",12
51,2631,Beverages,Indian,145,160.05,162.05,0,0,108.0,"[472, 203, 231, 190, 203, 136, 231, 69, 136, 53, 96, 108]",12
51,2640,Starters,Thai,145,320.13,321.13,0,0,68.0,"[123, 134, 134, 94, 269, 161, 231, 136, 161, 53, 96, 68]",12
51,2664,Salad,Italian,145,240.56,322.07,0,1,634.0,"[216, 310, 121, 190, 148, 175, 148, 53, 189, 271, 581, 634]",12
51,2704,Other Snacks,Thai,145,319.13,321.13,0,1,162.0,"[134, 269, 163, 378, 379, 242, 296, 216, 270, 229, 231, 162]",12
51,2707,Beverages,Italian,145,227.01,227.01,0,0,755.0,"[810, 312, 621, 798, 635, 825, 810, 823, 811, 796, 958, 755]",12
51,2760,Other Snacks,Thai,145,161.99,242.53,0,0,163.0,"[94, 122, 121, 80, 42, 136, 96, 94, 54, 203, 177, 163]",12
51,2826,Sandwich,Italian,145,378.33,379.33,0,0,689.0,"[528, 661, 635, 690, 566, 836, 675, 608, 634, 742, 433, 689]",12
51,2867,Seafood,Continental,145,726.53,726.53,0,0,28.0,"[69, 122, 150, 28, 53, 14, 15, 15, 27, 161, 96, 28]",12
51,2956,Fish,Continental,145,639.23,640.23,0,0,149.0,"[69, 95, 53, 94, 69, 55, 134, 161, 122, 108, 41, 149]",12
52,1062,Beverages,Italian,145,189.21,188.21,0,0,946.0,"[863, 797, 825, 917, 905, 744, 1025, 756, 906, 1066, 837, 946]",12
52,1109,Rice Bowl,Indian,145,300.76,300.76,0,0,1161.0,"[2107, 1554, 1201, 1295, 1553, 1431, 1458, 1403, 1269, 1526, 1134, 1161]",12
52,1198,Extras,Thai,145,166.9,193.06,0,0,513.0,"[433, 513, 378, 474, 526, 513, 514, 392, 634, 378, 595, 513]",12
52,1207,Beverages,Continental,145,388.0,389.0,0,0,149.0,"[203, 109, 68, 136, 27, 53, 95, 135, 81, 217, 203, 149]",12
52,1216,Pasta,Italian,145,435.56,435.56,0,0,123.0,"[163, 96, 203, 81, 243, 242, 231, 188, 108, 324, 325, 123]",12
52,1230,Beverages,Continental,145,382.24,380.24,0,0,80.0,"[189, 107, 231, 134, 55, 42, 96, 216, 109, 107, 162, 80]",12
52,1247,Biryani,Indian,144,447.23,447.23,0,0,27.0,"[26, 40, 27, 26, 41, 95, 68, 67, 28, 41, 41, 27]",12
52,1248,Beverages,Indian,145,164.93,164.93,0,0,134.0,"[662, 230, 163, 283, 269, 271, 460, 122, 135, 148, 123, 134]",12
52,1311,Extras,Thai,145,150.41,149.41,0,0,553.0,"[688, 702, 566, 837, 811, 675, 771, 609, 771, 811, 742, 553]",12
52,1438,Soup,Thai,145,195.0,196.0,0,0,134.0,"[149, 163, 134, 188, 121, 94, 134, 188, 230, 107, 108, 134]",12
52,1445,Seafood,Continental,145,728.53,728.53,0,0,40.0,"[460, 14, 55, 15, 26, 28, 27, 54, 108, 284, 364, 40]",12
52,1525,Other Snacks,Thai,145,319.13,320.13,0,0,406.0,"[473, 420, 458, 958, 931, 702, 474, 514, 406, 458, 393, 406]",12
52,1543,Desert,Indian,145,486.03,486.03,0,0,149.0,"[217, 161, 42, 325, 242, 242, 216, 121, 161, 188, 243, 149]",12
52,1558,Pizza,Continental,145,564.6,563.6,0,0,177.0,"[136, 351, 312, 54, 95, 148, 188, 1053, 649, 269, 244, 177]",12
52,1571,Fish,Continental,145,640.23,640.23,0,0,109.0,"[69, 134, 95, 108, 54, 177, 420, 107, 135, 96, 122, 109]",12
52,1727,Rice Bowl,Indian,145,464.63,466.63,0,0,676.0,"[890, 2186, 2161, 1635, 878, 782, 838, 689, 810, 716, 756, 676]",12
52,1754,Sandwich,Italian,145,319.16,319.16,0,0,1147.0,"[755, 986, 620, 689, 863, 890, 1067, 945, 782, 796, 904, 1147]",12
52,1770,Biryani,Indian,145,484.03,486.03,0,0,80.0,"[96, 54, 67, 55, 94, 14, 27, 26, 55, 27, 55, 80]",12
52,1778,Beverages,Italian,145,188.24,187.24,0,0,675.0,"[905, 742, 809, 716, 689, 958, 1201, 958, 1228, 1135, 1027, 675]",12
52,1803,Extras,Thai,145,180.42,180.42,0,0,609.0,"[595, 487, 607, 514, 554, 553, 688, 798, 635, 459, 539, 609]",12
52,1847,Soup,Thai,145,194.0,196.0,0,0,69.0,"[161, 82, 149, 136, 81, 203, 230, 148, 162, 135, 161, 69]",12
52,1878,Starters,Thai,145,321.13,319.13,0,0,109.0,"[96, 136, 41, 95, 149, 80, 122, 94, 121, 134, 107, 109]",12
52,1885,Beverages,Thai,145,157.14,158.14,0,0,2133.0,"[2013, 1851, 1999, 1808, 1661, 2134, 2242, 2375, 2443, 2119, 1890, 2133]",12
52,1902,Biryani,Indian,145,446.23,446.23,0,0,67.0,"[54, 40, 123, 68, 69, 95, 81, 94, 42, 68, 14, 67]",12
52,1962,Pizza,Continental,145,563.6,563.6,0,0,311.0,"[446, 944, 717, 418, 473, 419, 771, 1822, 1458, 608, 636, 311]",12
52,1971,Sandwich,Italian,145,345.35,344.35,0,0,242.0,"[242, 458, 243, 204, 177, 257, 271, 298, 323, 203, 231, 242]",12
52,1993,Beverages,Thai,145,158.14,158.14,0,0,459.0,"[1187, 446, 1216, 1201, 1093, 1257, 1268, 1338, 932, 1284, 1241, 459]",12
52,2104,Fish,Continental,145,640.23,639.23,0,0,42.0,"[95, 82, 108, 53, 136, 244, 162, 175, 68, 150, 96, 42]",12
52,2126,Pasta,Italian,145,484.03,508.31,0,1,53.0,"[109, 150, 95, 122, 107, 150, 134, 136, 177, 161, 27, 53]",12
52,2139,Beverages,Indian,145,290.03,291.03,0,0,135.0,"[53, 40, 121, 81, 68, 13, 122, 81, 80, 109, 136, 135]",12
52,2290,Rice Bowl,Indian,145,293.0,293.0,0,0,635.0,"[3673, 1160, 1162, 985, 1540, 1160, 1351, 1283, 1176, 1539, 879, 635]",12
52,2304,Desert,Indian,145,473.39,472.39,0,0,107.0,"[82, 176, 54, 379, 256, 217, 204, 162, 123, 162, 189, 107]",12
52,2306,Pasta,Italian,145,243.5,337.62,1,0,217.0,"[68, 26, 54, 26, 81, 41, 135, 96, 149, 28, 80, 217]",12
52,2322,Beverages,Continental,145,372.51,372.51,0,0,298.0,"[310, 418, 447, 323, 95, 149, 419, 296, 350, 298, 242, 298]",12
52,2444,Seafood,Continental,145,728.53,727.53,0,0,27.0,"[460, 458, 42, 28, 55, 81, 40, 54, 15, 324, 433, 27]",12
52,2490,Salad,Italian,145,292.03,291.03,0,0,243.0,"[432, 391, 432, 377, 270, 486, 1013, 474, 338, 325, 244, 243]",12
52,2492,Desert,Indian,145,389.03,387.03,0,0,123.0,"[284, 244, 109, 42, 67, 54, 81, 134, 202, 68, 108, 123]",12
52,2494,Soup,Thai,145,196.0,195.0,0,0,68.0,"[148, 215, 202, 136, 95, 150, 203, 216, 216, 108, 204, 68]",12
52,2539,Beverages,Thai,145,160.11,159.11,0,0,555.0,"[540, 175, 487, 446, 459, 566, 662, 528, 405, 568, 501, 555]",12
52,2569,Salad,Italian,145,238.62,329.83,0,0,595.0,"[554, 447, 460, 513, 419, 420, 271, 257, 472, 472, 1417, 595]",12
52,2577,Starters,Thai,145,319.13,321.13,0,0,53.0,"[190, 96, 161, 55, 134, 149, 177, 190, 203, 136, 188, 53]",12
52,2581,Pizza,Continental,145,563.63,563.63,0,0,297.0,"[215, 473, 581, 217, 339, 338, 405, 1444, 1052, 351, 418, 297]",12
52,2631,Beverages,Indian,145,164.96,164.96,0,0,296.0,"[296, 366, 460, 514, 364, 231, 432, 285, 80, 256, 243, 296]",12
52,2640,Starters,Thai,145,321.13,319.13,0,0,123.0,"[230, 297, 216, 188, 177, 323, 161, 203, 216, 256, 161, 123]",12
52,2664,Salad,Italian,145,241.56,338.56,0,0,744.0,"[501, 486, 378, 364, 622, 594, 445, 311, 512, 393, 1390, 744]",12
52,2704,Other Snacks,Thai,145,321.13,320.13,0,0,269.0,"[122, 242, 244, 919, 635, 728, 324, 231, 230, 229, 217, 269]",12
52,2707,Beverages,Italian,145,237.68,238.68,0,0,1295.0,"[1256, 512, 958, 1079, 1297, 1133, 1243, 1365, 1392, 1026, 1432, 1295]",12
52,2760,Other Snacks,Thai,145,162.99,243.53,0,0,393.0,"[379, 284, 405, 338, 270, 460, 270, 190, 285, 149, 1053, 393]",12
52,2826,Sandwich,Italian,145,379.33,378.33,0,0,540.0,"[838, 946, 743, 971, 1000, 1257, 635, 744, 593, 932, 932, 540]",12
52,2867,Seafood,Continental,145,728.53,728.53,0,0,13.0,"[393, 284, 123, 15, 54, 41, 55, 13, 94, 310, 190, 13]",12
52,2956,Fish,Continental,145,640.23,640.23,0,0,96.0,"[149, 161, 161, 134, 80, 419, 473, 94, 188, 109, 161, 96]",12
53,1062,Beverages,Italian,145,188.21,187.21,0,0,271.0,"[215, 285, 351, 377, 460, 419, 472, 337, 325, 324, 230, 271]",12
53,1109,Rice Bowl,Indian,145,272.57,272.57,0,0,339.0,"[527, 364, 377, 285, 486, 446, 472, 256, 283, 270, 339, 339]",12
53,1198,Extras,Thai,145,202.73,203.73,0,0,68.0,"[95, 68, 69, 189, 175, 123, 122, 243, 95, 177, 41, 68]",12
53,1207,Beverages,Continental,145,374.48,372.48,0,0,67.0,"[67, 149, 107, 42, 14, 27, 54, 81, 40, 95, 28, 67]",12
53,1216,Pasta,Italian,145,418.13,418.13,0,0,13.0,"[28, 55, 68, 15, 109, 55, 54, 14, 13, 69, 122, 13]",12
53,1230,Beverages,Continental,145,389.0,390.0,0,0,55.0,"[53, 122, 67, 82, 53, 67, 67, 41, 41, 121, 54, 55]",12
53,1247,Biryani,Indian,145,446.23,447.23,0,0,42.0,"[15, 55, 15, 28, 28, 13, 27, 14, 13, 13, 27, 42]",12
53,1248,Beverages,Indian,144,165.93,164.93,0,0,53.0,"[81, 215, 95, 149, 123, 134, 121, 136, 69, 42, 55, 53]",12
53,1311,Extras,Thai,145,188.18,270.63,0,0,242.0,"[108, 163, 121, 123, 217, 189, 204, 136, 80, 243, 69, 242]",12
53,1438,Soup,Thai,145,195.0,194.0,0,0,42.0,"[123, 26, 82, 54, 53, 67, 55, 95, 69, 69, 26, 42]",12
53,1445,Seafood,Continental,145,728.53,727.53,0,0,26.0,"[13, 13, 26, 298, 40, 54, 13, 14, 15, 80, 109, 26]",12
53,1525,Other Snacks,Thai,145,321.13,321.13,0,1,69.0,"[42, 121, 54, 176, 135, 161, 148, 204, 176, 80, 175, 69]",12
53,1543,Desert,Indian,145,486.03,486.03,0,0,41.0,"[28, 54, 68, 42, 82, 54, 96, 67, 54, 109, 53, 41]",12
53,1558,Pizza,Continental,145,562.6,563.6,0,0,68.0,"[68, 136, 94, 82, 80, 80, 81, 339, 204, 82, 68, 68]",12
53,1571,Fish,Continental,144,590.73,590.73,0,0,42.0,"[13, 27, 26, 40, 40, 28, 53, 96, 54, 27, 41, 42]",12
53,1727,Rice Bowl,Indian,145,448.2,448.2,0,0,203.0,"[296, 756, 514, 487, 217, 338, 217, 190, 216, 285, 202, 203]",12
53,1754,Sandwich,Italian,145,319.16,320.16,0,0,215.0,"[202, 350, 378, 188, 150, 420, 350, 432, 351, 512, 323, 215]",12
53,1770,Biryani,Indian,144,484.03,485.03,0,0,14.0,"[13, 13, 14, 28, 27, 13, 13, 13, 26, 15, 13, 14]",12
53,1778,Beverages,Italian,145,185.27,187.27,0,0,325.0,"[339, 203, 418, 243, 581, 229, 487, 379, 323, 460, 311, 325]",12
53,1803,Extras,Thai,145,147.5,209.55,0,0,190.0,"[80, 177, 162, 216, 96, 217, 162, 188, 176, 95, 163, 190]",12
53,1847,Soup,Thai,145,195.0,195.0,0,0,69.0,"[121, 122, 80, 28, 26, 82, 69, 14, 53, 68, 41, 69]",12
53,1878,Starters,Thai,144,320.13,319.13,0,1,55.0,"[27, 13, 55, 13, 13, 15, 28, 28, 15, 41, 13, 55]",12
53,1885,Beverages,Thai,145,158.14,159.14,0,0,620.0,"[661, 676, 636, 757, 636, 635, 621, 582, 810, 717, 512, 620]",12
53,1902,Biryani,Indian,144,447.23,447.23,0,0,13.0,"[14, 14, 13, 14, 28, 27, 14, 28, 40, 13, 26, 13]",12
53,1962,Pizza,Continental,145,564.6,563.6,0,0,53.0,"[176, 323, 296, 175, 136, 136, 217, 526, 797, 189, 107, 53]",12
53,1971,Sandwich,Italian,145,346.35,344.35,0,0,54.0,"[987, 82, 176, 69, 53, 136, 28, 149, 81, 67, 40, 54]",12
53,1993,Beverages,Thai,145,159.14,159.14,0,0,108.0,"[472, 108, 391, 256, 420, 378, 365, 325, 460, 419, 526, 108]",12
53,2104,Fish,Continental,145,640.23,640.23,0,0,27.0,"[28, 14, 53, 28, 26, 42, 40, 13, 54, 26, 28, 27]",12
53,2126,Pasta,Italian,145,484.03,507.31,0,1,41.0,"[28, 54, 26, 14, 26, 15, 14, 27, 40, 41, 15, 41]",12
53,2139,Beverages,Indian,145,290.03,290.03,0,0,28.0,"[28, 13, 28, 27, 41, 14, 14, 13, 27, 27, 26, 28]",12
53,2290,Rice Bowl,Indian,145,297.79,297.79,0,0,215.0,"[1270, 419, 419, 283, 419, 513, 377, 364, 378, 499, 379, 215]",12
53,2304,Desert,Indian,145,485.03,485.03,0,0,27.0,"[26, 14, 55, 28, 121, 107, 42, 53, 26, 41, 41, 27]",12
53,2306,Pasta,Italian,145,242.5,337.62,1,0,54.0,"[28, 28, 27, 28, 14, 26, 69, 14, 40, 14, 13, 54]",12
53,2322,Beverages,Continental,145,370.6,370.6,0,0,28.0,"[95, 41, 204, 122, 42, 53, 217, 14, 81, 107, 54, 28]",12
53,2444,Seafood,Continental,145,728.53,727.53,0,0,13.0,"[244, 27, 28, 42, 15, 28, 14, 13, 26, 94, 96, 13]",12
53,2490,Salad,Italian,145,280.36,280.36,0,0,190.0,"[189, 324, 176, 107, 163, 231, 296, 176, 177, 231, 135, 190]",12
53,2492,Desert,Indian,145,387.03,389.03,0,0,27.0,"[54, 68, 69, 150, 40, 27, 13, 69, 40, 14, 42, 27]",12
53,2494,Soup,Thai,145,196.0,196.0,0,0,40.0,"[95, 82, 41, 81, 14, 67, 41, 54, 69, 42, 41, 40]",12
53,2539,Beverages,Thai,145,157.17,158.17,0,0,285.0,"[175, 69, 175, 68, 136, 162, 121, 244, 163, 161, 298, 285]",12
53,2569,Salad,Italian,145,242.53,338.56,0,1,296.0,"[121, 243, 80, 109, 136, 121, 94, 107, 121, 121, 310, 296]",12
53,2577,Starters,Thai,145,321.13,319.13,0,0,69.0,"[69, 80, 53, 81, 135, 67, 54, 82, 68, 107, 55, 69]",12
53,2581,Pizza,Continental,145,564.6,563.6,0,0,54.0,"[81, 107, 95, 54, 121, 53, 121, 283, 149, 53, 26, 54]",12
53,2631,Beverages,Indian,145,163.02,162.02,0,0,69.0,"[203, 40, 123, 121, 68, 82, 94, 67, 14, 55, 80, 69]",12
53,2640,Starters,Thai,144,319.13,321.13,0,0,54.0,"[42, 80, 53, 54, 15, 27, 67, 54, 95, 55, 67, 54]",12
53,2664,Salad,Italian,145,243.53,337.62,0,1,298.0,"[189, 134, 122, 55, 27, 202, 81, 95, 217, 323, 323, 298]",12
53,2704,Other Snacks,Thai,145,320.13,321.13,0,1,81.0,"[96, 67, 109, 161, 176, 81, 68, 82, 150, 122, 41, 81]",12
53,2707,Beverages,Italian,145,235.71,237.71,0,0,392.0,"[379, 122, 554, 555, 258, 568, 487, 580, 377, 528, 539, 392]",12
53,2760,Other Snacks,Thai,145,161.99,243.53,0,1,202.0,"[54, 94, 55, 26, 82, 68, 96, 15, 53, 40, 80, 202]",12
53,2826,Sandwich,Italian,145,378.33,378.33,0,0,162.0,"[188, 162, 230, 311, 271, 364, 433, 364, 176, 215, 311, 162]",12
53,2867,Seafood,Continental,145,728.53,728.53,0,0,41.0,"[135, 107, 27, 14, 15, 15, 42, 40, 41, 27, 27, 41]",12
53,2956,Fish,Continental,145,641.23,639.23,0,0,26.0,"[14, 27, 27, 28, 15, 54, 40, 26, 13, 15, 42, 26]",12
55,1062,Beverages,Italian,145,195.03,193.03,0,0,258.0,"[283, 351, 310, 175, 53, 350, 296, 296, 257, 338, 339, 258]",12
55,1109,Rice Bowl,Indian,145,311.43,309.43,0,0,310.0,"[392, 338, 285, 296, 229, 404, 337, 257, 351, 298, 393, 310]",12
55,1198,Extras,Thai,145,189.18,190.18,0,0,122.0,"[41, 55, 109, 96, 94, 68, 134, 55, 177, 80, 41, 122]",12
55,1207,Beverages,Continental,145,389.0,388.0,0,0,42.0,"[68, 108, 230, 80, 13, 14, 134, 53, 81, 95, 136, 42]",12
55,1216,Pasta,Italian,143,291.03,436.56,1,0,41.0,"[53, 14, 13, 15, 26, 13, 27, 28, 27, 13, 13, 41]",12
55,1230,Beverages,Continental,145,380.27,381.27,0,0,96.0,"[95, 96, 134, 109, 28, 28, 217, 96, 14, 135, 257, 96]",12
55,1247,Biryani,Indian,140,389.03,446.23,0,0,15.0,"[13, 15, 15, 14, 13, 13, 26, 14, 14, 15, 14, 15]",12
55,1248,Beverages,Indian,145,161.02,162.02,0,0,68.0,"[134, 26, 14, 55, 26, 13, 107, 42, 42, 80, 54, 68]",12
55,1311,Extras,Thai,145,228.01,226.01,0,0,68.0,"[54, 243, 190, 94, 80, 150, 42, 67, 215, 68, 203, 68]",12
55,1445,Seafood,Continental,144,486.03,728.53,1,0,40.0,"[15, 40, 13, 26, 15, 26, 14, 67, 81, 15, 14, 40]",12
55,1525,Other Snacks,Thai,136,321.13,321.13,0,0,13.0,"[15, 41, 26, 41, 28, 14, 41, 42, 27, 41, 28, 13]",12
55,1543,Desert,Indian,145,484.03,485.03,0,0,26.0,"[13, 15, 42, 14, 28, 69, 109, 54, 14, 55, 13, 26]",12
55,1558,Pizza,Continental,145,562.6,563.6,0,0,41.0,"[41, 123, 80, 41, 80, 108, 148, 215, 271, 81, 163, 41]",12
55,1571,Fish,Continental,145,640.23,639.23,0,0,28.0,"[14, 14, 15, 40, 15, 13, 13, 26, 15, 14, 15, 28]",12
55,1727,Rice Bowl,Indian,145,466.63,464.63,0,0,366.0,"[458, 809, 782, 526, 431, 433, 283, 296, 419, 540, 486, 366]",12
55,1754,Sandwich,Italian,145,318.16,318.16,0,0,269.0,"[136, 324, 229, 94, 96, 258, 351, 312, 134, 163, 499, 269]",12
55,1770,Biryani,Indian,142,486.03,484.03,0,0,14.0,"[13, 13, 26, 13, 13, 15, 15, 15, 14, 15, 15, 14]",12
55,1778,Beverages,Italian,145,195.03,195.03,0,0,189.0,"[217, 271, 136, 123, 67, 296, 311, 216, 258, 216, 190, 189]",12
55,1803,Extras,Thai,145,158.11,242.53,0,0,393.0,"[67, 298, 134, 68, 161, 176, 68, 161, 202, 188, 95, 393]",12
55,1878,Starters,Thai,144,320.13,320.13,0,0,15.0,"[69, 15, 15, 15, 28, 13, 13, 15, 13, 42, 28, 15]",12
55,1885,Beverages,Thai,145,156.23,156.23,0,0,121.0,"[82, 216, 134, 96, 81, 67, 204, 107, 121, 176, 162, 121]",12
55,1902,Biryani,Indian,141,446.23,446.23,0,0,14.0,"[13, 13, 14, 15, 15, 13, 14, 14, 14, 15, 14, 14]",12
55,1962,Pizza,Continental,145,563.6,564.6,0,0,149.0,"[55, 284, 121, 96, 162, 121, 109, 298, 365, 136, 215, 149]",12
55,1971,Sandwich,Italian,145,346.35,344.35,0,0,28.0,"[809, 134, 162, 55, 27, 122, 149, 95, 53, 41, 148, 28]",12
55,1993,Beverages,Thai,145,159.14,158.14,0,0,54.0,"[189, 134, 216, 95, 161, 136, 217, 134, 189, 109, 190, 54]",12
55,2126,Pasta,Italian,142,509.25,510.25,0,0,14.0,"[13, 15, 14, 13, 15, 13, 14, 14, 27, 14, 26, 14]",12
55,2139,Beverages,Indian,145,292.03,292.03,0,0,15.0,"[13, 14, 53, 28, 14, 54, 15, 13, 14, 14, 27, 15]",12
55,2290,Rice Bowl,Indian,145,297.79,298.79,0,0,96.0,"[528, 176, 148, 42, 257, 190, 541, 323, 231, 203, 243, 96]",12
55,2304,Desert,Indian,145,486.03,485.03,0,0,14.0,"[14, 28, 27, 14, 15, 26, 40, 13, 28, 55, 26, 14]",12
55,2306,Pasta,Italian,136,335.62,336.62,0,0,14.0,"[15, 54, 54, 13, 15, 15, 13, 13, 15, 27, 14, 14]",12
55,2322,Beverages,Continental,145,385.09,386.09,0,0,204.0,"[188, 324, 136, 109, 81, 67, 231, 95, 121, 122, 217, 204]",12
55,2444,Seafood,Continental,145,727.53,727.53,0,0,26.0,"[27, 26, 15, 68, 42, 27, 108, 27, 26, 81, 95, 26]",12
55,2490,Salad,Italian,145,291.03,290.03,0,0,134.0,"[53, 406, 391, 136, 188, 323, 566, 216, 202, 175, 202, 134]",12
55,2492,Desert,Indian,145,388.03,387.03,0,0,27.0,"[55, 41, 40, 15, 15, 13, 27, 26, 15, 13, 28, 27]",12
55,2539,Beverages,Thai,145,158.11,160.11,0,0,135.0,"[107, 96, 163, 149, 134, 202, 271, 94, 82, 94, 122, 135]",12
55,2569,Salad,Italian,145,242.53,308.52,0,0,148.0,"[27, 95, 80, 41, 26, 67, 67, 54, 54, 94, 162, 148]",12
55,2577,Starters,Thai,145,319.13,320.13,0,0,13.0,"[14, 14, 26, 27, 15, 28, 15, 28, 14, 14, 13, 13]",12
55,2581,Pizza,Continental,145,562.6,563.6,0,0,80.0,"[15, 26, 162, 108, 54, 67, 148, 312, 122, 95, 150, 80]",12
55,2631,Beverages,Indian,145,165.93,165.93,0,0,96.0,"[108, 134, 95, 135, 81, 135, 134, 69, 14, 41, 81, 96]",12
55,2640,Starters,Thai,144,319.13,319.13,0,0,14.0,"[27, 15, 68, 26, 28, 108, 27, 27, 27, 27, 13, 14]",12
55,2664,Salad,Italian,145,257.05,307.52,0,0,230.0,"[325, 339, 242, 163, 258, 338, 161, 95, 366, 285, 148, 230]",12
55,2704,Other Snacks,Thai,145,319.13,319.13,0,0,42.0,"[28, 28, 27, 27, 41, 40, 14, 13, 28, 13, 53, 42]",12
55,2707,Beverages,Italian,145,237.65,238.65,0,0,162.0,"[215, 54, 95, 135, 162, 229, 258, 256, 231, 244, 204, 162]",12
55,2760,Other Snacks,Thai,144,161.99,243.53,0,0,27.0,"[14, 27, 14, 28, 26, 26, 15, 42, 40, 26, 26, 27]",12
55,2826,Sandwich,Italian,145,378.33,379.33,0,0,162.0,"[324, 269, 231, 364, 539, 298, 311, 188, 337, 365, 283, 162]",12
55,2867,Seafood,Continental,145,727.53,727.53,0,0,15.0,"[53, 15, 26, 15, 108, 54, 15, 40, 15, 95, 109, 15]",12
55,2956,Fish,Continental,144,592.73,592.73,0,0,27.0,"[67, 15, 26, 27, 96, 15, 55, 13, 13, 28, 15, 27]",12
57,1062,Beverages,Italian,145,154.29,158.11,1,0,432.0,"[297, 514, 405, 324, 229, 324, 203, 283, 432, 447, 364, 432]",12
57,1109,Rice Bowl,Indian,145,309.43,311.43,0,0,122.0,"[377, 161, 189, 81, 216, 149, 54, 68, 80, 67, 217, 122]",12
57,1207,Beverages,Continental,145,362.81,362.81,0,0,162.0,"[107, 149, 122, 82, 41, 177, 122, 175, 150, 122, 136, 162]",12
57,1216,Pasta,Italian,144,290.03,414.25,0,0,14.0,"[40, 27, 28, 15, 27, 13, 14, 15, 68, 81, 28, 14]",12
57,1230,Beverages,Continental,145,364.78,362.78,0,0,95.0,"[123, 188, 134, 161, 42, 190, 216, 122, 109, 269, 96, 95]",12
57,1247,Biryani,Indian,143,446.23,445.23,0,0,15.0,"[14, 14, 13, 14, 14, 14, 14, 26, 13, 14, 26, 15]",12
57,1248,Beverages,Indian,145,155.26,155.26,0,0,13.0,"[14, 95, 55, 15, 13, 42, 15, 15, 26, 13, 42, 13]",12
57,1445,Seafood,Continental,145,726.53,728.53,0,0,54.0,"[15, 41, 28, 42, 121, 81, 28, 13, 15, 14, 53, 54]",12
57,1525,Other Snacks,Thai,142,321.13,319.13,0,0,28.0,"[14, 14, 13, 15, 15, 14, 14, 13, 27, 13, 14, 28]",12
57,1543,Desert,Indian,145,483.09,483.09,0,0,42.0,"[42, 15, 13, 13, 13, 55, 26, 81, 27, 54, 14, 42]",12
57,1558,Pizza,Continental,145,547.08,547.08,0,0,176.0,"[149, 230, 269, 107, 95, 202, 176, 270, 270, 82, 149, 176]",12
57,1727,Rice Bowl,Indian,145,445.23,446.23,0,0,149.0,"[216, 404, 418, 338, 285, 554, 285, 216, 190, 284, 230, 149]",12
57,1754,Sandwich,Italian,145,330.83,328.83,0,0,325.0,"[566, 460, 406, 217, 176, 285, 609, 325, 310, 420, 472, 325]",12
57,1770,Biryani,Indian,144,486.03,486.03,0,0,13.0,"[14, 14, 14, 15, 15, 15, 15, 14, 14, 13, 14, 13]",12
57,1778,Beverages,Italian,145,161.05,161.99,1,0,216.0,"[150, 324, 257, 177, 108, 176, 80, 216, 189, 325, 190, 216]",12
57,1878,Starters,Thai,145,320.13,320.13,0,0,26.0,"[27, 14, 26, 14, 14, 26, 27, 40, 15, 14, 13, 26]",12
57,1885,Beverages,Thai,145,132.89,134.89,0,0,107.0,"[80, 109, 81, 80, 82, 55, 94, 108, 55, 81, 69, 107]",12
57,1902,Biryani,Indian,140,387.03,389.03,0,0,15.0,"[14, 13, 15, 28, 14, 15, 15, 28, 15, 15, 13, 15]",12
57,1962,Pizza,Continental,145,548.08,549.08,0,0,122.0,"[149, 229, 283, 69, 55, 161, 231, 310, 203, 109, 148, 122]",12
57,1971,Sandwich,Italian,145,328.86,327.86,0,0,109.0,"[258, 379, 107, 107, 109, 256, 150, 95, 123, 150, 203, 109]",12
57,1993,Beverages,Thai,145,137.74,139.74,0,0,136.0,"[121, 149, 162, 163, 107, 94, 190, 42, 134, 95, 94, 136]",12
57,2126,Pasta,Italian,145,436.53,509.31,0,0,40.0,"[14, 28, 13, 27, 40, 27, 14, 14, 55, 14, 28, 40]",12
57,2139,Beverages,Indian,145,242.53,291.03,0,0,40.0,"[13, 40, 42, 41, 27, 28, 14, 15, 14, 13, 27, 40]",12
57,2290,Rice Bowl,Indian,145,297.79,297.79,0,0,230.0,"[1715, 204, 338, 298, 420, 324, 285, 419, 244, 323, 338, 230]",12
57,2304,Desert,Indian,145,483.09,483.09,0,0,40.0,"[54, 42, 96, 14, 108, 40, 96, 27, 55, 40, 13, 40]",12
57,2306,Pasta,Italian,145,242.53,337.62,1,0,26.0,"[15, 15, 40, 69, 28, 26, 14, 14, 162, 13, 15, 26]",12
57,2322,Beverages,Continental,145,359.9,358.9,0,0,162.0,"[150, 177, 271, 94, 53, 109, 80, 96, 148, 122, 163, 162]",12
57,2444,Seafood,Continental,145,726.53,727.53,0,0,26.0,"[230, 271, 13, 27, 14, 26, 41, 26, 13, 42, 80, 26]",12
57,2490,Salad,Italian,145,291.03,292.03,0,0,161.0,"[67, 242, 148, 216, 80, 242, 567, 136, 108, 150, 107, 161]",12
57,2492,Desert,Indian,144,456.93,455.93,0,0,15.0,"[148, 15, 53, 68, 54, 109, 26, 27, 81, 41, 13, 15]",12
57,2539,Beverages,Thai,145,135.8,136.8,0,0,42.0,"[121, 96, 55, 53, 28, 54, 96, 67, 54, 54, 14, 42]",12
57,2569,Salad,Italian,145,258.05,321.07,0,0,499.0,"[377, 378, 310, 257, 229, 474, 297, 338, 351, 728, 701, 499]",12
57,2577,Starters,Thai,61,281.33,281.33,0,0,15.0,"[14, 28, 27, 13, 28, 14, 13, 14, 28, 41, 13, 15]",12
57,2581,Pizza,Continental,145,549.08,547.08,0,0,135.0,"[123, 68, 202, 13, 107, 67, 149, 528, 122, 96, 136, 135]",12
57,2631,Beverages,Indian,145,150.41,148.41,0,0,41.0,"[40, 54, 68, 69, 81, 27, 109, 55, 42, 13, 69, 41]",12
57,2640,Starters,Thai,145,320.13,320.13,0,0,13.0,"[82, 14, 82, 67, 14, 27, 13, 15, 42, 26, 28, 13]",12
57,2664,Salad,Italian,145,250.32,323.07,0,0,379.0,"[447, 433, 379, 215, 392, 487, 202, 230, 431, 554, 567, 379]",12
57,2704,Other Snacks,Thai,145,320.13,320.13,0,0,15.0,"[27, 15, 15, 14, 40, 26, 40, 26, 27, 41, 13, 15]",12
57,2707,Beverages,Italian,145,193.09,231.86,0,0,42.0,"[175, 107, 176, 150, 68, 215, 121, 123, 69, 109, 134, 42]",12
57,2760,Other Snacks,Thai,118,243.53,242.53,0,0,15.0,"[14, 13, 13, 15, 14, 15]",6
57,2826,Sandwich,Italian,145,327.92,327.92,0,0,135.0,"[366, 190, 175, 256, 258, 325, 217, 149, 190, 256, 149, 135]",12
57,2867,Seafood,Continental,145,727.53,726.53,0,1,53.0,"[15, 14, 80, 13, 15, 14, 14, 26, 28, 41, 53, 53]",12
58,1062,Beverages,Italian,145,154.29,173.69,1,0,514.0,"[501, 433, 499, 540, 337, 405, 365, 459, 649, 568, 512, 514]",12
58,1109,Rice Bowl,Indian,145,310.43,309.43,0,0,188.0,"[311, 68, 337, 204, 271, 337, 298, 177, 53, 242, 298, 188]",12
58,1207,Beverages,Continental,145,368.63,367.63,0,0,96.0,"[109, 204, 203, 121, 40, 82, 107, 161, 122, 54, 188, 96]",12
58,1216,Pasta,Italian,145,414.25,413.25,0,0,54.0,"[26, 28, 40, 28, 15, 27, 96, 107, 40, 107, 54, 54]",12
58,1230,Beverages,Continental,145,363.75,365.75,0,0,122.0,"[161, 82, 67, 161, 41, 80, 108, 176, 109, 55, 95, 122]",12
58,1247,Biryani,Indian,145,445.23,445.23,0,0,15.0,"[26, 13, 14, 14, 27, 15, 15, 13, 14, 15, 13, 15]",12
58,1248,Beverages,Indian,145,153.26,153.26,0,0,13.0,"[148, 53, 80, 13, 28, 67, 40, 40, 28, 28, 55, 13]",12
58,1445,Seafood,Continental,143,581.03,727.53,0,1,53.0,"[26, 150, 108, 26, 13, 15, 14, 13, 40, 148, 14, 53]",12
58,1525,Other Snacks,Thai,145,319.13,319.13,0,0,15.0,"[28, 26, 41, 13, 14, 27, 13, 13, 26, 13, 28, 15]",12
58,1543,Desert,Indian,145,484.09,484.09,0,0,80.0,"[67, 54, 54, 204, 107, 134, 14, 53, 67, 68, 55, 80]",12
58,1558,Pizza,Continental,145,547.08,549.08,0,0,108.0,"[53, 108, 269, 134, 41, 136, 53, 405, 310, 123, 148, 108]",12
58,1571,Fish,Continental,144,582.03,583.03,0,0,28.0,"[26, 82, 54, 55, 14, 15, 40, 40, 26, 27, 13, 28]",12
58,1727,Rice Bowl,Indian,145,447.23,447.23,0,0,256.0,"[283, 1013, 782, 514, 312, 472, 269, 243, 230, 285, 393, 256]",12
58,1754,Sandwich,Italian,145,319.13,321.13,0,0,433.0,"[296, 312, 392, 257, 230, 391, 499, 446, 485, 486, 554, 433]",12
58,1770,Biryani,Indian,139,486.03,485.03,0,0,13.0,"[14, 27, 42, 15, 14, 13, 13, 14, 13, 28, 42, 13]",12
58,1778,Beverages,Italian,145,153.32,152.35,1,0,284.0,"[217, 297, 365, 271, 270, 135, 203, 203, 337, 364, 366, 284]",12
58,1878,Starters,Thai,145,320.13,321.13,0,0,27.0,"[55, 82, 81, 40, 53, 42, 67, 69, 82, 40, 40, 27]",12
58,1885,Beverages,Thai,145,130.01,130.01,0,0,149.0,"[229, 190, 96, 67, 149, 217, 176, 175, 162, 177, 135, 149]",12
58,1902,Biryani,Indian,145,445.23,445.23,0,0,13.0,"[14, 13, 15, 15, 14, 15, 14, 13, 14, 15, 14, 13]",12
58,1962,Pizza,Continental,145,548.08,548.08,0,0,95.0,"[68, 230, 204, 27, 81, 176, 135, 378, 231, 122, 149, 95]",12
58,1971,Sandwich,Italian,145,328.86,327.86,0,0,215.0,"[230, 163, 176, 55, 69, 134, 134, 107, 42, 231, 162, 215]",12
58,1993,Beverages,Thai,145,133.86,134.86,0,0,134.0,"[175, 42, 392, 244, 108, 136, 269, 242, 244, 271, 163, 134]",12
58,2104,Fish,Continental,145,583.03,583.03,0,0,15.0,"[189, 68, 41, 15, 14, 14, 42, 82, 14, 42, 27, 15]",12
58,2126,Pasta,Italian,143,508.31,509.31,0,0,40.0,"[40, 13, 27, 80, 40, 15, 41, 14, 54, 68, 14, 40]",12
58,2139,Beverages,Indian,145,290.03,290.03,0,0,26.0,"[14, 28, 26, 42, 41, 27, 13, 26, 27, 40, 55, 26]",12
58,2290,Rice Bowl,Indian,145,297.79,297.79,0,0,150.0,"[2674, 540, 364, 149, 447, 460, 420, 378, 350, 420, 472, 150]",12
58,2304,Desert,Indian,145,483.09,483.09,0,0,41.0,"[55, 42, 54, 121, 28, 67, 26, 42, 122, 40, 14, 41]",12
58,2306,Pasta,Italian,145,243.53,335.62,1,0,82.0,"[15, 13, 42, 40, 27, 14, 15, 13, 15, 13, 26, 82]",12
58,2322,Beverages,Continental,145,368.63,368.63,0,0,96.0,"[162, 109, 204, 69, 42, 54, 123, 122, 82, 81, 82, 96]",12
58,2444,Seafood,Continental,145,728.53,728.53,0,1,13.0,"[161, 108, 13, 14, 69, 108, 14, 55, 15, 69, 82, 13]",12
58,2490,Salad,Italian,145,292.03,292.03,0,0,69.0,"[244, 190, 123, 258, 41, 217, 607, 177, 134, 215, 188, 69]",12
58,2492,Desert,Indian,145,456.93,456.93,0,0,41.0,"[107, 96, 54, 69, 42, 28, 13, 28, 26, 42, 15, 41]",12
58,2539,Beverages,Thai,145,140.68,140.68,0,0,80.0,"[122, 27, 54, 95, 41, 42, 69, 135, 94, 26, 15, 80]",12
58,2569,Salad,Italian,145,246.41,314.34,0,0,715.0,"[796, 514, 567, 404, 377, 892, 338, 350, 485, 1027, 811, 715]",12
58,2577,Starters,Thai,143,321.13,319.13,0,0,14.0,"[42, 28, 14, 13, 14, 14, 40, 15, 28, 14, 14, 14]",12
58,2581,Pizza,Continental,145,547.08,549.08,0,0,94.0,"[123, 231, 244, 81, 54, 134, 67, 528, 324, 123, 176, 94]",12
58,2631,Beverages,Indian,145,144.53,144.53,0,0,95.0,"[230, 188, 175, 162, 67, 149, 67, 107, 121, 150, 108, 95]",12
58,2640,Starters,Thai,145,320.13,320.13,0,0,40.0,"[42, 28, 26, 41, 13, 26, 54, 108, 69, 68, 53, 40]",12
58,2664,Salad,Italian,145,256.08,323.07,0,0,553.0,"[689, 352, 446, 190, 285, 501, 350, 339, 404, 717, 1026, 553]",12
58,2704,Other Snacks,Thai,145,319.13,319.13,0,0,14.0,"[15, 67, 14, 28, 53, 42, 14, 14, 42, 28, 14, 14]",12
58,2707,Beverages,Italian,145,203.76,202.76,0,0,270.0,"[215, 189, 297, 149, 217, 364, 324, 285, 365, 338, 229, 270]",12
58,2760,Other Snacks,Thai,145,184.36,262.93,0,0,53.0,"[13, 80, 14, 14, 28, 40, 40, 82, 15, 14, 55, 53]",12
58,2826,Sandwich,Italian,145,326.92,326.92,0,0,55.0,"[122, 177, 175, 136, 135, 121, 135, 81, 134, 231, 148, 55]",12
58,2867,Seafood,Continental,145,726.53,726.53,0,0,42.0,"[13, 67, 109, 14, 14, 14, 15, 14, 13, 54, 41, 42]",12
59,1062,Beverages,Italian,145,190.18,188.18,0,0,581.0,"[635, 512, 406, 405, 283, 472, 486, 513, 446, 393, 486, 581]",12
59,1109,Rice Bowl,Indian,145,284.24,285.24,0,0,810.0,"[1378, 608, 607, 365, 1041, 742, 892, 675, 649, 769, 744, 810]",12
59,1198,Extras,Thai,145,171.75,226.01,0,0,270.0,"[189, 190, 176, 202, 176, 204, 204, 148, 80, 243, 163, 270]",12
59,1207,Beverages,Continental,145,388.0,389.0,0,0,68.0,"[150, 109, 41, 54, 67, 15, 68, 27, 27, 150, 82, 68]",12
59,1216,Pasta,Italian,145,417.13,418.13,0,0,26.0,"[28, 53, 40, 40, 28, 177, 80, 41, 41, 96, 80, 26]",12
59,1230,Beverages,Continental,145,404.49,404.49,0,0,123.0,"[148, 82, 107, 202, 107, 15, 67, 26, 136, 135, 109, 123]",12
59,1247,Biryani,Indian,145,445.23,447.23,0,0,15.0,"[15, 28, 14, 40, 40, 13, 28, 55, 55, 13, 95, 15]",12
59,1248,Beverages,Indian,145,161.02,163.02,0,0,67.0,"[42, 297, 296, 216, 94, 203, 123, 123, 68, 69, 69, 67]",12
59,1311,Extras,Thai,145,202.73,202.73,0,0,270.0,"[231, 337, 230, 203, 311, 312, 419, 391, 285, 244, 404, 270]",12
59,1438,Soup,Thai,145,194.0,195.0,0,0,28.0,"[53, 26, 82, 123, 68, 135, 108, 54, 94, 68, 121, 28]",12
59,1445,Seafood,Continental,145,727.53,726.53,0,1,40.0,"[243, 68, 55, 123, 53, 107, 27, 41, 95, 202, 242, 40]",12
59,1525,Other Snacks,Thai,145,320.13,319.13,0,0,150.0,"[175, 177, 150, 406, 297, 447, 204, 269, 216, 283, 188, 150]",12
59,1543,Desert,Indian,145,486.03,485.03,0,0,122.0,"[26, 15, 68, 176, 123, 148, 109, 40, 82, 67, 40, 122]",12
59,1558,Pizza,Continental,145,563.6,563.6,0,0,67.0,"[42, 163, 257, 53, 69, 69, 177, 621, 527, 109, 188, 67]",12
59,1571,Fish,Continental,145,640.23,640.23,0,0,68.0,"[67, 42, 67, 96, 107, 80, 190, 69, 69, 148, 96, 68]",12
59,1727,Rice Bowl,Indian,145,466.63,464.63,0,0,406.0,"[406, 890, 1203, 771, 310, 258, 323, 244, 256, 243, 379, 406]",12
59,1754,Sandwich,Italian,145,320.16,319.16,0,0,580.0,"[433, 594, 688, 418, 501, 609, 541, 513, 485, 406, 634, 580]",12
59,1770,Biryani,Indian,145,484.03,484.03,0,0,27.0,"[15, 69, 15, 15, 15, 40, 26, 14, 69, 28, 41, 27]",12
59,1778,Beverages,Italian,145,194.06,193.06,0,0,285.0,"[567, 312, 285, 553, 647, 607, 635, 338, 486, 527, 472, 285]",12
59,1803,Extras,Thai,145,154.23,180.45,0,0,148.0,"[215, 188, 325, 297, 163, 242, 230, 296, 310, 188, 433, 148]",12
59,1847,Soup,Thai,145,195.0,194.0,0,0,42.0,"[55, 42, 28, 81, 28, 109, 69, 96, 121, 95, 28, 42]",12
59,1878,Starters,Thai,145,321.13,320.13,0,1,148.0,"[82, 94, 68, 121, 161, 134, 162, 135, 95, 41, 67, 148]",12
59,1885,Beverages,Thai,145,158.17,156.17,0,0,1351.0,"[1068, 1283, 1214, 1122, 1149, 1296, 1310, 1324, 1862, 1390, 1338, 1351]",12
59,1902,Biryani,Indian,145,447.23,445.23,0,0,26.0,"[13, 13, 67, 13, 42, 26, 82, 26, 40, 15, 14, 26]",12
59,1962,Pizza,Continental,145,562.6,564.6,0,0,122.0,"[161, 392, 446, 176, 270, 285, 204, 824, 593, 190, 339, 122]",12
59,1971,Sandwich,Italian,145,346.35,345.35,0,0,107.0,"[177, 230, 243, 189, 96, 216, 256, 189, 350, 108, 229, 107]",12
59,1993,Beverages,Thai,145,158.14,158.14,0,0,285.0,"[782, 175, 701, 798, 770, 918, 717, 742, 944, 1012, 784, 285]",12
59,2126,Pasta,Italian,145,486.03,485.03,0,0,28.0,"[54, 94, 109, 42, 26, 28, 108, 27, 27, 14, 68, 28]",12
59,2139,Beverages,Indian,145,292.03,292.03,0,0,26.0,"[28, 53, 15, 26, 15, 14, 54, 13, 53, 15, 13, 26]",12
59,2290,Rice Bowl,Indian,145,286.18,286.18,0,0,648.0,"[2862, 958, 891, 635, 1256, 1403, 1014, 1133, 1053, 1014, 1270, 648]",12
59,2304,Desert,Indian,145,484.03,486.03,0,0,69.0,"[55, 27, 54, 53, 54, 81, 68, 13, 26, 28, 27, 69]",12
59,2306,Pasta,Italian,145,256.08,335.62,1,0,95.0,"[14, 15, 15, 40, 54, 42, 80, 150, 40, 26, 15, 95]",12
59,2322,Beverages,Continental,145,378.3,380.3,0,0,162.0,"[162, 163, 94, 108, 136, 54, 189, 150, 175, 150, 82, 162]",12
59,2444,Seafood,Continental,145,728.53,727.53,0,0,40.0,"[431, 256, 69, 15, 14, 41, 26, 15, 13, 189, 149, 40]",12
59,2490,Salad,Italian,145,290.03,291.03,0,0,176.0,"[177, 256, 215, 243, 324, 338, 541, 204, 204, 243, 177, 176]",12
59,2492,Desert,Indian,145,388.03,388.03,0,0,53.0,"[40, 217, 149, 150, 13, 27, 67, 69, 67, 96, 26, 53]",12
59,2494,Soup,Thai,145,195.0,195.0,0,0,55.0,"[108, 54, 135, 41, 68, 82, 81, 121, 134, 109, 41, 55]",12
59,2539,Beverages,Thai,145,157.2,155.2,0,0,298.0,"[285, 107, 431, 378, 499, 512, 485, 420, 351, 256, 175, 298]",12
59,2569,Salad,Italian,145,243.53,323.07,0,0,393.0,"[189, 122, 162, 177, 216, 81, 68, 109, 134, 269, 621, 393]",12
59,2577,Starters,Thai,145,320.13,321.13,0,1,80.0,"[122, 134, 135, 82, 177, 96, 150, 176, 136, 177, 230, 80]",12
59,2581,Pizza,Continental,145,564.6,563.6,0,0,134.0,"[27, 136, 177, 161, 69, 162, 134, 607, 458, 230, 107, 134]",12
59,2631,Beverages,Indian,145,164.93,165.93,0,0,28.0,"[634, 270, 148, 189, 323, 148, 217, 14, 53, 53, 67, 28]",12
59,2640,Starters,Thai,145,319.13,320.13,0,0,68.0,"[202, 269, 243, 231, 109, 270, 296, 229, 257, 189, 231, 68]",12
59,2664,Salad,Italian,145,234.77,339.56,0,0,514.0,"[190, 121, 216, 149, 161, 148, 150, 107, 175, 244, 526, 514]",12
59,2704,Other Snacks,Thai,145,319.13,321.13,0,0,107.0,"[150, 175, 122, 217, 312, 325, 161, 123, 136, 217, 161, 107]",12
59,2707,Beverages,Italian,145,238.62,238.62,0,0,647.0,"[674, 311, 539, 446, 662, 634, 689, 593, 730, 1000, 636, 647]",12
59,2760,Other Snacks,Thai,145,165.93,241.53,0,1,459.0,"[325, 190, 134, 283, 95, 177, 150, 257, 312, 257, 256, 459]",12
59,2826,Sandwich,Italian,145,377.33,379.33,0,0,392.0,"[528, 636, 406, 540, 541, 609, 647, 513, 406, 418, 447, 392]",12
59,2867,Seafood,Continental,145,726.53,728.53,0,1,27.0,"[229, 55, 27, 40, 81, 14, 42, 27, 15, 283, 148, 27]",12
59,2956,Fish,Continental,145,640.23,640.23,0,0,53.0,"[95, 82, 80, 27, 26, 107, 149, 40, 14, 107, 82, 53]",12
61,1062,Beverages,Italian,145,159.08,153.26,1,0,378.0,"[405, 257, 284, 297, 230, 190, 244, 229, 406, 285, 472, 378]",12
61,1109,Rice Bowl,Indian,145,289.09,290.09,0,0,593.0,"[771, 393, 323, 243, 447, 270, 539, 433, 500, 593, 447, 593]",12
61,1207,Beverages,Continental,145,359.87,359.87,0,0,134.0,"[28, 82, 55, 54, 15, 26, 40, 95, 53, 68, 96, 134]",12
61,1216,Pasta,Italian,145,414.25,413.25,0,0,54.0,"[53, 42, 67, 94, 26, 94, 123, 13, 67, 107, 69, 54]",12
61,1230,Beverages,Continental,145,368.63,367.63,0,0,42.0,"[107, 123, 26, 81, 41, 41, 123, 41, 135, 53, 136, 42]",12
61,1247,Biryani,Indian,145,446.23,447.23,0,0,26.0,"[54, 15, 28, 41, 13, 27, 68, 15, 55, 54, 68, 26]",12
61,1248,Beverages,Indian,145,146.5,145.5,0,0,26.0,"[122, 175, 150, 80, 134, 41, 230, 80, 136, 136, 82, 26]",12
61,1445,Seafood,Continental,145,728.53,726.53,0,0,54.0,"[54, 42, 202, 96, 27, 82, 53, 27, 26, 80, 68, 54]",12
61,1525,Other Snacks,Thai,145,319.13,321.13,0,0,134.0,"[96, 13, 94, 108, 149, 95, 107, 68, 94, 136, 80, 134]",12
61,1543,Desert,Indian,145,484.09,484.09,0,0,68.0,"[162, 55, 96, 188, 94, 122, 28, 54, 80, 95, 123, 68]",12
61,1558,Pizza,Continental,145,548.08,548.08,0,0,162.0,"[216, 285, 269, 312, 162, 216, 215, 420, 432, 203, 270, 162]",12
61,1571,Fish,Continental,145,593.64,581.03,0,1,53.0,"[55, 40, 40, 26, 150, 149, 230, 108, 40, 41, 40, 53]",12
61,1727,Rice Bowl,Indian,145,447.23,446.23,0,0,190.0,"[217, 879, 878, 701, 350, 229, 339, 161, 190, 323, 121, 190]",12
61,1754,Sandwich,Italian,145,323.07,322.07,0,0,540.0,"[554, 499, 323, 473, 271, 620, 433, 298, 379, 432, 485, 540]",12
61,1770,Biryani,Indian,144,486.03,486.03,0,0,26.0,"[13, 14, 26, 26, 27, 27, 26, 55, 26, 26, 14, 26]",12
61,1778,Beverages,Italian,145,150.41,157.14,1,0,271.0,"[177, 230, 324, 203, 163, 256, 229, 122, 352, 350, 244, 271]",12
61,1878,Starters,Thai,145,320.13,321.13,0,0,123.0,"[190, 80, 28, 122, 67, 94, 107, 229, 68, 149, 176, 123]",12
61,1885,Beverages,Thai,145,137.77,137.77,0,0,447.0,"[703, 499, 377, 392, 473, 500, 284, 581, 609, 487, 648, 447]",12
61,1902,Biryani,Indian,145,446.23,445.23,0,0,69.0,"[14, 15, 15, 42, 14, 95, 55, 13, 28, 15, 27, 69]",12
61,1962,Pizza,Continental,145,548.08,547.08,0,0,256.0,"[177, 298, 392, 230, 150, 257, 190, 472, 311, 150, 175, 256]",12
61,1971,Sandwich,Italian,145,329.86,329.86,0,0,256.0,"[324, 270, 215, 53, 95, 175, 188, 189, 136, 204, 202, 256]",12
61,1993,Beverages,Thai,145,134.86,133.86,0,0,257.0,"[447, 364, 283, 404, 433, 499, 499, 513, 486, 459, 459, 257]",12
61,2104,Fish,Continental,145,581.03,582.03,0,0,27.0,"[41, 28, 15, 41, 150, 312, 149, 13, 42, 40, 53, 27]",12
61,2126,Pasta,Italian,145,436.53,508.31,0,0,54.0,"[41, 69, 67, 82, 54, 42, 28, 27, 28, 40, 15, 54]",12
61,2139,Beverages,Indian,145,291.03,291.03,0,0,28.0,"[82, 40, 27, 68, 14, 26, 42, 42, 53, 123, 27, 28]",12
61,2290,Rice Bowl,Indian,145,274.57,274.57,0,0,323.0,"[2943, 284, 420, 324, 566, 690, 608, 513, 513, 661, 459, 323]",12
61,2304,Desert,Indian,145,482.09,482.09,0,0,42.0,"[13, 28, 13, 13, 109, 95, 40, 15, 26, 14, 13, 42]",12
61,2306,Pasta,Italian,145,243.53,337.62,1,0,28.0,"[26, 15, 13, 14, 27, 82, 135, 13, 14, 14, 14, 28]",12
61,2322,Beverages,Continental,145,360.87,359.87,0,0,82.0,"[53, 121, 67, 81, 26, 68, 68, 13, 15, 15, 69, 82]",12
61,2444,Seafood,Continental,140,726.53,728.53,0,0,26.0,"[284, 271, 82, 67, 42, 14, 69, 163, 149, 28, 28, 26]",12
61,2490,Salad,Italian,145,292.03,290.03,0,0,162.0,"[149, 231, 215, 339, 136, 217, 310, 231, 190, 216, 190, 162]",12
61,2492,Desert,Indian,145,455.93,455.93,0,0,42.0,"[82, 68, 122, 108, 42, 69, 68, 14, 26, 28, 41, 42]",12
61,2539,Beverages,Thai,145,137.74,139.74,0,0,149.0,"[108, 41, 96, 55, 94, 122, 42, 95, 55, 80, 121, 149]",12
61,2569,Salad,Italian,145,243.5,313.34,0,0,729.0,"[445, 432, 459, 405, 231, 419, 161, 284, 432, 447, 811, 729]",12
61,2577,Starters,Thai,145,321.13,321.13,0,0,42.0,"[134, 108, 108, 109, 41, 95, 80, 82, 69, 67, 26, 42]",12
61,2581,Pizza,Continental,145,547.08,549.08,0,0,176.0,"[134, 188, 231, 162, 122, 148, 296, 312, 418, 162, 163, 176]",12
61,2631,Beverages,Indian,145,152.35,150.35,0,1,136.0,"[312, 109, 258, 270, 175, 68, 216, 121, 108, 96, 109, 136]",12
61,2640,Starters,Thai,145,319.13,321.13,0,0,176.0,"[285, 163, 257, 366, 175, 242, 203, 243, 216, 271, 163, 176]",12
61,2664,Salad,Italian,145,237.68,321.07,0,0,501.0,"[242, 230, 107, 109, 107, 366, 270, 203, 270, 391, 770, 501]",12
61,2704,Other Snacks,Thai,145,321.13,320.13,0,0,67.0,"[136, 148, 189, 202, 123, 175, 96, 121, 80, 121, 161, 67]",12
61,2707,Beverages,Italian,145,197.88,234.74,0,0,312.0,"[312, 161, 377, 351, 285, 216, 324, 312, 216, 365, 392, 312]",12
61,2760,Other Snacks,Thai,145,193.09,260.93,0,0,123.0,"[94, 95, 108, 150, 96, 69, 13, 82, 109, 41, 42, 123]",12
61,2826,Sandwich,Italian,145,327.92,326.92,0,0,270.0,"[296, 243, 366, 393, 311, 474, 391, 554, 298, 418, 364, 270]",12
61,2867,Seafood,Continental,143,583.03,727.53,0,0,122.0,"[26, 41, 203, 243, 53, 53, 69, 42, 13, 27, 40, 122]",12
61,2956,Fish,Continental,139,485.03,631.53,0,0,15.0,"[26, 53, 55, 26, 15]",5
64,1062,Beverages,Italian,145,155.26,172.66,1,0,553.0,"[663, 540, 541, 473, 472, 513, 500, 513, 703, 501, 676, 553]",12
64,1109,Rice Bowl,Indian,145,283.24,283.24,0,0,487.0,"[1068, 296, 324, 458, 324, 567, 431, 405, 324, 351, 391, 487]",12
64,1207,Beverages,Continental,145,356.96,363.81,0,1,215.0,"[190, 149, 242, 244, 123, 163, 270, 204, 230, 162, 244, 215]",12
64,1216,Pasta,Italian,145,413.25,412.25,0,0,42.0,"[26, 42, 28, 14, 80, 27, 94, 82, 41, 121, 42, 42]",12
64,1230,Beverages,Continental,145,359.87,286.21,0,1,189.0,"[163, 162, 175, 176, 81, 189, 162, 243, 150, 270, 95, 189]",12
64,1247,Biryani,Indian,145,445.23,447.23,0,0,42.0,"[14, 13, 27, 14, 28, 15, 54, 40, 14, 15, 27, 42]",12
64,1248,Beverages,Indian,145,153.26,153.26,0,0,14.0,"[26, 54, 14, 14, 13, 15, 13, 27, 28, 14, 27, 14]",12
64,1445,Seafood,Continental,145,728.53,726.53,0,0,26.0,"[55, 176, 175, 96, 14, 28, 13, 67, 55, 67, 96, 26]",12
64,1525,Other Snacks,Thai,145,320.13,320.13,0,1,40.0,"[55, 13, 94, 54, 82, 81, 96, 15, 53, 94, 14, 40]",12
64,1543,Desert,Indian,145,482.09,484.09,0,0,15.0,"[53, 55, 26, 175, 188, 26, 41, 123, 53, 55, 54, 15]",12
64,1558,Pizza,Continental,145,548.08,547.08,0,0,107.0,"[67, 69, 54, 109, 68, 68, 136, 311, 136, 123, 107, 107]",12
64,1571,Fish,Continental,134,317.25,535.47,0,0,123.0,"[13, 109, 107, 14, 27, 54, 15, 150, 68, 41, 69, 123]",12
64,1727,Rice Bowl,Indian,145,445.23,446.23,0,0,54.0,"[271, 566, 527, 420, 163, 284, 216, 123, 188, 216, 108, 54]",12
64,1754,Sandwich,Italian,145,330.83,330.83,0,0,323.0,"[269, 339, 351, 297, 121, 350, 420, 310, 203, 163, 377, 323]",12
64,1770,Biryani,Indian,145,485.03,486.03,0,0,14.0,"[14, 15, 15, 15, 28, 15, 15, 26, 14, 13, 13, 14]",12
64,1778,Beverages,Italian,145,154.23,150.41,1,0,256.0,"[243, 257, 271, 177, 284, 271, 257, 162, 297, 285, 365, 256]",12
64,1878,Starters,Thai,145,321.13,319.13,0,0,41.0,"[26, 68, 27, 42, 42, 54, 95, 28, 96, 41, 42, 41]",12
64,1885,Beverages,Thai,145,130.04,129.04,0,0,392.0,"[499, 609, 310, 323, 310, 406, 377, 406, 391, 501, 555, 392]",12
64,1902,Biryani,Indian,145,445.23,445.23,0,0,42.0,"[15, 28, 15, 69, 81, 26, 15, 15, 13, 14, 27, 42]",12
64,1962,Pizza,Continental,145,548.08,549.08,0,0,40.0,"[82, 123, 121, 80, 55, 121, 108, 163, 148, 94, 53, 40]",12
64,1971,Sandwich,Italian,145,329.86,328.86,0,0,177.0,"[487, 176, 122, 82, 26, 150, 94, 121, 80, 108, 107, 177]",12
64,1993,Beverages,Thai,145,129.07,127.07,0,0,177.0,"[256, 82, 161, 297, 203, 486, 339, 312, 406, 243, 284, 177]",12
64,2104,Fish,Continental,132,517.98,435.53,0,1,27.0,"[13, 40, 27, 26, 41, 26, 176, 175, 81, 27]",10
64,2126,Pasta,Italian,145,435.53,436.53,0,0,42.0,"[41, 40, 13, 40, 40, 41, 26, 41, 15, 15, 27, 42]",12
64,2139,Beverages,Indian,145,279.39,278.39,0,0,69.0,"[40, 42, 54, 68, 82, 40, 53, 67, 54, 68, 40, 69]",12
64,2290,Rice Bowl,Indian,145,297.79,297.79,0,0,256.0,"[1647, 486, 352, 350, 499, 352, 419, 540, 364, 431, 431, 256]",12
64,2304,Desert,Indian,145,484.09,482.09,0,0,28.0,"[14, 55, 27, 26, 27, 135, 96, 13, 53, 13, 68, 28]",12
64,2306,Pasta,Italian,145,243.53,336.62,1,0,13.0,"[55, 67, 15, 13, 13, 27, 28, 13, 28, 15, 28, 13]",12
64,2322,Beverages,Continental,145,363.81,292.03,0,1,150.0,"[122, 149, 148, 96, 40, 121, 108, 150, 150, 68, 95, 150]",12
64,2444,Seafood,Continental,144,583.03,726.53,1,0,14.0,"[42, 54, 13, 13, 28, 27, 27, 13, 15, 14, 40, 14]",12
64,2490,Salad,Italian,145,290.03,291.03,0,0,26.0,"[69, 107, 95, 69, 80, 176, 243, 68, 109, 42, 69, 26]",12
64,2492,Desert,Indian,145,455.93,456.93,0,0,69.0,"[109, 108, 68, 122, 28, 27, 108, 40, 95, 55, 28, 69]",12
64,2539,Beverages,Thai,145,126.1,127.1,0,0,149.0,"[82, 69, 176, 177, 121, 80, 95, 81, 69, 69, 107, 149]",12
64,2569,Salad,Italian,145,243.5,313.31,0,0,406.0,"[350, 312, 161, 312, 310, 568, 231, 190, 175, 406, 431, 406]",12
64,2577,Starters,Thai,144,321.13,319.13,0,0,26.0,"[28, 13, 13, 26, 41, 27, 41, 13, 26, 41, 15, 26]",12
64,2581,Pizza,Continental,145,547.08,549.08,0,0,149.0,"[68, 121, 135, 82, 135, 149, 162, 189, 123, 162, 149, 149]",12
64,2631,Beverages,Indian,145,153.26,154.26,0,0,28.0,"[256, 96, 67, 109, 26, 42, 149, 13, 27, 42, 27, 28]",12
64,2640,Starters,Thai,145,320.13,320.13,0,0,54.0,"[96, 42, 41, 96, 27, 67, 40, 81, 41, 41, 122, 54]",12
64,2664,Salad,Italian,145,242.5,321.07,0,0,392.0,"[190, 189, 176, 176, 108, 310, 121, 162, 149, 190, 231, 392]",12
64,2704,Other Snacks,Thai,145,319.13,321.13,0,0,150.0,"[149, 121, 134, 176, 203, 177, 81, 67, 150, 55, 175, 150]",12
64,2707,Beverages,Italian,145,204.67,205.67,0,0,270.0,"[285, 243, 404, 243, 310, 271, 297, 231, 177, 258, 296, 270]",12
64,2760,Other Snacks,Thai,145,182.36,261.93,0,1,80.0,"[68, 28, 108, 53, 69, 27, 54, 82, 40, 55, 55, 80]",12
64,2826,Sandwich,Italian,145,325.92,326.92,0,0,244.0,"[312, 258, 107, 163, 149, 230, 269, 162, 204, 216, 231, 244]",12
64,2867,Seafood,Continental,94,490.85,707.13,1,0,68.0,"[26, 26, 15, 14, 15, 13, 15, 26, 68, 26, 27, 68]",12
64,2956,Fish,Continental,134,315.25,435.53,0,0,123.0,"[28, 41, 13, 15, 13, 107, 94, 82, 40, 123]",10
65,1062,Beverages,Italian,145,163.02,154.23,1,0,325.0,"[323, 350, 283, 231, 296, 312, 485, 350, 487, 458, 351, 325]",12
65,1109,Rice Bowl,Indian,145,286.21,285.21,0,0,661.0,"[811, 581, 499, 458, 446, 553, 703, 621, 512, 485, 391, 661]",12
65,1207,Beverages,Continental,145,353.08,355.08,0,0,188.0,"[96, 285, 68, 188, 80, 67, 95, 80, 96, 14, 40, 188]",12
65,1216,Pasta,Italian,145,416.13,416.13,0,0,42.0,"[108, 53, 69, 81, 27, 67, 28, 121, 13, 230, 161, 42]",12
65,1230,Beverages,Continental,145,367.69,366.69,0,0,216.0,"[257, 203, 257, 149, 175, 149, 163, 162, 177, 150, 82, 216]",12
65,1247,Biryani,Indian,145,447.23,447.23,0,0,67.0,"[40, 40, 40, 81, 55, 53, 40, 26, 28, 42, 69, 67]",12
65,1248,Beverages,Indian,145,147.5,145.5,0,0,54.0,"[26, 339, 96, 204, 95, 122, 82, 53, 40, 95, 54, 54]",12
65,1445,Seafood,Continental,145,728.53,726.53,0,0,96.0,"[297, 26, 13, 27, 13, 13, 28, 96, 14, 108, 95, 96]",12
65,1525,Other Snacks,Thai,145,320.13,320.13,0,0,123.0,"[94, 107, 96, 364, 217, 136, 96, 122, 107, 96, 148, 123]",12
65,1543,Desert,Indian,145,484.09,483.09,0,0,69.0,"[40, 149, 81, 257, 134, 271, 122, 53, 55, 136, 134, 69]",12
65,1558,Pizza,Continental,145,511.19,513.19,0,0,258.0,"[283, 258, 285, 296, 134, 296, 364, 554, 487, 136, 215, 258]",12
65,1571,Fish,Continental,145,582.03,582.03,0,0,68.0,"[190, 80, 161, 94, 177, 163, 217, 123, 163, 134, 150, 68]",12
65,1727,Rice Bowl,Indian,145,418.1,418.1,0,0,204.0,"[405, 851, 837, 784, 229, 297, 231, 298, 257, 325, 297, 204]",12
65,1754,Sandwich,Italian,145,287.15,288.15,0,0,1025.0,"[917, 1148, 1012, 783, 568, 1094, 1081, 904, 972, 1133, 918, 1025]",12
65,1770,Biryani,Indian,145,486.03,484.03,0,0,14.0,"[42, 42, 67, 26, 26, 40, 14, 54, 26, 14, 14, 14]",12
65,1778,Beverages,Italian,145,158.11,158.11,1,1,229.0,"[134, 270, 217, 244, 123, 257, 190, 447, 271, 541, 325, 229]",12
65,1878,Starters,Thai,145,320.13,320.13,0,0,297.0,"[256, 231, 202, 231, 243, 296, 242, 351, 366, 366, 283, 297]",12
65,1885,Beverages,Thai,145,121.31,121.31,0,0,649.0,"[431, 676, 661, 662, 528, 661, 675, 649, 716, 647, 837, 649]",12
65,1902,Biryani,Indian,144,446.23,446.23,0,0,28.0,"[15, 42, 28, 26, 27, 14, 26, 67, 14, 28, 54, 28]",12
65,1962,Pizza,Continental,145,512.19,513.19,0,0,393.0,"[512, 634, 351, 391, 539, 460, 338, 1067, 663, 433, 621, 393]",12
65,1971,Sandwich,Italian,145,290.06,291.06,0,0,663.0,"[688, 580, 635, 377, 310, 702, 622, 501, 404, 728, 593, 663]",12
65,1993,Beverages,Thai,145,118.34,118.34,0,0,379.0,"[608, 338, 541, 582, 662, 621, 783, 702, 809, 690, 879, 379]",12
65,2104,Fish,Continental,145,582.03,582.03,0,0,134.0,"[14, 69, 107, 55, 68, 188, 136, 67, 67, 55, 123, 134]",12
65,2126,Pasta,Italian,145,437.53,507.31,0,1,55.0,"[122, 82, 54, 96, 94, 81, 53, 14, 27, 13, 13, 55]",12
65,2139,Beverages,Indian,145,290.03,291.03,0,0,55.0,"[28, 96, 80, 53, 55, 54, 55, 41, 80, 27, 28, 55]",12
65,2290,Rice Bowl,Indian,145,259.96,260.96,0,0,406.0,"[6426, 622, 701, 622, 796, 960, 716, 987, 1268, 1133, 1025, 406]",12
65,2304,Desert,Indian,145,482.09,472.39,0,1,54.0,"[67, 69, 67, 177, 53, 109, 68, 68, 42, 41, 42, 54]",12
65,2306,Pasta,Italian,145,241.53,337.62,1,0,42.0,"[54, 41, 41, 15, 81, 53, 28, 190, 28, 13, 26, 42]",12
65,2322,Beverages,Continental,145,361.81,363.81,0,0,190.0,"[204, 230, 258, 149, 54, 107, 94, 175, 176, 271, 204, 190]",12
65,2444,Seafood,Continental,145,728.53,728.53,0,0,28.0,"[82, 217, 190, 53, 68, 68, 41, 41, 27, 135, 188, 28]",12
65,2490,Salad,Italian,145,281.36,280.36,0,0,338.0,"[541, 432, 528, 446, 351, 310, 891, 339, 297, 352, 512, 338]",12
65,2492,Desert,Indian,145,446.23,445.23,0,0,26.0,"[161, 69, 122, 95, 96, 67, 67, 123, 41, 69, 55, 26]",12
65,2539,Beverages,Thai,145,118.4,116.4,0,0,366.0,"[337, 122, 392, 298, 378, 364, 432, 486, 432, 311, 242, 366]",12
65,2569,Salad,Italian,145,243.5,340.53,0,0,459.0,"[257, 242, 242, 204, 257, 231, 215, 243, 325, 298, 864, 459]",12
65,2577,Starters,Thai,145,321.13,321.13,0,0,94.0,"[68, 80, 122, 94, 94, 107, 53, 175, 27, 55, 67, 94]",12
65,2581,Pizza,Continental,145,513.19,511.19,0,0,175.0,"[202, 244, 122, 108, 94, 122, 217, 486, 339, 203, 188, 175]",12
65,2631,Beverages,Indian,145,149.41,150.41,0,0,42.0,"[40, 271, 55, 122, 80, 80, 150, 69, 109, 55, 161, 42]",12
65,2640,Starters,Thai,145,320.13,319.13,0,0,323.0,"[501, 243, 379, 311, 432, 474, 419, 311, 365, 391, 445, 323]",12
65,2664,Salad,Italian,145,235.77,340.53,0,0,377.0,"[271, 204, 231, 258, 189, 190, 216, 257, 244, 297, 824, 377]",12
65,2704,Other Snacks,Thai,145,321.13,321.13,0,0,163.0,"[162, 203, 190, 622, 350, 231, 175, 163, 188, 229, 135, 163]",12
65,2707,Beverages,Italian,145,202.76,201.76,0,0,540.0,"[486, 501, 487, 447, 420, 406, 500, 716, 593, 636, 567, 540]",12
65,2760,Other Snacks,Thai,145,184.36,261.93,0,1,311.0,"[202, 203, 123, 68, 94, 122, 107, 175, 242, 134, 325, 311]",12
65,2826,Sandwich,Italian,145,327.92,325.92,0,0,567.0,"[567, 593, 594, 607, 568, 473, 499, 566, 582, 663, 528, 567]",12
65,2867,Seafood,Continental,145,726.53,728.53,0,0,40.0,"[379, 55, 27, 80, 40, 27, 27, 15, 41, 148, 161, 40]",12
65,2956,Fish,Continental,145,582.03,583.03,0,0,95.0,"[163, 69, 13, 54, 109, 258, 244, 108, 202, 67, 69, 95]",12
66,1062,Beverages,Italian,145,161.08,152.29,1,0,607.0,"[447, 352, 527, 404, 284, 298, 269, 379, 406, 512, 447, 607]",12
66,1109,Rice Bowl,Indian,145,276.45,308.46,0,0,554.0,"[960, 405, 458, 528, 662, 540, 661, 433, 460, 676, 689, 554]",12
66,1207,Beverages,Continental,145,362.84,362.84,0,0,215.0,"[150, 242, 161, 258, 81, 162, 123, 80, 215, 136, 163, 215]",12
66,1216,Pasta,Italian,145,416.13,416.13,0,0,107.0,"[27, 28, 67, 54, 55, 81, 134, 81, 40, 96, 135, 107]",12
66,1230,Beverages,Continental,145,364.75,363.75,0,0,123.0,"[136, 149, 203, 107, 53, 161, 96, 258, 258, 108, 216, 123]",12
66,1247,Biryani,Indian,145,447.23,446.23,0,0,54.0,"[27, 13, 69, 42, 69, 13, 68, 53, 54, 27, 13, 54]",12
66,1248,Beverages,Indian,145,155.26,155.26,0,0,41.0,"[554, 108, 69, 27, 42, 82, 96, 55, 27, 14, 41, 41]",12
66,1445,Seafood,Continental,145,726.53,726.53,0,0,40.0,"[231, 26, 69, 82, 54, 27, 121, 42, 69, 96, 163, 40]",12
66,1525,Other Snacks,Thai,145,320.13,321.13,0,0,41.0,"[27, 55, 14, 94, 54, 95, 82, 68, 27, 96, 54, 41]",12
66,1543,Desert,Indian,145,482.09,482.09,0,0,107.0,"[121, 81, 55, 258, 122, 69, 108, 55, 67, 107, 53, 107]",12
66,1558,Pizza,Continental,145,513.19,511.19,0,0,94.0,"[150, 242, 188, 163, 135, 108, 231, 270, 325, 204, 176, 94]",12
66,1571,Fish,Continental,145,583.03,583.03,0,0,203.0,"[134, 123, 123, 69, 161, 351, 284, 107, 122, 161, 82, 203]",12
66,1727,Rice Bowl,Indian,145,415.22,415.22,0,0,310.0,"[365, 755, 702, 728, 216, 338, 136, 312, 190, 392, 189, 310]",12
66,1754,Sandwich,Italian,145,285.18,287.18,0,0,824.0,"[514, 634, 608, 528, 527, 783, 593, 688, 621, 837, 757, 824]",12
66,1770,Biryani,Indian,145,485.03,485.03,0,0,40.0,"[68, 27, 15, 42, 69, 27, 14, 55, 14, 69, 40, 40]",12
66,1778,Beverages,Italian,145,154.23,155.2,1,0,312.0,"[323, 190, 284, 190, 217, 190, 269, 148, 229, 323, 135, 312]",12
66,1878,Starters,Thai,145,320.13,321.13,0,0,123.0,"[244, 177, 242, 231, 190, 311, 189, 203, 230, 109, 284, 123]",12
66,1885,Beverages,Thai,145,119.31,119.31,0,0,757.0,"[472, 446, 485, 784, 674, 690, 512, 622, 688, 782, 836, 757]",12
66,1902,Biryani,Indian,143,445.23,446.23,0,0,26.0,"[15, 13, 26, 26, 13, 15, 26, 81, 41, 15, 26, 26]",12
66,1962,Pizza,Continental,145,512.19,511.19,0,0,298.0,"[176, 447, 541, 351, 229, 161, 270, 824, 744, 446, 298, 298]",12
66,1971,Sandwich,Italian,145,291.06,289.06,0,0,339.0,"[350, 325, 283, 216, 188, 270, 339, 418, 366, 432, 298, 339]",12
66,1993,Beverages,Thai,145,121.28,121.28,0,0,474.0,"[836, 257, 499, 891, 663, 690, 690, 769, 755, 783, 878, 474]",12
66,2104,Fish,Continental,145,582.03,583.03,0,0,69.0,"[40, 15, 40, 67, 54, 108, 134, 108, 229, 108, 136, 69]",12
66,2126,Pasta,Italian,144,435.53,509.31,0,0,14.0,"[67, 96, 80, 55, 53, 55, 68, 82, 42, 55, 14, 14]",12
66,2139,Beverages,Indian,145,281.3,282.3,0,0,95.0,"[28, 41, 80, 108, 67, 68, 80, 69, 67, 26, 80, 95]",12
66,2290,Rice Bowl,Indian,145,260.96,259.96,0,0,244.0,"[3807, 554, 796, 459, 728, 783, 918, 743, 771, 703, 634, 244]",12
66,2304,Desert,Indian,145,484.09,484.09,0,0,107.0,"[15, 41, 40, 215, 135, 109, 69, 27, 68, 40, 40, 107]",12
66,2306,Pasta,Italian,145,241.53,337.62,1,0,69.0,"[14, 13, 15, 40, 27, 13, 80, 95, 28, 40, 13, 69]",12
66,2322,Beverages,Continental,145,358.9,358.9,0,0,163.0,"[216, 176, 176, 297, 149, 163, 136, 216, 244, 203, 136, 163]",12
66,2444,Seafood,Continental,145,726.53,726.53,0,0,55.0,"[217, 54, 28, 68, 96, 28, 13, 28, 28, 109, 82, 55]",12
66,2490,Salad,Italian,145,280.36,279.36,0,0,161.0,"[242, 203, 418, 244, 163, 136, 392, 419, 162, 161, 107, 161]",12
66,2492,Desert,Indian,145,447.23,446.23,0,0,53.0,"[122, 149, 148, 41, 28, 54, 41, 55, 122, 42, 40, 53]",12
66,2539,Beverages,Thai,145,121.31,121.31,0,0,339.0,"[431, 283, 379, 420, 297, 393, 365, 365, 391, 365, 445, 339]",12
66,2569,Salad,Italian,145,237.68,283.24,0,0,445.0,"[203, 162, 148, 188, 177, 188, 136, 190, 242, 257, 825, 445]",12
66,2577,Starters,Thai,145,321.13,321.13,0,0,148.0,"[148, 108, 107, 148, 188, 148, 108, 189, 149, 108, 134, 148]",12
66,2581,Pizza,Continental,145,513.19,511.19,0,0,123.0,"[177, 231, 338, 203, 311, 188, 310, 636, 271, 244, 257, 123]",12
66,2631,Beverages,Indian,145,149.41,148.41,0,0,81.0,"[393, 674, 96, 96, 67, 67, 108, 42, 122, 95, 53, 81]",12
66,2640,Starters,Thai,145,319.13,321.13,0,0,217.0,"[311, 204, 283, 298, 365, 242, 244, 229, 188, 269, 297, 217]",12
66,2664,Salad,Italian,145,243.5,340.53,0,0,269.0,"[107, 188, 108, 204, 203, 258, 189, 94, 189, 351, 622, 269]",12
66,2704,Other Snacks,Thai,145,321.13,320.13,0,0,162.0,"[175, 163, 135, 284, 203, 177, 204, 121, 150, 135, 123, 162]",12
66,2707,Beverages,Italian,145,202.79,200.79,0,0,566.0,"[472, 420, 635, 647, 608, 459, 474, 486, 420, 419, 500, 566]",12
66,2760,Other Snacks,Thai,145,192.06,262.93,0,0,109.0,"[190, 67, 96, 190, 108, 109, 162, 95, 95, 54, 215, 109]",12
66,2826,Sandwich,Italian,145,326.92,325.92,0,0,539.0,"[447, 406, 312, 432, 473, 352, 420, 366, 365, 297, 539, 539]",12
66,2867,Seafood,Continental,145,728.53,727.53,0,0,15.0,"[204, 150, 67, 67, 68, 41, 67, 53, 82, 41, 109, 15]",12
66,2956,Fish,Continental,145,582.03,582.03,0,0,123.0,"[81, 122, 95, 26, 96, 202, 148, 96, 69, 135, 122, 123]",12
67,1062,Beverages,Italian,145,189.15,189.15,0,0,554.0,"[648, 501, 555, 582, 391, 474, 580, 500, 555, 890, 636, 554]",12
67,1109,Rice Bowl,Indian,145,293.94,292.94,0,0,1176.0,"[1324, 932, 757, 553, 688, 877, 1349, 743, 850, 1174, 1068, 1176]",12
67,1198,Extras,Thai,145,151.35,215.4,0,0,243.0,"[296, 323, 366, 378, 351, 485, 351, 297, 364, 203, 324, 243]",12
67,1207,Beverages,Continental,145,389.0,390.0,0,0,26.0,"[82, 82, 136, 134, 82, 41, 94, 68, 80, 26, 27, 26]",12
67,1216,Pasta,Italian,145,402.55,404.55,0,0,94.0,"[53, 149, 55, 121, 82, 163, 229, 109, 40, 229, 270, 94]",12
67,1230,Beverages,Continental,145,382.18,383.18,0,0,121.0,"[148, 96, 150, 94, 42, 27, 148, 80, 163, 69, 95, 121]",12
67,1247,Biryani,Indian,145,447.23,445.23,0,0,69.0,"[13, 27, 67, 55, 135, 95, 95, 80, 40, 80, 53, 69]",12
67,1248,Beverages,Indian,145,159.11,158.11,0,0,41.0,"[283, 148, 134, 150, 163, 176, 55, 69, 68, 82, 53, 41]",12
67,1311,Extras,Thai,145,175.63,211.46,0,0,527.0,"[323, 405, 339, 500, 433, 447, 500, 420, 296, 433, 419, 527]",12
67,1438,Soup,Thai,145,196.0,196.0,0,0,107.0,"[230, 162, 163, 162, 188, 150, 202, 135, 95, 162, 95, 107]",12
67,1445,Seafood,Continental,145,727.53,728.53,0,0,41.0,"[298, 40, 69, 95, 68, 42, 41, 40, 55, 499, 134, 41]",12
67,1525,Other Snacks,Thai,145,321.13,320.13,0,0,312.0,"[297, 445, 514, 620, 621, 474, 393, 379, 446, 352, 269, 312]",12
67,1543,Desert,Indian,145,485.03,485.03,0,0,94.0,"[27, 69, 96, 297, 243, 94, 94, 122, 134, 122, 82, 94]",12
67,1558,Pizza,Continental,145,564.6,640.23,0,0,150.0,"[217, 242, 121, 175, 80, 215, 175, 688, 715, 134, 271, 150]",12
67,1571,Fish,Continental,145,641.23,641.23,0,0,107.0,"[298, 177, 297, 109, 176, 433, 594, 94, 203, 134, 188, 107]",12
67,1727,Rice Bowl,Indian,145,466.63,466.63,0,0,568.0,"[675, 1810, 1269, 1080, 1066, 432, 568, 405, 513, 391, 582, 568]",12
67,1754,Sandwich,Italian,145,319.16,319.16,0,0,756.0,"[836, 904, 474, 580, 674, 891, 918, 865, 892, 757, 703, 756]",12
67,1770,Biryani,Indian,145,485.03,486.03,0,0,13.0,"[15, 42, 80, 53, 42, 14, 14, 13, 28, 14, 42, 13]",12
67,1778,Beverages,Italian,145,187.21,187.21,0,0,487.0,"[634, 555, 580, 446, 716, 553, 783, 622, 676, 634, 620, 487]",12
67,1803,Extras,Thai,145,192.09,192.09,0,0,620.0,"[432, 702, 566, 607, 609, 647, 567, 540, 541, 717, 366, 620]",12
67,1847,Soup,Thai,145,194.0,195.0,0,0,123.0,"[190, 216, 123, 107, 96, 80, 121, 149, 107, 95, 123, 123]",12
67,1878,Starters,Thai,145,320.13,320.13,0,0,177.0,"[204, 230, 257, 148, 121, 148, 323, 162, 216, 311, 190, 177]",12
67,1885,Beverages,Thai,145,157.14,157.14,0,0,2133.0,"[2012, 2173, 2133, 1905, 1918, 2012, 2146, 1957, 2173, 2133, 2133, 2133]",12
67,1902,Biryani,Indian,145,446.23,445.23,0,0,27.0,"[26, 26, 40, 69, 69, 14, 54, 13, 107, 28, 41, 27]",12
67,1962,Pizza,Continental,145,564.6,563.6,0,0,582.0,"[742, 852, 863, 595, 432, 730, 717, 1850, 1620, 568, 716, 582]",12
67,1971,Sandwich,Italian,145,341.47,340.47,0,0,622.0,"[1255, 527, 420, 377, 284, 703, 500, 378, 582, 580, 688, 622]",12
67,1993,Beverages,Thai,145,158.14,157.14,0,0,500.0,"[797, 364, 1270, 1121, 1270, 1255, 1540, 1134, 1311, 1322, 1175, 500]",12
67,2104,Fish,Continental,145,640.23,641.23,0,0,26.0,"[325, 96, 40, 69, 26, 82, 80, 95, 150, 41, 67, 26]",12
67,2126,Pasta,Italian,145,476.27,508.31,0,1,162.0,"[68, 109, 109, 123, 82, 96, 80, 122, 28, 14, 28, 162]",12
67,2139,Beverages,Indian,145,284.21,284.21,0,0,67.0,"[27, 41, 26, 28, 53, 26, 53, 42, 27, 95, 108, 67]",12
67,2290,Rice Bowl,Indian,145,285.21,284.21,0,0,971.0,"[4711, 1160, 1338, 1094, 1174, 1418, 1633, 1403, 1322, 1376, 1295, 971]",12
67,2304,Desert,Indian,145,484.03,486.03,0,0,81.0,"[80, 53, 67, 256, 95, 54, 28, 55, 42, 55, 41, 81]",12
67,2306,Pasta,Italian,145,244.5,336.62,1,0,121.0,"[14, 26, 14, 28, 27, 283, 94, 13, 27, 15, 27, 121]",12
67,2322,Beverages,Continental,145,379.27,379.27,0,0,325.0,"[298, 216, 269, 217, 107, 42, 229, 162, 229, 188, 162, 325]",12
67,2444,Seafood,Continental,145,727.53,728.53,0,0,40.0,"[243, 81, 82, 95, 81, 26, 82, 54, 53, 269, 433, 40]",12
67,2490,Salad,Italian,145,277.45,276.45,0,0,296.0,"[351, 339, 351, 298, 418, 662, 1162, 432, 809, 296, 446, 296]",12
67,2492,Desert,Indian,145,387.03,389.03,0,0,68.0,"[162, 162, 123, 68, 80, 26, 94, 53, 68, 40, 28, 68]",12
67,2494,Soup,Thai,145,196.0,196.0,0,0,108.0,"[121, 109, 150, 121, 41, 96, 40, 123, 122, 54, 123, 108]",12
67,2539,Beverages,Thai,145,158.11,159.11,0,0,433.0,"[593, 177, 594, 595, 485, 500, 715, 501, 647, 566, 528, 433]",12
67,2569,Salad,Italian,145,241.53,339.56,0,0,688.0,"[217, 229, 149, 270, 271, 256, 231, 190, 270, 150, 757, 688]",12
67,2577,Starters,Thai,145,319.13,321.13,0,0,366.0,"[150, 351, 231, 366, 311, 312, 284, 406, 244, 378, 337, 366]",12
67,2581,Pizza,Continental,145,564.6,564.6,0,0,108.0,"[175, 324, 215, 96, 189, 271, 284, 851, 594, 296, 175, 108]",12
67,2631,Beverages,Indian,145,162.02,161.02,0,0,82.0,"[188, 231, 95, 257, 203, 163, 161, 148, 176, 95, 134, 82]",12
67,2640,Starters,Thai,145,321.13,320.13,0,0,68.0,"[337, 350, 366, 366, 474, 364, 379, 392, 447, 324, 447, 68]",12
67,2664,Salad,Italian,145,243.53,336.65,0,1,580.0,"[271, 474, 323, 283, 366, 351, 270, 188, 242, 310, 689, 580]",12
67,2704,Other Snacks,Thai,145,321.13,321.13,0,0,365.0,"[298, 297, 325, 608, 689, 405, 325, 366, 366, 285, 231, 365]",12
67,2707,Beverages,Italian,145,232.8,234.8,0,0,1216.0,"[985, 365, 1052, 850, 878, 1014, 1149, 917, 1079, 1039, 999, 1216]",12
67,2760,Other Snacks,Thai,145,163.99,241.53,0,0,528.0,"[432, 298, 323, 242, 284, 242, 190, 215, 230, 311, 460, 528]",12
67,2826,Sandwich,Italian,145,377.33,378.33,0,0,744.0,"[608, 539, 770, 1026, 850, 919, 877, 823, 728, 690, 716, 744]",12
67,2867,Seafood,Continental,145,727.53,727.53,0,0,41.0,"[526, 68, 54, 69, 26, 82, 81, 14, 54, 352, 364, 41]",12
67,2956,Fish,Continental,145,641.23,640.23,0,0,107.0,"[148, 298, 134, 177, 121, 337, 433, 148, 161, 95, 96, 107]",12
68,1062,Beverages,Italian,145,158.17,155.23,1,0,365.0,"[284, 352, 284, 203, 351, 203, 285, 393, 527, 337, 257, 365]",12
68,1109,Rice Bowl,Indian,145,288.12,289.12,0,0,364.0,"[1094, 392, 310, 473, 594, 473, 445, 485, 607, 568, 487, 364]",12
68,1207,Beverages,Continental,145,333.71,334.71,0,0,68.0,"[42, 53, 95, 82, 28, 28, 55, 14, 41, 14, 40, 68]",12
68,1216,Pasta,Italian,145,416.13,417.13,0,0,13.0,"[13, 27, 15, 82, 40, 82, 15, 82, 15, 14, 54, 13]",12
68,1230,Beverages,Continental,145,309.43,357.99,0,0,26.0,"[96, 80, 41, 42, 40, 95, 55, 55, 26, 27, 67, 26]",12
68,1247,Biryani,Indian,145,446.23,446.23,0,0,41.0,"[41, 27, 40, 15, 27, 82, 41, 41, 41, 26, 14, 41]",12
68,1248,Beverages,Indian,144,154.26,153.26,0,0,69.0,"[53, 28, 134, 13, 163, 121, 82, 69, 53, 15, 55, 69]",12
68,1445,Seafood,Continental,145,692.64,691.64,0,0,54.0,"[257, 15, 96, 55, 41, 28, 40, 96, 42, 109, 69, 54]",12
68,1525,Other Snacks,Thai,145,320.13,320.13,0,0,162.0,"[215, 149, 96, 204, 215, 162, 136, 95, 204, 134, 163, 162]",12
68,1543,Desert,Indian,145,482.09,483.09,0,0,68.0,"[55, 27, 122, 298, 136, 190, 95, 42, 109, 189, 68, 68]",12
68,1558,Pizza,Continental,145,511.19,512.19,0,0,95.0,"[96, 216, 244, 135, 108, 123, 177, 325, 243, 150, 82, 95]",12
68,1571,Fish,Continental,145,582.03,582.03,0,0,55.0,"[82, 27, 67, 14, 69, 190, 94, 121, 82, 107, 135, 55]",12
68,1727,Rice Bowl,Indian,145,423.95,422.95,0,0,244.0,"[339, 742, 743, 595, 149, 244, 175, 123, 177, 135, 189, 244]",12
68,1754,Sandwich,Italian,145,291.03,290.03,0,0,458.0,"[568, 595, 648, 851, 338, 391, 568, 607, 566, 447, 567, 458]",12
68,1770,Biryani,Indian,144,486.03,486.03,0,0,14.0,"[40, 14, 53, 15, 42, 14, 15, 15, 13, 13, 14, 14]",12
68,1778,Beverages,Italian,145,161.05,152.32,1,0,108.0,"[161, 135, 135, 149, 94, 136, 108, 188, 244, 69, 190, 108]",12
68,1878,Starters,Thai,145,319.13,321.13,0,0,94.0,"[82, 134, 94, 136, 81, 134, 108, 96, 67, 162, 135, 94]",12
68,1885,Beverages,Thai,145,119.31,121.31,0,0,337.0,"[298, 339, 243, 473, 229, 297, 366, 312, 339, 311, 378, 337]",12
68,1902,Biryani,Indian,145,447.23,447.23,0,0,42.0,"[15, 13, 14, 26, 42, 28, 15, 15, 26, 42, 53, 42]",12
68,1962,Pizza,Continental,145,511.19,511.19,0,0,310.0,"[231, 500, 405, 229, 175, 283, 285, 474, 701, 325, 202, 310]",12
68,1971,Sandwich,Italian,145,289.06,289.06,0,0,217.0,"[298, 176, 379, 204, 189, 284, 283, 325, 190, 270, 256, 217]",12
68,1993,Beverages,Thai,145,120.34,120.34,0,0,189.0,"[474, 150, 418, 553, 432, 487, 393, 431, 595, 392, 405, 189]",12
68,2104,Fish,Continental,145,582.03,581.03,0,0,40.0,"[67, 67, 55, 80, 55, 108, 123, 40, 26, 80, 81, 40]",12
68,2126,Pasta,Italian,145,437.53,509.31,0,1,55.0,"[94, 68, 121, 68, 53, 28, 68, 55, 94, 27, 26, 55]",12
68,2139,Beverages,Indian,145,283.24,284.24,0,0,53.0,"[26, 42, 80, 13, 40, 41, 26, 123, 53, 28, 53, 53]",12
68,2290,Rice Bowl,Indian,145,261.96,261.96,0,0,338.0,"[2470, 512, 459, 404, 474, 486, 486, 662, 472, 527, 350, 338]",12
68,2304,Desert,Indian,145,483.09,482.09,0,0,40.0,"[13, 67, 42, 149, 54, 95, 55, 81, 13, 80, 54, 40]",12
68,2306,Pasta,Italian,145,242.53,335.62,1,0,15.0,"[14, 41, 28, 13, 14, 26, 40, 26, 69, 40, 28, 15]",12
68,2322,Beverages,Continental,145,369.63,369.63,0,0,53.0,"[109, 204, 108, 82, 14, 14, 54, 95, 80, 15, 96, 53]",12
68,2444,Seafood,Continental,145,727.53,727.53,0,0,41.0,"[14, 15, 26, 69, 15, 13, 15, 42, 55, 81, 67, 41]",12
68,2490,Salad,Italian,145,280.36,279.36,0,0,107.0,"[297, 148, 243, 162, 107, 190, 177, 82, 148, 189, 136, 107]",12
68,2492,Desert,Indian,145,446.23,445.23,0,0,69.0,"[177, 95, 15, 54, 40, 28, 14, 27, 82, 54, 53, 69]",12
68,2539,Beverages,Thai,145,120.31,121.31,0,1,203.0,"[391, 269, 217, 121, 177, 161, 256, 258, 202, 256, 230, 203]",12
68,2569,Salad,Italian,145,245.44,338.53,0,0,378.0,"[202, 96, 95, 298, 122, 190, 175, 175, 162, 108, 338, 378]",12
68,2577,Starters,Thai,145,319.13,321.13,0,0,82.0,"[81, 188, 42, 134, 54, 42, 95, 94, 41, 69, 13, 82]",12
68,2581,Pizza,Continental,145,511.19,513.19,0,0,256.0,"[82, 163, 163, 161, 109, 204, 148, 297, 419, 135, 150, 256]",12
68,2631,Beverages,Indian,145,148.44,147.44,0,0,69.0,"[41, 257, 53, 177, 258, 148, 40, 94, 15, 41, 80, 69]",12
68,2640,Starters,Thai,145,320.13,321.13,0,0,177.0,"[108, 177, 176, 161, 95, 108, 121, 176, 109, 95, 96, 177]",12
68,2664,Salad,Italian,145,247.38,340.53,0,0,269.0,"[107, 123, 122, 135, 189, 69, 162, 123, 231, 190, 258, 269]",12
68,2704,Other Snacks,Thai,145,319.13,321.13,0,0,135.0,"[217, 135, 177, 258, 243, 269, 230, 175, 175, 188, 229, 135]",12
68,2707,Beverages,Italian,145,209.58,207.58,0,0,229.0,"[337, 161, 406, 258, 366, 176, 365, 283, 352, 134, 458, 229]",12
68,2760,Other Snacks,Thai,145,183.36,260.93,0,0,148.0,"[94, 80, 135, 107, 109, 69, 136, 67, 80, 107, 96, 148]",12
68,2826,Sandwich,Italian,145,327.92,325.92,0,0,242.0,"[162, 217, 242, 459, 135, 285, 229, 203, 269, 271, 176, 242]",12
68,2867,Seafood,Continental,145,697.43,697.43,0,0,69.0,"[68, 14, 28, 27, 107, 42, 13, 41, 40, 122, 80, 69]",12
68,2956,Fish,Continental,145,581.03,581.03,0,0,121.0,"[109, 135, 136, 53, 134, 258, 215, 136, 161, 135, 96, 121]",12
72,1062,Beverages,Italian,145,188.24,187.24,0,0,406.0,"[474, 539, 473, 459, 364, 593, 446, 539, 446, 512, 460, 406]",12
72,1109,Rice Bowl,Indian,145,309.43,311.43,0,0,526.0,"[715, 296, 269, 269, 513, 580, 526, 528, 582, 594, 607, 526]",12
72,1198,Extras,Thai,141,171.75,338.53,0,0,28.0,"[27, 122, 54, 15, 53, 122, 40, 28, 107, 40, 14, 28]",12
72,1207,Beverages,Continental,145,386.06,386.06,0,0,230.0,"[121, 257, 189, 215, 68, 94, 136, 81, 134, 379, 150, 230]",12
72,1216,Pasta,Italian,145,416.13,418.13,0,0,42.0,"[54, 53, 26, 67, 14, 69, 148, 27, 54, 189, 80, 42]",12
72,1230,Beverages,Continental,145,410.34,411.34,0,0,136.0,"[161, 379, 190, 188, 94, 95, 271, 216, 148, 108, 189, 136]",12
72,1247,Biryani,Indian,143,446.23,445.23,0,0,13.0,"[14, 13, 26, 53, 26, 28, 13, 40, 15, 26, 13, 13]",12
72,1248,Beverages,Indian,145,160.11,158.11,0,0,42.0,"[271, 123, 109, 95, 135, 109, 203, 27, 80, 27, 68, 42]",12
72,1311,Extras,Thai,145,146.5,340.53,0,0,95.0,"[54, 41, 94, 96, 41, 68, 28, 27, 26, 14, 82, 95]",12
72,1438,Soup,Thai,145,196.0,194.0,0,0,95.0,"[134, 82, 135, 82, 80, 108, 94, 96, 82, 13, 122, 95]",12
72,1445,Seafood,Continental,144,484.03,728.53,1,0,244.0,"[54, 13, 229, 122, 42, 14, 14, 41, 40, 13, 311, 244]",12
72,1525,Other Snacks,Thai,145,319.13,320.13,0,0,96.0,"[82, 42, 27, 163, 148, 96, 123, 107, 27, 80, 82, 96]",12
72,1543,Desert,Indian,145,485.03,484.03,0,0,42.0,"[14, 15, 15, 94, 95, 28, 28, 28, 41, 41, 40, 42]",12
72,1558,Pizza,Continental,145,562.63,562.63,0,0,148.0,"[163, 474, 135, 229, 108, 230, 121, 649, 418, 148, 256, 148]",12
72,1571,Fish,Continental,145,641.23,640.23,0,0,40.0,"[53, 68, 28, 27, 96, 26, 28, 136, 68, 108, 41, 40]",12
72,1727,Rice Bowl,Indian,145,466.63,466.63,0,0,256.0,"[418, 1796, 1270, 1081, 271, 526, 217, 324, 296, 339, 445, 256]",12
72,1754,Sandwich,Italian,145,320.16,318.16,0,0,593.0,"[474, 1026, 648, 337, 269, 1093, 825, 621, 567, 757, 810, 593]",12
72,1770,Biryani,Indian,140,486.03,486.03,0,0,13.0,"[27, 15, 28, 13, 13, 41, 15, 26, 15, 15, 13, 13]",12
72,1778,Beverages,Italian,145,193.06,194.06,0,0,377.0,"[501, 447, 325, 296, 312, 366, 378, 352, 404, 501, 620, 377]",12
72,1803,Extras,Thai,145,188.18,283.27,0,0,121.0,"[95, 69, 148, 67, 53, 40, 82, 81, 242, 109, 80, 121]",12
72,1847,Soup,Thai,145,196.0,195.0,0,0,80.0,"[53, 94, 69, 54, 96, 136, 109, 94, 123, 69, 69, 80]",12
72,1878,Starters,Thai,144,320.13,319.13,0,0,15.0,"[14, 28, 14, 14, 13, 15, 15, 41, 69, 42, 42, 15]",12
72,1885,Beverages,Thai,145,158.11,152.35,0,1,690.0,"[1106, 1309, 864, 1120, 850, 1134, 985, 944, 783, 877, 716, 690]",12
72,1902,Biryani,Indian,144,445.23,447.23,0,0,13.0,"[26, 13, 15, 27, 15, 15, 28, 13, 15, 15, 14, 13]",12
72,1962,Pizza,Continental,145,562.6,564.6,0,0,283.0,"[229, 485, 324, 310, 285, 296, 257, 863, 973, 393, 256, 283]",12
72,1971,Sandwich,Italian,145,346.35,346.35,0,0,122.0,"[81, 404, 175, 121, 123, 148, 189, 107, 135, 203, 202, 122]",12
72,1993,Beverages,Thai,145,158.11,145.5,0,1,271.0,"[715, 244, 689, 783, 703, 904, 918, 647, 715, 689, 608, 271]",12
72,2126,Pasta,Italian,145,453.02,507.31,0,1,40.0,"[13, 41, 14, 28, 53, 15, 28, 54, 26, 40, 15, 40]",12
72,2139,Beverages,Indian,145,291.03,292.03,0,0,14.0,"[26, 15, 27, 15, 27, 15, 13, 42, 15, 15, 13, 14]",12
72,2290,Rice Bowl,Indian,145,297.79,297.79,0,0,311.0,"[1958, 338, 203, 296, 568, 568, 485, 528, 377, 458, 702, 311]",12
72,2304,Desert,Indian,145,486.03,485.03,0,0,13.0,"[54, 14, 40, 26, 42, 42, 13, 28, 14, 28, 14, 13]",12
72,2306,Pasta,Italian,145,242.5,336.62,1,0,95.0,"[14, 14, 26, 15, 26, 13, 54, 81, 40, 27, 13, 95]",12
72,2322,Beverages,Continental,145,388.0,388.0,0,0,162.0,"[161, 472, 229, 68, 96, 229, 364, 217, 135, 175, 215, 162]",12
72,2444,Seafood,Continental,144,485.03,728.53,1,1,204.0,"[15, 257, 135, 14, 53, 14, 14, 13, 82, 15, 204, 204]",12
72,2490,Salad,Italian,145,290.03,291.03,0,0,96.0,"[366, 580, 323, 257, 190, 431, 728, 242, 283, 540, 323, 96]",12
72,2492,Desert,Indian,145,389.03,387.03,0,0,13.0,"[67, 108, 107, 55, 108, 27, 41, 13, 27, 14, 14, 13]",12
72,2494,Soup,Thai,145,195.0,195.0,0,0,108.0,"[123, 26, 69, 81, 54, 40, 53, 94, 81, 81, 108, 108]",12
72,2539,Beverages,Thai,145,157.14,157.14,0,0,433.0,"[244, 55, 150, 176, 271, 323, 324, 162, 215, 364, 392, 433]",12
72,2569,Salad,Italian,145,243.53,338.56,0,0,325.0,"[244, 269, 243, 297, 203, 161, 177, 377, 404, 270, 271, 325]",12
72,2577,Starters,Thai,145,321.13,321.13,0,0,26.0,"[55, 80, 69, 40, 55, 82, 27, 109, 81, 55, 41, 26]",12
72,2581,Pizza,Continental,145,564.6,562.6,0,0,312.0,"[123, 688, 460, 134, 177, 283, 176, 729, 744, 365, 149, 312]",12
72,2631,Beverages,Indian,145,163.93,164.93,0,0,55.0,"[94, 107, 107, 67, 41, 96, 204, 69, 81, 13, 26, 55]",12
72,2640,Starters,Thai,145,321.13,319.13,0,0,14.0,"[15, 41, 27, 54, 80, 14, 69, 14, 94, 26, 81, 14]",12
72,2664,Salad,Italian,145,247.35,339.56,0,0,459.0,"[351, 379, 364, 418, 269, 365, 296, 283, 312, 323, 433, 459]",12
72,2704,Other Snacks,Thai,143,320.13,321.13,0,0,41.0,"[40, 26, 14, 42, 13, 68, 54, 81, 53, 28, 28, 41]",12
72,2707,Beverages,Italian,145,239.62,238.62,0,0,379.0,"[553, 135, 620, 568, 594, 662, 701, 716, 527, 553, 770, 379]",12
72,2760,Other Snacks,Thai,145,161.99,242.53,0,0,68.0,"[54, 13, 26, 13, 14, 28, 15, 13, 26, 15, 69, 68]",12
72,2826,Sandwich,Italian,145,379.33,379.33,0,0,540.0,"[339, 676, 432, 676, 500, 729, 594, 690, 825, 933, 567, 540]",12
72,2867,Seafood,Continental,144,486.03,727.53,1,0,150.0,"[13, 15, 123, 81, 28, 14, 15, 54, 13, 13, 80, 150]",12
72,2956,Fish,Continental,141,591.73,592.73,0,0,14.0,"[26, 26, 13, 67, 14, 13, 13, 15, 15, 15, 41, 14]",12
73,1062,Beverages,Italian,145,146.53,154.29,1,1,271.0,"[202, 229, 243, 258, 96, 123, 150, 257, 230, 150, 270, 271]",12
73,1109,Rice Bowl,Indian,145,262.87,263.87,0,0,270.0,"[676, 526, 339, 339, 310, 296, 270, 190, 176, 366, 379, 270]",12
73,1207,Beverages,Continental,145,367.63,368.63,0,0,69.0,"[81, 68, 107, 189, 26, 54, 69, 68, 67, 96, 94, 69]",12
73,1216,Pasta,Italian,145,416.13,416.13,0,0,28.0,"[28, 41, 27, 28, 15, 26, 80, 28, 26, 81, 28, 28]",12
73,1230,Beverages,Continental,145,356.96,356.96,0,0,122.0,"[135, 107, 123, 55, 27, 68, 68, 68, 68, 28, 69, 122]",12
73,1247,Biryani,Indian,145,445.23,447.23,0,0,28.0,"[15, 40, 14, 42, 15, 15, 67, 27, 13, 26, 15, 28]",12
73,1248,Beverages,Indian,145,155.26,155.26,0,0,27.0,"[13, 162, 109, 67, 80, 81, 67, 69, 42, 26, 69, 27]",12
73,1445,Seafood,Continental,144,582.03,726.53,1,0,69.0,"[42, 40, 13, 107, 161, 28, 27, 13, 15, 41, 27, 69]",12
73,1525,Other Snacks,Thai,145,321.13,319.13,0,0,27.0,"[42, 40, 96, 136, 109, 80, 55, 27, 40, 15, 14, 27]",12
73,1543,Desert,Indian,145,484.09,483.09,0,0,161.0,"[82, 67, 149, 177, 202, 134, 161, 215, 109, 96, 149, 161]",12
73,1558,Pizza,Continental,145,512.19,513.19,0,0,109.0,"[121, 392, 323, 177, 134, 121, 202, 418, 378, 148, 231, 109]",12
73,1727,Rice Bowl,Indian,145,382.18,384.18,0,0,217.0,"[217, 339, 608, 242, 135, 229, 148, 109, 229, 217, 202, 217]",12
73,1754,Sandwich,Italian,145,292.03,292.03,0,0,501.0,"[566, 676, 635, 634, 418, 593, 621, 445, 528, 446, 635, 501]",12
73,1770,Biryani,Indian,145,440.38,442.38,0,0,55.0,"[67, 27, 40, 14, 41, 13, 15, 13, 28, 15, 13, 55]",12
73,1778,Beverages,Italian,145,159.08,156.17,1,1,188.0,"[271, 109, 202, 81, 202, 80, 256, 121, 163, 216, 190, 188]",12
73,1878,Starters,Thai,144,321.13,320.13,0,0,67.0,"[95, 41, 55, 26, 13, 42, 26, 54, 26, 13, 53, 67]",12
73,1885,Beverages,Thai,145,118.34,119.34,0,0,338.0,"[404, 271, 230, 419, 256, 366, 337, 216, 298, 258, 297, 338]",12
73,1902,Biryani,Indian,143,445.23,446.23,0,0,14.0,"[28, 28, 13, 15, 14, 13, 13, 27, 13, 15, 28, 14]",12
73,1962,Pizza,Continental,145,512.19,512.19,0,0,163.0,"[244, 338, 285, 189, 230, 176, 243, 539, 431, 269, 163, 163]",12
73,1971,Sandwich,Italian,145,290.06,290.06,0,0,203.0,"[338, 325, 215, 244, 123, 392, 285, 177, 189, 337, 433, 203]",12
73,1993,Beverages,Thai,145,121.31,120.31,0,0,244.0,"[472, 177, 229, 352, 217, 285, 310, 203, 298, 256, 283, 244]",12
73,2126,Pasta,Italian,143,509.31,508.31,0,0,28.0,"[69, 54, 42, 28, 53, 67, 13, 68, 55, 41, 15, 28]",12
73,2139,Beverages,Indian,145,291.03,291.03,0,0,94.0,"[26, 26, 13, 40, 69, 26, 26, 27, 28, 15, 42, 94]",12
73,2290,Rice Bowl,Indian,145,254.17,253.17,0,0,513.0,"[2809, 337, 296, 393, 513, 756, 647, 688, 405, 446, 540, 513]",12
73,2304,Desert,Indian,145,483.09,482.09,0,1,54.0,"[80, 69, 108, 177, 162, 96, 107, 42, 68, 42, 95, 54]",12
73,2306,Pasta,Italian,145,272.57,336.62,1,0,42.0,"[41, 42, 15, 14, 14, 27, 40, 95, 14, 40, 14, 42]",12
73,2322,Beverages,Continental,145,359.87,360.87,0,0,149.0,"[271, 121, 148, 42, 14, 67, 123, 40, 109, 94, 162, 149]",12
73,2444,Seafood,Continental,145,726.53,727.53,0,0,28.0,"[40, 14, 55, 95, 14, 26, 41, 14, 15, 27, 27, 28]",12
73,2490,Salad,Italian,145,281.36,279.36,0,0,69.0,"[176, 148, 203, 175, 123, 122, 554, 121, 96, 189, 217, 69]",12
73,2492,Desert,Indian,145,447.23,445.23,0,0,96.0,"[258, 28, 54, 68, 28, 53, 41, 68, 67, 27, 28, 96]",12
73,2539,Beverages,Thai,145,117.37,117.37,0,0,82.0,"[150, 95, 175, 150, 242, 95, 67, 94, 80, 40, 67, 82]",12
73,2569,Salad,Italian,145,243.5,339.53,0,0,675.0,"[352, 257, 284, 298, 284, 285, 392, 189, 391, 393, 701, 675]",12
73,2577,Starters,Thai,145,319.13,320.13,0,0,13.0,"[95, 28, 15, 14, 27, 54, 42, 81, 26, 13, 15, 13]",12
73,2581,Pizza,Continental,145,511.19,512.19,0,0,107.0,"[190, 339, 190, 108, 204, 150, 310, 458, 203, 229, 121, 107]",12
73,2631,Beverages,Indian,145,151.35,151.35,0,0,68.0,"[121, 177, 123, 163, 122, 162, 136, 122, 42, 41, 68, 68]",12
73,2640,Starters,Thai,145,321.13,320.13,0,0,40.0,"[123, 15, 53, 42, 68, 69, 80, 27, 40, 81, 42, 40]",12
73,2664,Salad,Italian,145,234.8,340.53,0,0,323.0,"[215, 150, 121, 244, 150, 149, 203, 177, 150, 231, 405, 323]",12
73,2704,Other Snacks,Thai,145,321.13,319.13,0,0,40.0,"[82, 41, 96, 216, 257, 204, 94, 96, 55, 41, 69, 40]",12
73,2707,Beverages,Italian,145,209.58,207.58,0,0,163.0,"[216, 162, 215, 162, 204, 177, 163, 204, 108, 215, 69, 163]",12
73,2760,Other Snacks,Thai,145,184.36,260.93,0,1,109.0,"[53, 69, 42, 69, 14, 42, 69, 41, 26, 53, 67, 109]",12
73,2826,Sandwich,Italian,145,327.92,325.92,0,0,96.0,"[231, 230, 148, 242, 149, 150, 190, 42, 162, 80, 175, 96]",12
73,2867,Seafood,Continental,145,728.53,726.53,0,0,15.0,"[28, 96, 95, 42, 40, 15, 13, 27, 27, 26, 42, 15]",12
74,1062,Beverages,Italian,145,166.84,152.35,1,1,445.0,"[258, 96, 109, 242, 162, 109, 215, 108, 229, 217, 203, 445]",12
74,1109,Rice Bowl,Indian,145,295.85,295.85,0,0,311.0,"[325, 82, 108, 203, 230, 162, 190, 135, 67, 284, 177, 311]",12
74,1207,Beverages,Continental,145,360.9,359.9,0,0,54.0,"[96, 122, 134, 81, 15, 68, 28, 150, 122, 42, 95, 54]",12
74,1216,Pasta,Italian,144,290.03,416.13,0,0,26.0,"[13, 13, 15, 15, 15, 14, 14, 42, 13, 26, 40, 26]",12
74,1230,Beverages,Continental,145,354.08,353.08,0,0,121.0,"[94, 123, 68, 96, 42, 14, 54, 107, 96, 41, 67, 121]",12
74,1247,Biryani,Indian,145,445.23,446.23,0,0,14.0,"[14, 13, 14, 15, 13, 13, 15, 28, 14, 26, 13, 14]",12
74,1248,Beverages,Indian,145,153.26,153.26,0,0,28.0,"[14, 13, 14, 54, 55, 41, 69, 28, 68, 69, 27, 28]",12
74,1445,Seafood,Continental,144,581.03,728.53,1,1,94.0,"[176, 42, 28, 42, 108, 80, 15, 15, 14, 14, 53, 94]",12
74,1525,Other Snacks,Thai,145,321.13,320.13,0,0,14.0,"[82, 26, 13, 14, 27, 26, 13, 13, 28, 40, 15, 14]",12
74,1543,Desert,Indian,145,484.09,484.09,0,0,42.0,"[15, 13, 26, 40, 41, 54, 14, 14, 40, 41, 27, 42]",12
74,1558,Pizza,Continental,145,513.19,512.19,0,0,136.0,"[28, 162, 216, 55, 42, 40, 188, 513, 283, 135, 161, 136]",12
74,1571,Fish,Continental,145,582.03,581.03,0,0,14.0,"[28, 13, 15, 41, 13, 13, 40, 122, 27, 67, 28, 14]",12
74,1727,Rice Bowl,Indian,145,423.95,422.95,0,0,67.0,"[203, 123, 190, 351, 95, 107, 190, 54, 121, 107, 122, 67]",12
74,1754,Sandwich,Italian,145,288.09,288.09,0,0,405.0,"[243, 189, 242, 189, 285, 243, 312, 283, 377, 311, 350, 405]",12
74,1770,Biryani,Indian,145,454.93,454.93,0,0,26.0,"[15, 26, 55, 13, 15, 15, 27, 15, 15, 15, 14, 26]",12
74,1778,Beverages,Italian,145,174.66,152.32,1,1,189.0,"[69, 189, 136, 109, 121, 26, 55, 96, 123, 177, 134, 189]",12
74,1878,Starters,Thai,145,320.13,319.13,0,0,96.0,"[15, 42, 13, 27, 94, 53, 26, 53, 42, 40, 67, 96]",12
74,1885,Beverages,Thai,145,119.34,118.34,0,0,215.0,"[162, 243, 148, 176, 244, 150, 350, 230, 338, 204, 177, 215]",12
74,1902,Biryani,Indian,139,388.03,445.23,0,0,28.0,"[28, 15, 28, 13, 15, 13, 14, 15, 14, 15, 41, 28]",12
74,1962,Pizza,Continental,145,511.19,513.19,0,0,203.0,"[122, 136, 149, 230, 41, 216, 204, 499, 378, 149, 243, 203]",12
74,1971,Sandwich,Italian,145,292.03,292.03,0,0,109.0,"[176, 148, 188, 121, 41, 190, 94, 149, 26, 161, 242, 109]",12
74,1993,Beverages,Thai,145,119.31,121.31,0,0,53.0,"[217, 28, 108, 162, 215, 229, 202, 204, 190, 162, 269, 53]",12
74,2104,Fish,Continental,145,605.28,607.28,0,0,28.0,"[27, 42, 15, 15, 26, 28, 13, 27, 42, 14, 82, 28]",12
74,2126,Pasta,Italian,145,436.53,507.31,0,0,13.0,"[40, 13, 42, 26, 13, 40, 40, 14, 15, 13, 68, 13]",12
74,2139,Beverages,Indian,145,282.33,280.33,0,0,41.0,"[14, 15, 13, 15, 41, 13, 15, 15, 14, 14, 27, 41]",12
74,2290,Rice Bowl,Indian,145,260.96,260.96,0,0,96.0,"[1148, 433, 310, 339, 391, 323, 243, 271, 379, 459, 350, 96]",12
74,2304,Desert,Indian,145,484.09,484.09,0,0,13.0,"[13, 13, 15, 28, 67, 41, 42, 15, 15, 27, 15, 13]",12
74,2306,Pasta,Italian,145,241.53,335.62,1,0,13.0,"[53, 13, 15, 14, 13, 13, 14, 15, 28, 54, 14, 13]",12
74,2322,Beverages,Continental,145,363.81,361.81,0,0,80.0,"[41, 28, 136, 121, 55, 54, 68, 13, 82, 28, 41, 80]",12
74,2444,Seafood,Continental,145,581.03,726.53,0,0,13.0,"[42, 26, 13, 15, 14, 15, 14, 13, 13, 42, 54, 13]",12
74,2490,Salad,Italian,145,279.36,281.36,0,0,54.0,"[108, 81, 123, 107, 80, 121, 338, 150, 242, 148, 95, 54]",12
74,2492,Desert,Indian,145,447.23,447.23,0,0,41.0,"[15, 28, 69, 68, 41, 28, 15, 27, 40, 41, 14, 41]",12
74,2539,Beverages,Thai,145,122.25,123.25,0,0,69.0,"[69, 15, 41, 14, 15, 28, 68, 53, 150, 27, 95, 69]",12
74,2569,Salad,Italian,145,248.32,285.24,0,0,190.0,"[188, 203, 82, 121, 123, 377, 163, 80, 149, 244, 150, 190]",12
74,2577,Starters,Thai,142,321.13,321.13,0,0,27.0,"[15, 14, 14, 14, 14, 15, 13, 27, 82, 15, 53, 27]",12
74,2581,Pizza,Continental,145,512.19,512.19,0,0,108.0,"[123, 81, 204, 95, 69, 54, 123, 391, 244, 28, 95, 108]",12
74,2631,Beverages,Indian,145,153.26,155.26,0,0,28.0,"[28, 204, 41, 55, 26, 80, 27, 96, 28, 53, 81, 28]",12
74,2640,Starters,Thai,145,321.13,321.13,0,0,81.0,"[27, 94, 82, 177, 82, 82, 177, 82, 40, 68, 135, 81]",12
74,2664,Salad,Italian,145,250.32,284.24,0,0,176.0,"[108, 123, 108, 95, 121, 175, 108, 94, 269, 269, 204, 176]",12
74,2704,Other Snacks,Thai,145,319.13,319.13,0,0,26.0,"[42, 27, 28, 15, 67, 69, 67, 26, 14, 15, 15, 26]",12
74,2707,Beverages,Italian,145,208.61,207.61,0,0,283.0,"[202, 109, 256, 258, 269, 177, 271, 202, 284, 188, 177, 283]",12
74,2760,Other Snacks,Thai,145,184.36,261.93,0,1,68.0,"[42, 27, 14, 15, 14, 26, 14, 15, 15, 15, 14, 68]",12
74,2826,Sandwich,Italian,145,325.92,326.92,0,0,176.0,"[95, 95, 108, 230, 203, 202, 175, 163, 217, 177, 242, 176]",12
74,2867,Seafood,Continental,144,581.03,726.53,1,1,40.0,"[15, 14, 14, 15, 15, 27, 15, 14, 15, 53, 28, 40]",12
74,2956,Fish,Continental,145,581.03,582.03,0,0,42.0,"[26, 53, 68, 27, 13, 80, 67, 94, 53, 42, 42, 42]",12
75,1062,Beverages,Italian,145,158.11,152.32,1,0,703.0,"[459, 298, 487, 593, 378, 501, 447, 663, 744, 541, 581, 703]",12
75,1109,Rice Bowl,Indian,145,310.43,311.43,0,0,825.0,"[1418, 635, 809, 837, 1014, 877, 1041, 838, 647, 796, 823, 825]",12
75,1207,Beverages,Continental,145,325.98,325.98,0,0,42.0,"[162, 122, 95, 80, 69, 28, 81, 96, 54, 41, 81, 42]",12
75,1216,Pasta,Italian,145,413.25,414.25,0,0,96.0,"[53, 55, 94, 135, 13, 122, 175, 109, 150, 230, 215, 96]",12
75,1230,Beverages,Continental,145,356.05,354.05,0,0,109.0,"[82, 122, 148, 121, 42, 55, 81, 94, 134, 123, 136, 109]",12
75,1247,Biryani,Indian,145,447.23,447.23,0,0,94.0,"[13, 27, 27, 15, 42, 95, 42, 14, 13, 42, 67, 94]",12
75,1248,Beverages,Indian,145,152.32,152.32,0,0,135.0,"[256, 55, 244, 190, 269, 190, 95, 123, 54, 68, 68, 135]",12
75,1445,Seafood,Continental,145,726.53,727.53,0,0,81.0,"[297, 81, 96, 121, 136, 94, 42, 109, 109, 257, 190, 81]",12
75,1525,Other Snacks,Thai,145,319.13,321.13,0,0,150.0,"[109, 54, 134, 256, 216, 285, 68, 258, 177, 242, 149, 150]",12
75,1543,Desert,Indian,145,482.09,482.09,0,0,150.0,"[148, 148, 80, 269, 204, 244, 203, 95, 161, 175, 96, 150]",12
75,1558,Pizza,Continental,145,548.08,549.08,0,0,175.0,"[177, 189, 230, 82, 134, 175, 162, 366, 420, 107, 150, 175]",12
75,1571,Fish,Continental,145,581.03,583.03,0,0,134.0,"[148, 96, 82, 177, 163, 204, 285, 378, 216, 231, 149, 134]",12
75,1727,Rice Bowl,Indian,145,447.23,447.23,0,0,312.0,"[256, 877, 649, 838, 405, 337, 190, 310, 257, 366, 175, 312]",12
75,1754,Sandwich,Italian,145,330.83,328.83,0,0,756.0,"[458, 513, 528, 419, 298, 567, 567, 539, 364, 622, 555, 756]",12
75,1770,Biryani,Indian,145,441.38,442.38,0,0,108.0,"[15, 82, 42, 53, 28, 15, 42, 42, 53, 28, 40, 108]",12
75,1778,Beverages,Italian,145,162.99,160.11,1,0,203.0,"[270, 204, 257, 163, 244, 203, 204, 217, 204, 312, 243, 203]",12
75,1878,Starters,Thai,145,321.13,319.13,0,0,189.0,"[229, 148, 230, 339, 163, 175, 176, 189, 162, 351, 379, 189]",12
75,1885,Beverages,Thai,145,137.8,135.8,0,0,541.0,"[528, 567, 339, 230, 447, 324, 419, 339, 393, 487, 486, 541]",12
75,1902,Biryani,Indian,145,446.23,445.23,0,0,26.0,"[68, 40, 95, 28, 69, 41, 42, 68, 69, 42, 41, 26]",12
75,1962,Pizza,Continental,145,548.08,548.08,0,0,270.0,"[323, 472, 296, 404, 378, 393, 460, 783, 742, 446, 257, 270]",12
75,1971,Sandwich,Italian,145,329.86,328.86,0,0,175.0,"[175, 176, 258, 40, 53, 215, 161, 109, 162, 149, 122, 175]",12
75,1993,Beverages,Thai,145,135.86,135.86,0,0,176.0,"[419, 230, 404, 419, 446, 406, 377, 365, 392, 339, 472, 176]",12
75,2104,Fish,Continental,145,581.03,583.03,0,0,136.0,"[82, 82, 55, 94, 54, 324, 190, 82, 122, 162, 121, 136]",12
75,2126,Pasta,Italian,145,436.53,492.79,0,0,162.0,"[176, 188, 123, 107, 149, 149, 122, 123, 55, 42, 122, 162]",12
75,2139,Beverages,Indian,145,291.03,292.03,0,0,82.0,"[68, 41, 109, 55, 69, 14, 121, 108, 94, 42, 67, 82]",12
75,2290,Rice Bowl,Indian,145,284.24,284.24,0,0,555.0,"[2051, 715, 648, 890, 1014, 878, 919, 878, 945, 825, 771, 555]",12
75,2304,Desert,Indian,145,482.09,483.09,0,0,81.0,"[123, 41, 82, 176, 109, 53, 67, 67, 163, 94, 96, 81]",12
75,2306,Pasta,Italian,145,266.81,335.62,1,0,53.0,"[68, 122, 67, 14, 69, 80, 109, 163, 42, 40, 15, 53]",12
75,2322,Beverages,Continental,145,353.11,352.11,0,0,95.0,"[163, 189, 149, 135, 80, 54, 80, 42, 42, 123, 68, 95]",12
75,2444,Seafood,Continental,145,728.53,728.53,0,0,26.0,"[203, 80, 27, 96, 69, 81, 15, 40, 54, 107, 175, 26]",12
75,2490,Salad,Italian,145,290.03,290.03,0,0,68.0,"[95, 95, 296, 204, 107, 190, 269, 176, 134, 109, 188, 68]",12
75,2492,Desert,Indian,145,455.93,455.93,0,0,67.0,"[177, 123, 122, 149, 135, 68, 95, 14, 95, 55, 42, 67]",12
75,2539,Beverages,Thai,145,142.65,142.65,0,0,148.0,"[325, 109, 175, 136, 163, 203, 109, 135, 204, 177, 161, 148]",12
75,2569,Salad,Italian,145,238.62,323.07,0,0,809.0,"[298, 405, 298, 365, 270, 297, 271, 297, 459, 310, 852, 809]",12
75,2577,Starters,Thai,108,236.74,281.33,1,0,41.0,"[189, 95, 67, 177, 175, 188, 204, 377, 474, 350, 242, 41]",12
75,2581,Pizza,Continental,145,549.08,548.08,0,0,324.0,"[217, 351, 297, 312, 364, 231, 325, 811, 662, 271, 231, 324]",12
75,2631,Beverages,Indian,145,150.41,150.41,0,0,122.0,"[243, 202, 296, 297, 188, 298, 231, 231, 96, 94, 68, 122]",12
75,2640,Starters,Thai,145,319.13,320.13,0,0,203.0,"[136, 122, 176, 312, 350, 285, 323, 351, 474, 323, 204, 203]",12
75,2664,Salad,Italian,145,242.5,314.31,0,0,364.0,"[242, 258, 229, 256, 175, 325, 190, 324, 216, 431, 810, 364]",12
75,2704,Other Snacks,Thai,145,320.13,321.13,0,0,391.0,"[257, 231, 379, 526, 418, 500, 324, 269, 257, 474, 352, 391]",12
75,2707,Beverages,Italian,145,210.55,210.55,0,0,499.0,"[337, 352, 514, 404, 419, 486, 283, 446, 487, 566, 500, 499]",12
75,2760,Other Snacks,Thai,145,183.36,260.93,0,1,258.0,"[68, 108, 122, 109, 135, 230, 94, 203, 109, 108, 203, 258]",12
75,2826,Sandwich,Italian,145,326.92,325.92,0,0,513.0,"[486, 419, 567, 485, 568, 393, 393, 350, 378, 474, 460, 513]",12
75,2867,Seafood,Continental,144,581.03,727.53,1,1,175.0,"[42, 41, 148, 109, 13, 13, 27, 27, 26, 14, 94, 175]",12
75,2956,Fish,Continental,145,589.82,588.82,0,0,81.0,"[204, 53, 161, 107, 95, 95, 269, 176, 134, 67, 136, 81]",12
76,1062,Beverages,Italian,145,192.09,192.09,0,0,420.0,"[433, 377, 285, 325, 258, 458, 472, 404, 404, 323, 339, 420]",12
76,1109,Rice Bowl,Indian,145,281.33,280.33,0,0,432.0,"[755, 337, 420, 377, 580, 553, 582, 350, 406, 622, 512, 432]",12
76,1198,Extras,Thai,145,254.14,256.14,0,0,54.0,"[26, 55, 26, 13, 54, 68, 28, 54, 80, 149, 163, 54]",12
76,1207,Beverages,Continental,145,363.75,365.75,0,0,53.0,"[109, 80, 27, 109, 14, 13, 122, 96, 190, 96, 94, 53]",12
76,1216,Pasta,Italian,145,436.56,435.56,0,0,69.0,"[15, 81, 80, 15, 69]",5
76,1230,Beverages,Continental,145,348.26,388.0,0,0,26.0,"[54, 67, 81, 53, 42, 81, 55, 15, 40, 40, 14, 26]",12
76,1247,Biryani,Indian,144,445.23,446.23,0,0,13.0,"[15, 15, 15, 14, 27, 15, 15, 26, 27, 14, 14, 13]",12
76,1248,Beverages,Indian,145,163.93,163.93,0,0,54.0,"[258, 136, 204, 81, 109, 82, 122, 42, 55, 28, 42, 54]",12
76,1311,Extras,Thai,145,215.34,215.34,0,0,149.0,"[107, 271, 177, 26, 134, 136, 54, 82, 41, 204, 391, 149]",12
76,1438,Soup,Thai,145,195.0,194.0,0,0,121.0,"[121, 82, 177, 108, 122, 135, 188, 176, 94, 107, 123, 121]",12
76,1445,Seafood,Continental,144,484.03,728.53,1,1,96.0,"[13, 26, 28, 136, 176, 15, 15, 13, 13, 28, 230, 96]",12
76,1525,Other Snacks,Thai,145,321.13,321.13,0,0,80.0,"[150, 82, 123, 352, 216, 285, 134, 96, 122, 108, 229, 80]",12
76,1543,Desert,Indian,145,484.03,485.03,0,0,28.0,"[95, 107, 14, 202, 242, 96, 122, 55, 136, 149, 53, 28]",12
76,1558,Pizza,Continental,145,563.6,562.6,0,0,95.0,"[41, 188, 134, 54, 55, 68, 122, 229, 244, 95, 27, 95]",12
76,1727,Rice Bowl,Indian,145,466.63,464.63,0,0,107.0,"[339, 905, 783, 850, 215, 258, 285, 269, 229, 310, 203, 107]",12
76,1754,Sandwich,Italian,145,319.16,318.16,0,0,204.0,"[244, 296, 323, 161, 231, 217, 325, 257, 96, 230, 312, 204]",12
76,1770,Biryani,Indian,144,486.03,484.03,0,0,13.0,"[55, 28, 15, 54, 68, 27, 26, 40, 14, 13, 15, 13]",12
76,1778,Beverages,Italian,145,193.03,193.03,0,0,285.0,"[378, 297, 312, 391, 337, 431, 296, 257, 338, 393, 311, 285]",12
76,1803,Extras,Thai,145,112.52,198.88,0,0,80.0,"[80, 134, 108, 94, 148, 123, 53, 54, 122, 217, 163, 80]",12
76,1847,Soup,Thai,145,195.0,196.0,0,0,40.0,"[54, 42, 81, 121, 94, 81, 41, 96, 95, 41, 27, 40]",12
76,1878,Starters,Thai,145,320.13,320.13,0,0,13.0,"[41, 14, 80, 54, 28, 26, 14, 26, 13, 81, 15, 13]",12
76,1885,Beverages,Thai,145,159.14,157.14,0,0,661.0,"[580, 526, 553, 553, 715, 701, 757, 690, 418, 364, 528, 661]",12
76,1902,Biryani,Indian,145,446.23,446.23,0,0,26.0,"[53, 41, 42, 13, 13, 41, 27, 14, 40, 28, 15, 26]",12
76,1962,Pizza,Continental,145,563.6,564.6,0,0,94.0,"[121, 202, 338, 175, 107, 150, 229, 674, 284, 96, 161, 94]",12
76,1971,Sandwich,Italian,145,349.2,350.2,0,0,42.0,"[80, 96, 95, 15, 42, 53, 95, 135, 81, 82, 41, 42]",12
76,1993,Beverages,Thai,145,158.14,157.14,0,0,42.0,"[257, 53, 338, 217, 311, 446, 298, 351, 270, 215, 269, 42]",12
76,2126,Pasta,Italian,145,484.03,484.03,0,0,14.0,"[68, 109, 121, 80, 123, 42, 68, 162, 55, 28, 14, 14]",12
76,2139,Beverages,Indian,145,290.03,292.03,0,0,54.0,"[53, 42, 42, 15, 28, 14, 28, 82, 69, 26, 41, 54]",12
76,2290,Rice Bowl,Indian,145,259.99,260.99,0,0,310.0,"[1215, 298, 312, 418, 582, 338, 350, 404, 636, 474, 528, 310]",12
76,2304,Desert,Indian,145,485.03,485.03,0,0,80.0,"[96, 135, 54, 121, 82, 68, 69, 96, 82, 42, 94, 80]",12
76,2306,Pasta,Italian,145,244.5,337.62,1,0,13.0,"[53, 69, 42, 27, 14, 14, 28, 15, 14, 27, 15, 13]",12
76,2322,Beverages,Continental,145,388.0,390.0,0,0,40.0,"[108, 123, 26, 69, 13, 54, 54, 40, 80, 27, 109, 40]",12
76,2444,Seafood,Continental,144,485.03,727.53,1,1,134.0,"[15, 27, 216, 149, 13, 15, 15, 14, 13, 15, 231, 134]",12
76,2490,Salad,Italian,145,291.03,292.03,0,0,109.0,"[109, 231, 123, 122, 134, 162, 325, 121, 81, 96, 107, 109]",12
76,2492,Desert,Indian,145,389.03,388.03,0,0,42.0,"[82, 41, 202, 189, 107, 82, 162, 15, 40, 162, 26, 42]",12
76,2494,Soup,Thai,145,196.0,195.0,0,0,107.0,"[109, 148, 149, 121, 177, 136, 161, 107, 229, 149, 108, 107]",12
76,2539,Beverages,Thai,145,158.11,159.11,0,0,161.0,"[150, 55, 107, 121, 162, 122, 162, 122, 149, 121, 190, 161]",12
76,2569,Salad,Italian,145,242.53,323.07,0,0,270.0,"[215, 283, 108, 108, 162, 188, 148, 148, 188, 123, 270, 270]",12
76,2577,Starters,Thai,145,319.13,319.13,0,0,41.0,"[26, 15, 15, 69, 41, 68, 14, 68, 27, 26, 54, 41]",12
76,2581,Pizza,Continental,145,564.6,562.6,0,0,109.0,"[94, 324, 271, 149, 175, 162, 202, 499, 500, 67, 82, 109]",12
76,2631,Beverages,Indian,145,164.93,164.93,0,0,40.0,"[405, 244, 230, 229, 108, 189, 108, 109, 42, 82, 82, 40]",12
76,2640,Starters,Thai,145,321.13,320.13,0,0,27.0,"[95, 53, 80, 82, 27, 42, 41, 68, 135, 55, 28, 27]",12
76,2664,Salad,Italian,145,253.23,323.07,0,0,244.0,"[13, 149, 136, 150, 149, 136, 162, 148, 107, 121, 270, 244]",12
76,2704,Other Snacks,Thai,145,321.13,321.13,0,0,67.0,"[135, 67, 40, 134, 150, 163, 69, 55, 68, 69, 81, 67]",12
76,2707,Beverages,Italian,145,232.8,233.8,0,0,636.0,"[593, 162, 431, 473, 554, 338, 541, 458, 553, 567, 582, 636]",12
76,2760,Other Snacks,Thai,145,162.99,242.53,0,0,231.0,"[42, 163, 54, 81, 42, 42, 14, 82, 54, 53, 96, 231]",12
76,2826,Sandwich,Italian,145,377.33,377.33,0,0,243.0,"[459, 460, 378, 244, 243, 297, 310, 203, 244, 474, 324, 243]",12
76,2867,Seafood,Continental,145,727.53,727.53,0,0,40.0,"[27, 13, 95, 121, 13, 15, 27, 26, 15, 108, 81, 40]",12
77,1062,Beverages,Italian,145,169.78,156.2,1,0,404.0,"[216, 229, 391, 109, 163, 204, 190, 229, 204, 149, 136, 404]",12
77,1109,Rice Bowl,Indian,145,170.72,311.43,0,0,69.0,"[339, 203, 163, 136, 189, 109, 109, 109, 107, 177, 108, 69]",12
77,1207,Beverages,Continental,144,368.63,368.63,0,0,13.0,"[109, 217, 81, 26, 54, 42, 13, 40, 54, 82, 15, 13]",12
77,1216,Pasta,Italian,145,418.13,416.13,0,0,13.0,"[15, 42, 40, 15, 42, 26, 42, 27, 42, 55, 69, 13]",12
77,1230,Beverages,Continental,145,350.23,348.23,0,0,42.0,"[53, 53, 80, 14, 26, 26, 55, 54, 13, 41, 55, 42]",12
77,1247,Biryani,Indian,145,447.23,445.23,0,0,15.0,"[14, 40, 15, 15, 27, 40, 15, 15, 15, 15, 13, 15]",12
77,1248,Beverages,Indian,144,153.26,153.26,0,0,41.0,"[81, 636, 28, 81, 149, 68, 26, 67, 80, 41, 26, 41]",12
77,1445,Seafood,Continental,145,728.53,727.53,0,0,15.0,"[27, 40, 109, 123, 15, 14, 15, 14, 14, 28, 81, 15]",12
77,1525,Other Snacks,Thai,145,321.13,320.13,0,0,15.0,"[14, 14, 14, 27, 27, 14, 27, 41, 81, 26, 28, 15]",12
77,1543,Desert,Indian,145,482.09,484.09,0,0,108.0,"[13, 42, 14, 148, 94, 15, 54, 82, 67, 96, 54, 108]",12
77,1558,Pizza,Continental,145,512.19,511.19,0,0,150.0,"[82, 256, 149, 80, 80, 94, 148, 420, 243, 55, 26, 150]",12
77,1571,Fish,Continental,145,583.03,581.03,0,0,14.0,"[15, 15, 13, 14, 15, 15, 82, 81, 14, 27, 41, 14]",12
77,1727,Rice Bowl,Indian,145,268.75,423.95,0,1,203.0,"[311, 487, 366, 257, 230, 229, 216, 148, 148, 270, 528, 203]",12
77,1754,Sandwich,Italian,145,284.27,282.27,0,0,512.0,"[663, 717, 566, 406, 539, 620, 744, 580, 554, 810, 744, 512]",12
77,1770,Biryani,Indian,142,486.03,485.03,0,0,13.0,"[28, 15, 13, 42, 15, 27, 28, 26, 14, 14, 13, 13]",12
77,1778,Beverages,Italian,145,170.75,156.2,1,0,189.0,"[202, 149, 148, 109, 175, 176, 95, 134, 177, 188, 270, 189]",12
77,1878,Starters,Thai,145,321.13,320.13,0,0,41.0,"[68, 13, 68, 40, 41, 68, 54, 68, 67, 28, 40, 41]",12
77,1885,Beverages,Thai,145,122.28,119.34,0,1,203.0,"[364, 269, 244, 243, 243, 405, 620, 258, 365, 311, 405, 203]",12
77,1902,Biryani,Indian,145,447.23,446.23,0,0,15.0,"[15, 28, 28, 13, 13, 68, 13, 27, 13, 13, 15, 15]",12
77,1962,Pizza,Continental,145,513.19,512.19,0,0,150.0,"[189, 243, 188, 107, 176, 177, 190, 486, 216, 162, 163, 150]",12
77,1971,Sandwich,Italian,145,290.06,289.06,0,0,244.0,"[338, 258, 285, 189, 202, 473, 217, 351, 269, 215, 283, 244]",12
77,1993,Beverages,Thai,145,120.31,119.31,0,0,176.0,"[256, 161, 216, 323, 189, 269, 216, 269, 204, 188, 229, 176]",12
77,2126,Pasta,Italian,145,437.53,507.31,0,1,27.0,"[26, 41, 54, 55, 42, 54, 69, 40, 13, 26, 40, 27]",12
77,2139,Beverages,Indian,145,291.03,290.03,0,0,15.0,"[40, 53, 53, 81, 14, 28, 42, 40, 28, 13, 41, 15]",12
77,2290,Rice Bowl,Indian,145,260.96,260.96,0,0,108.0,"[2580, 500, 350, 323, 351, 689, 1081, 595, 459, 458, 581, 108]",12
77,2304,Desert,Indian,145,482.09,483.09,0,0,28.0,"[54, 28, 41, 161, 41, 68, 26, 41, 41, 42, 27, 28]",12
77,2306,Pasta,Italian,145,243.53,337.62,1,0,54.0,"[14, 54, 13, 27, 15, 28, 14, 26, 15, 69, 13, 54]",12
77,2322,Beverages,Continental,145,368.63,367.63,0,0,28.0,"[122, 42, 134, 13, 15, 80, 80, 108, 55, 67, 81, 28]",12
77,2444,Seafood,Continental,145,727.53,728.53,0,0,15.0,"[40, 40, 68, 54, 15, 40, 53, 14, 13, 107, 14, 15]",12
77,2490,Salad,Italian,145,259.02,258.02,0,0,176.0,"[96, 202, 204, 135, 204, 242, 1176, 161, 204, 162, 188, 176]",12
77,2492,Desert,Indian,145,446.23,447.23,0,0,14.0,"[82, 122, 80, 55, 28, 67, 67, 26, 69, 41, 27, 14]",12
77,2539,Beverages,Thai,145,120.34,121.25,0,1,243.0,"[122, 80, 68, 162, 136, 231, 161, 149, 150, 204, 177, 243]",12
77,2569,Salad,Italian,145,242.5,338.53,0,0,487.0,"[810, 555, 216, 256, 593, 554, 460, 431, 432, 582, 595, 487]",12
77,2577,Starters,Thai,143,321.13,319.13,0,0,15.0,"[26, 14, 42, 28, 14, 13, 15, 41, 40, 15, 13, 15]",12
77,2581,Pizza,Continental,145,512.19,511.19,0,0,40.0,"[149, 217, 216, 69, 122, 135, 81, 325, 149, 108, 177, 40]",12
77,2631,Beverages,Indian,145,151.32,152.32,0,0,135.0,"[702, 190, 204, 270, 175, 188, 134, 202, 176, 108, 80, 135]",12
77,2640,Starters,Thai,145,320.13,319.13,0,0,15.0,"[40, 107, 68, 53, 42, 26, 41, 81, 41, 27, 53, 15]",12
77,2664,Salad,Italian,145,243.5,338.53,0,0,242.0,"[473, 324, 350, 285, 298, 338, 215, 257, 351, 473, 325, 242]",12
77,2704,Other Snacks,Thai,145,320.13,321.13,0,0,41.0,"[55, 41, 15, 121, 54, 150, 136, 67, 28, 41, 42, 41]",12
77,2707,Beverages,Italian,145,206.67,206.67,0,0,189.0,"[231, 96, 203, 136, 258, 231, 162, 188, 107, 162, 176, 189]",12
77,2760,Other Snacks,Thai,145,184.36,261.93,0,0,42.0,"[26, 27, 28, 40, 40, 68, 26, 15, 54, 14, 107, 42]",12
77,2826,Sandwich,Italian,145,326.92,326.92,0,0,204.0,"[135, 189, 190, 189, 107, 108, 95, 161, 204, 338, 217, 204]",12
77,2867,Seafood,Continental,145,726.53,727.53,0,0,15.0,"[42, 67, 13, 15, 41, 82, 27, 14, 40, 14, 109, 15]",12
80,1062,Beverages,Italian,145,188.24,187.24,0,0,431.0,"[433, 568, 405, 404, 406, 566, 608, 499, 555, 621, 809, 431]",12
80,1109,Rice Bowl,Indian,145,276.48,275.48,0,0,487.0,"[756, 514, 418, 337, 526, 527, 553, 446, 527, 634, 513, 487]",12
80,1198,Extras,Thai,145,135.8,186.3,0,0,68.0,"[95, 122, 148, 55, 136, 176, 202, 96, 94, 136, 148, 68]",12
80,1207,Beverages,Continental,145,385.09,385.09,0,0,190.0,"[95, 190, 109, 134, 41, 96, 148, 122, 68, 108, 122, 190]",12
80,1216,Pasta,Italian,144,290.03,418.13,0,0,161.0,"[42, 26, 55, 13, 14, 42, 80, 148, 28, 40, 41, 161]",12
80,1230,Beverages,Continental,145,390.0,389.0,0,0,68.0,"[123, 121, 95, 14, 28, 13, 95, 69, 67, 177, 108, 68]",12
80,1247,Biryani,Indian,145,446.23,447.23,0,0,26.0,"[13, 26, 13, 14, 26, 15, 26, 40, 28, 15, 15, 26]",12
80,1248,Beverages,Indian,145,164.93,163.93,0,0,94.0,"[622, 350, 366, 94, 94, 150, 121, 41, 53, 54, 14, 94]",12
80,1311,Extras,Thai,145,186.3,284.27,0,0,150.0,"[26, 123, 122, 82, 55, 135, 96, 55, 107, 81, 216, 150]",12
80,1438,Soup,Thai,145,196.0,194.0,0,0,122.0,"[69, 123, 96, 108, 135, 80, 149, 109, 82, 134, 108, 122]",12
80,1445,Seafood,Continental,145,727.53,727.53,0,0,26.0,"[13, 14, 15, 161, 42, 26, 40, 53, 42, 67, 162, 26]",12
80,1525,Other Snacks,Thai,145,321.13,320.13,0,0,42.0,"[15, 27, 82, 162, 123, 230, 69, 95, 69, 13, 41, 42]",12
80,1543,Desert,Indian,145,484.03,485.03,0,0,54.0,"[15, 53, 54, 53, 68, 53, 13, 27, 42, 41, 26, 54]",12
80,1558,Pizza,Continental,145,562.6,562.6,0,0,42.0,"[55, 378, 204, 95, 53, 135, 163, 541, 419, 162, 135, 42]",12
80,1571,Fish,Continental,145,639.23,639.23,0,0,13.0,"[14, 28, 41, 55, 26, 14, 28, 53, 13, 14, 15, 13]",12
80,1727,Rice Bowl,Indian,145,466.63,464.63,0,0,499.0,"[702, 1688, 1511, 1364, 447, 568, 661, 458, 472, 648, 486, 499]",12
80,1754,Sandwich,Italian,145,319.16,318.16,0,0,526.0,"[337, 892, 513, 445, 420, 810, 730, 487, 528, 743, 798, 526]",12
80,1770,Biryani,Indian,145,485.03,486.03,0,0,41.0,"[15, 14, 13, 15, 14, 27, 14, 28, 15, 13, 14, 41]",12
80,1778,Beverages,Italian,145,193.06,192.06,0,0,311.0,"[405, 539, 433, 325, 391, 379, 487, 285, 432, 486, 609, 311]",12
80,1803,Extras,Thai,145,194.03,227.01,0,0,96.0,"[175, 80, 258, 175, 94, 204, 162, 177, 81, 177, 135, 96]",12
80,1847,Soup,Thai,145,195.0,194.0,0,0,67.0,"[14, 134, 121, 134, 28, 108, 150, 123, 107, 67, 149, 67]",12
80,1878,Starters,Thai,144,319.13,321.13,0,0,55.0,"[15, 42, 15, 27, 42, 26, 27, 69, 40, 14, 26, 55]",12
80,1885,Beverages,Thai,145,158.17,158.17,0,0,797.0,"[621, 797, 636, 690, 594, 661, 797, 703, 784, 541, 757, 797]",12
80,1902,Biryani,Indian,145,445.23,445.23,0,0,40.0,"[15, 13, 13, 13, 13, 15, 14, 15, 13, 42, 28, 40]",12
80,1962,Pizza,Continental,145,564.6,562.6,0,0,203.0,"[215, 609, 258, 258, 244, 339, 204, 986, 649, 379, 243, 203]",12
80,1971,Sandwich,Italian,145,345.35,346.35,0,0,96.0,"[717, 527, 54, 53, 54, 202, 54, 94, 69, 231, 215, 96]",12
80,1993,Beverages,Thai,145,159.14,158.14,0,0,257.0,"[622, 203, 729, 472, 609, 757, 717, 690, 647, 917, 433, 257]",12
80,2104,Fish,Continental,145,641.23,640.23,0,0,13.0,"[41, 53, 13, 15, 13, 15, 53, 122, 26, 26, 27, 13]",12
80,2126,Pasta,Italian,145,486.03,508.31,0,1,40.0,"[41, 26, 28, 13, 13, 26, 14, 28, 13, 15, 15, 40]",12
80,2139,Beverages,Indian,144,291.03,290.03,0,0,14.0,"[15, 13, 40, 14, 15, 13, 26, 67, 28, 68, 81, 14]",12
80,2290,Rice Bowl,Indian,145,212.43,290.03,0,0,95.0,"[1889, 431, 243, 216, 350, 431, 391, 433, 352, 539, 513, 95]",12
80,2304,Desert,Indian,145,486.03,486.03,0,0,15.0,"[26, 41, 14, 15, 42, 82, 27, 14, 28, 14, 26, 15]",12
80,2306,Pasta,Italian,145,243.5,336.62,1,0,41.0,"[13, 41, 41, 14, 13, 28, 13, 26, 150, 54, 13, 41]",12
80,2322,Beverages,Continental,145,389.0,388.0,0,0,121.0,"[202, 284, 188, 108, 69, 41, 337, 161, 134, 136, 134, 121]",12
80,2444,Seafood,Continental,144,486.03,728.53,1,1,177.0,"[15, 13, 107, 55, 40, 14, 13, 40, 13, 42, 190, 177]",12
80,2490,Salad,Italian,145,290.03,290.03,0,0,190.0,"[161, 864, 256, 298, 162, 703, 1080, 285, 243, 514, 312, 190]",12
80,2492,Desert,Indian,145,388.03,388.03,0,0,15.0,"[69, 27, 122, 81, 13, 28, 13, 54, 68, 26, 54, 15]",12
80,2494,Soup,Thai,145,195.0,196.0,0,0,94.0,"[82, 27, 53, 68, 107, 149, 68, 94, 123, 68, 69, 94]",12
80,2539,Beverages,Thai,145,160.11,158.11,0,0,270.0,"[163, 82, 189, 257, 163, 258, 202, 229, 256, 271, 256, 270]",12
80,2569,Salad,Italian,145,272.63,338.56,0,0,431.0,"[324, 392, 364, 447, 107, 512, 297, 311, 325, 446, 553, 431]",12
80,2577,Starters,Thai,145,321.13,320.13,0,0,27.0,"[27, 69, 68, 26, 15, 41, 26, 53, 54, 41, 68, 27]",12
80,2581,Pizza,Continental,145,563.6,564.6,0,0,148.0,"[123, 566, 298, 215, 190, 202, 420, 852, 473, 216, 298, 148]",12
80,2631,Beverages,Indian,145,163.02,161.02,0,0,69.0,"[851, 609, 392, 271, 134, 285, 123, 68, 42, 54, 69, 69]",12
80,2640,Starters,Thai,144,319.13,319.13,0,0,13.0,"[15, 69, 15, 96, 26, 15, 53, 53, 28, 41, 28, 13]",12
80,2664,Salad,Italian,145,272.63,339.56,0,0,690.0,"[485, 513, 352, 405, 420, 445, 594, 500, 473, 676, 1027, 690]",12
80,2704,Other Snacks,Thai,145,320.13,321.13,0,0,42.0,"[54, 69, 13, 122, 68, 177, 69, 28, 42, 41, 68, 42]",12
80,2707,Beverages,Italian,145,224.07,225.07,0,0,580.0,"[433, 123, 553, 378, 486, 580, 433, 418, 690, 728, 715, 580]",12
80,2760,Other Snacks,Thai,145,161.99,242.53,0,0,177.0,"[82, 96, 26, 80, 82, 41, 82, 67, 67, 55, 80, 177]",12
80,2826,Sandwich,Italian,145,379.33,378.33,0,0,594.0,"[756, 1122, 809, 824, 1014, 1256, 932, 971, 1095, 986, 782, 594]",12
80,2867,Seafood,Continental,145,728.53,728.53,0,0,13.0,"[15, 258, 203, 15, 26, 42, 148, 14, 15, 96, 109, 13]",12
80,2956,Fish,Continental,145,640.23,640.23,0,0,13.0,"[14, 40, 27, 69, 14, 13, 42, 27, 40, 94, 28, 13]",12
81,1062,Beverages,Italian,145,153.26,155.2,1,1,690.0,"[230, 244, 366, 296, 122, 337, 271, 242, 269, 432, 460, 690]",12
81,1109,Rice Bowl,Indian,145,297.82,296.82,0,0,323.0,"[594, 283, 312, 310, 366, 297, 433, 337, 325, 377, 352, 323]",12
81,1207,Beverages,Continental,145,360.87,360.87,0,0,190.0,"[217, 176, 149, 94, 40, 69, 82, 68, 42, 94, 54, 190]",12
81,1216,Pasta,Italian,145,291.03,418.13,0,1,163.0,"[27, 27, 53, 15, 55, 54, 14, 40, 42, 161, 41, 163]",12
81,1230,Beverages,Continental,145,359.9,360.9,0,0,54.0,"[26, 123, 95, 149, 68, 82, 96, 53, 82, 40, 81, 54]",12
81,1247,Biryani,Indian,144,447.23,445.23,0,0,42.0,"[41, 54, 15, 14, 14, 13, 28, 41, 26, 13, 14, 42]",12
81,1248,Beverages,Indian,145,143.59,142.59,0,0,42.0,"[190, 40, 107, 54, 96, 82, 41, 14, 26, 41, 53, 42]",12
81,1445,Seafood,Continental,145,728.53,726.53,0,0,13.0,"[271, 27, 13, 14, 15, 27, 67, 68, 40, 94, 55, 13]",12
81,1525,Other Snacks,Thai,145,319.13,319.13,0,0,15.0,"[41, 26, 68, 68, 121, 54, 80, 42, 40, 27, 55, 15]",12
81,1543,Desert,Indian,145,483.09,482.09,0,0,148.0,"[148, 176, 42, 215, 202, 96, 149, 108, 95, 148, 68, 148]",12
81,1558,Pizza,Continental,145,513.19,511.19,0,0,80.0,"[107, 258, 95, 109, 82, 95, 136, 244, 271, 161, 203, 80]",12
81,1571,Fish,Continental,145,583.03,583.03,0,0,40.0,"[40, 55, 54, 55, 41, 109, 204, 95, 54, 54, 148, 40]",12
81,1727,Rice Bowl,Indian,145,423.95,423.95,0,0,162.0,"[325, 580, 458, 512, 324, 271, 190, 217, 270, 352, 150, 162]",12
81,1754,Sandwich,Italian,145,292.03,291.03,0,0,555.0,"[566, 567, 541, 485, 473, 661, 553, 634, 568, 607, 662, 555]",12
81,1770,Biryani,Indian,144,485.03,485.03,0,0,13.0,"[41, 27, 42, 28, 55, 27, 13, 13, 26, 13, 26, 13]",12
81,1778,Beverages,Italian,145,158.14,161.08,1,1,460.0,"[123, 190, 243, 271, 176, 230, 134, 121, 285, 258, 242, 460]",12
81,1878,Starters,Thai,145,320.13,321.13,0,0,55.0,"[15, 42, 55, 54, 82, 69, 54, 54, 28, 82, 96, 55]",12
81,1885,Beverages,Thai,145,117.37,119.31,0,1,337.0,"[458, 540, 419, 472, 446, 350, 458, 485, 404, 541, 486, 337]",12
81,1902,Biryani,Indian,145,447.23,446.23,0,0,15.0,"[14, 42, 40, 42, 40, 55, 69, 40, 27, 14, 69, 15]",12
81,1962,Pizza,Continental,145,513.19,513.19,0,0,161.0,"[231, 311, 297, 256, 190, 175, 230, 473, 378, 229, 148, 161]",12
81,1971,Sandwich,Italian,145,290.06,289.06,0,0,188.0,"[217, 378, 204, 122, 148, 310, 244, 392, 312, 216, 351, 188]",12
81,1993,Beverages,Thai,145,119.37,118.4,0,1,365.0,"[460, 203, 352, 514, 528, 567, 445, 514, 473, 620, 566, 365]",12
81,2104,Fish,Continental,145,583.03,583.03,0,0,122.0,"[27, 67, 28, 42, 55, 96, 80, 41, 95, 40, 68, 122]",12
81,2126,Pasta,Italian,145,436.53,507.31,0,0,55.0,"[27, 42, 81, 41, 81, 96, 96, 123, 96, 13, 41, 55]",12
81,2139,Beverages,Indian,145,291.03,291.03,0,0,53.0,"[54, 69, 94, 68, 53, 27, 53, 40, 41, 42, 41, 53]",12
81,2290,Rice Bowl,Indian,145,260.96,259.96,0,0,94.0,"[1878, 418, 323, 419, 527, 594, 554, 513, 661, 568, 663, 94]",12
81,2304,Desert,Indian,145,483.09,484.09,0,0,81.0,"[82, 81, 40, 94, 189, 229, 81, 80, 13, 67, 13, 81]",12
81,2306,Pasta,Italian,145,243.53,337.62,1,0,69.0,"[14, 15, 14, 15, 53, 14, 67, 365, 13, 27, 26, 69]",12
81,2322,Beverages,Continental,145,359.93,358.93,0,0,136.0,"[296, 257, 203, 162, 121, 67, 135, 55, 121, 81, 108, 136]",12
81,2444,Seafood,Continental,145,727.53,727.53,0,0,40.0,"[13, 204, 190, 28, 41, 53, 41, 15, 28, 175, 94, 40]",12
81,2490,Salad,Italian,145,280.36,279.36,0,0,149.0,"[189, 216, 231, 243, 215, 188, 446, 176, 217, 148, 161, 149]",12
81,2492,Desert,Indian,145,447.23,445.23,0,0,42.0,"[40, 123, 121, 81, 28, 69, 28, 122, 81, 40, 69, 42]",12
81,2539,Beverages,Thai,145,118.37,118.37,0,0,244.0,"[352, 244, 256, 269, 284, 284, 283, 296, 123, 269, 162, 244]",12
81,2569,Salad,Italian,145,242.5,283.24,0,0,392.0,"[297, 298, 244, 135, 123, 311, 176, 202, 162, 256, 447, 392]",12
81,2577,Starters,Thai,145,319.13,321.13,0,0,26.0,"[40, 55, 13, 27, 28, 41, 53, 54, 42, 68, 69, 26]",12
81,2581,Pizza,Continental,145,512.19,512.19,0,0,68.0,"[175, 243, 325, 176, 107, 163, 202, 433, 242, 150, 94, 68]",12
81,2631,Beverages,Indian,145,149.38,149.38,0,0,107.0,"[269, 175, 148, 217, 136, 95, 109, 107, 122, 108, 148, 107]",12
81,2640,Starters,Thai,145,319.13,320.13,0,0,27.0,"[121, 96, 54, 94, 54, 95, 54, 107, 81, 162, 123, 27]",12
81,2664,Salad,Italian,145,246.41,338.53,0,0,338.0,"[257, 244, 203, 122, 204, 378, 135, 123, 176, 283, 379, 338]",12
81,2704,Other Snacks,Thai,145,319.13,321.13,0,0,121.0,"[121, 94, 41, 244, 243, 230, 136, 26, 148, 149, 67, 121]",12
81,2707,Beverages,Italian,145,206.61,207.61,0,0,485.0,"[406, 338, 393, 243, 339, 431, 352, 391, 284, 404, 460, 485]",12
81,2760,Other Snacks,Thai,145,184.36,262.93,0,1,149.0,"[54, 40, 26, 41, 27, 162, 27, 80, 69, 13, 190, 149]",12
81,2826,Sandwich,Italian,145,326.92,325.92,0,0,242.0,"[325, 393, 283, 203, 284, 325, 161, 352, 377, 459, 257, 242]",12
81,2867,Seafood,Continental,145,727.53,726.53,0,0,27.0,"[28, 41, 135, 54, 41, 28, 13, 42, 14, 28, 81, 27]",12
83,1062,Beverages,Italian,145,157.14,156.17,1,0,540.0,"[526, 566, 701, 366, 568, 379, 431, 648, 528, 541, 582, 540]",12
83,1109,Rice Bowl,Indian,145,300.7,301.7,0,0,487.0,"[730, 310, 582, 298, 539, 445, 608, 539, 501, 540, 528, 487]",12
83,1207,Beverages,Continental,145,366.72,365.72,0,0,244.0,"[216, 94, 163, 188, 69, 68, 148, 94, 229, 82, 149, 244]",12
83,1216,Pasta,Italian,145,413.25,413.25,0,1,26.0,"[82, 55, 27, 42, 27, 81, 108, 28, 40, 163, 122, 26]",12
83,1230,Beverages,Continental,145,365.75,363.75,0,0,244.0,"[242, 231, 257, 244, 109, 95, 135, 229, 150, 162, 217, 244]",12
83,1247,Biryani,Indian,145,447.23,445.23,0,0,28.0,"[26, 41, 42, 55, 28, 14, 28, 82, 68, 15, 67, 28]",12
83,1248,Beverages,Indian,145,149.44,148.44,0,0,67.0,"[28, 14, 782, 553, 243, 190, 26, 67, 55, 94, 42, 67]",12
83,1445,Seafood,Continental,145,727.53,726.53,0,0,53.0,"[458, 53, 68, 27, 69, 28, 42, 82, 41, 230, 135, 53]",12
83,1525,Other Snacks,Thai,145,321.13,320.13,0,0,28.0,"[40, 95, 53, 96, 215, 123, 54, 95, 53, 27, 68, 28]",12
83,1543,Desert,Indian,145,483.09,483.09,0,0,82.0,"[55, 27, 107, 175, 80, 162, 54, 53, 82, 108, 96, 82]",12
83,1558,Pizza,Continental,145,547.08,547.08,0,0,148.0,"[177, 405, 364, 204, 68, 148, 242, 431, 365, 109, 256, 148]",12
83,1571,Fish,Continental,145,582.03,582.03,0,0,109.0,"[352, 13, 42, 41, 54, 95, 94, 26, 82, 67, 94, 109]",12
83,1727,Rice Bowl,Indian,145,445.23,446.23,0,0,257.0,"[419, 904, 1081, 581, 377, 298, 258, 297, 256, 230, 229, 257]",12
83,1754,Sandwich,Italian,145,330.83,329.83,0,0,485.0,"[487, 433, 404, 364, 339, 567, 662, 433, 486, 690, 501, 485]",12
83,1770,Biryani,Indian,145,486.03,486.03,0,0,26.0,"[13, 28, 28, 27, 13, 13, 15, 15, 28, 13, 15, 26]",12
83,1778,Beverages,Italian,145,159.08,153.29,1,0,352.0,"[312, 337, 216, 284, 285, 242, 258, 312, 284, 446, 379, 352]",12
83,1878,Starters,Thai,145,321.13,319.13,0,0,134.0,"[150, 134, 80, 123, 68, 40, 148, 107, 67, 230, 148, 134]",12
83,1885,Beverages,Thai,145,140.71,139.71,0,0,905.0,"[609, 404, 649, 756, 636, 770, 836, 716, 486, 649, 553, 905]",12
83,1902,Biryani,Indian,145,446.23,445.23,0,0,42.0,"[15, 41, 26, 55, 27, 54, 14, 28, 14, 28, 42, 42]",12
83,1962,Pizza,Continental,145,547.08,549.08,0,0,123.0,"[189, 405, 378, 176, 189, 229, 269, 621, 433, 284, 136, 123]",12
83,1971,Sandwich,Italian,145,328.86,329.86,0,0,377.0,"[258, 270, 217, 203, 163, 244, 269, 204, 229, 135, 204, 377]",12
83,1993,Beverages,Thai,145,133.92,133.92,0,0,271.0,"[701, 379, 485, 636, 715, 485, 581, 527, 431, 392, 487, 271]",12
83,2104,Fish,Continental,145,582.03,582.03,0,0,95.0,"[13, 41, 81, 28, 55, 67, 80, 15, 53, 42, 42, 95]",12
83,2126,Pasta,Italian,145,435.53,509.31,0,0,82.0,"[68, 26, 40, 53, 42, 68, 55, 108, 55, 15, 27, 82]",12
83,2139,Beverages,Indian,145,290.03,292.03,0,0,26.0,"[15, 42, 42, 27, 96, 15, 27, 55, 54, 82, 40, 26]",12
83,2290,Rice Bowl,Indian,145,297.79,298.79,0,0,190.0,"[3780, 541, 500, 648, 701, 782, 567, 512, 636, 798, 512, 190]",12
83,2304,Desert,Indian,145,482.09,484.09,0,0,94.0,"[40, 55, 55, 134, 41, 42, 136, 40, 26, 41, 15, 94]",12
83,2306,Pasta,Italian,145,242.53,337.62,1,0,42.0,"[13, 14, 13, 14, 13, 28, 53, 15, 14, 13, 28, 42]",12
83,2322,Beverages,Continental,145,365.72,365.72,0,0,149.0,"[204, 149, 297, 202, 54, 41, 148, 121, 202, 136, 121, 149]",12
83,2444,Seafood,Continental,145,727.53,728.53,0,0,108.0,"[202, 42, 41, 80, 15, 54, 28, 14, 42, 123, 94, 108]",12
83,2490,Salad,Italian,145,292.03,290.03,0,0,284.0,"[136, 230, 215, 311, 202, 258, 500, 324, 188, 136, 122, 284]",12
83,2492,Desert,Indian,145,456.93,454.93,0,0,42.0,"[82, 53, 82, 68, 81, 40, 28, 40, 55, 26, 26, 42]",12
83,2539,Beverages,Thai,145,134.86,134.86,0,0,312.0,"[256, 188, 298, 378, 269, 270, 256, 405, 175, 404, 324, 312]",12
83,2569,Salad,Italian,145,242.5,323.07,0,1,1000.0,"[501, 325, 364, 379, 283, 460, 310, 337, 325, 528, 1322, 1000]",12
83,2577,Starters,Thai,145,321.13,320.13,0,0,26.0,"[67, 82, 27, 41, 81, 54, 150, 40, 123, 67, 40, 26]",12
83,2581,Pizza,Continental,145,547.08,548.08,0,0,189.0,"[176, 284, 391, 283, 161, 243, 257, 621, 580, 108, 229, 189]",12
83,2631,Beverages,Indian,145,146.47,148.47,0,0,96.0,"[539, 472, 203, 324, 69, 80, 94, 54, 54, 107, 95, 96]",12
83,2640,Starters,Thai,145,319.13,320.13,0,0,121.0,"[244, 150, 148, 176, 123, 162, 148, 149, 82, 162, 163, 121]",12
83,2664,Salad,Italian,145,233.83,323.07,0,0,620.0,"[431, 244, 352, 350, 351, 418, 244, 203, 269, 366, 1661, 620]",12
83,2704,Other Snacks,Thai,145,320.13,320.13,0,0,216.0,"[229, 190, 366, 445, 500, 311, 257, 271, 202, 215, 297, 216]",12
83,2707,Beverages,Italian,145,199.88,228.01,0,0,501.0,"[351, 298, 283, 459, 270, 405, 323, 581, 378, 501, 298, 501]",12
83,2760,Other Snacks,Thai,145,182.36,260.93,0,1,135.0,"[42, 96, 13, 107, 96, 82, 81, 69, 68, 175, 149, 135]",12
83,2826,Sandwich,Italian,145,327.92,325.92,0,0,405.0,"[310, 445, 351, 458, 312, 445, 285, 404, 350, 431, 244, 405]",12
83,2867,Seafood,Continental,145,726.53,727.53,0,0,53.0,"[14, 204, 123, 27, 68, 42, 41, 28, 13, 95, 68, 53]",12
83,2956,Fish,Continental,145,581.03,581.03,0,0,68.0,"[109, 41, 82, 28, 82, 297, 95, 67, 40, 55, 67, 68]",12
86,1062,Beverages,Italian,145,192.09,193.09,0,0,514.0,"[567, 702, 701, 433, 364, 878, 555, 824, 514, 634, 797, 514]",12
86,1109,Rice Bowl,Indian,145,301.67,302.67,0,0,553.0,"[715, 851, 621, 593, 703, 1000, 729, 513, 620, 729, 756, 553]",12
86,1198,Extras,Thai,145,171.75,339.53,0,0,28.0,"[42, 15, 13, 28, 13, 13, 27, 69, 54, 27, 15, 28]",12
86,1207,Beverages,Continental,145,383.18,382.18,0,0,136.0,"[53, 258, 188, 149, 54, 69, 123, 215, 81, 41, 136, 136]",12
86,1216,Pasta,Italian,145,434.56,434.56,0,0,54.0,"[42, 26, 28, 53, 28, 42, 41, 14, 28, 94, 55, 54]",12
86,1230,Beverages,Continental,145,378.3,378.3,0,0,82.0,"[161, 148, 109, 28, 15, 67, 136, 95, 41, 148, 162, 82]",12
86,1247,Biryani,Indian,142,446.23,447.23,0,0,14.0,"[15, 15, 13, 15, 26, 13, 14, 15, 14, 13, 13, 14]",12
86,1248,Beverages,Indian,145,165.93,164.93,0,0,53.0,"[13, 269, 42, 95, 94, 109, 67, 82, 27, 13, 14, 53]",12
86,1311,Extras,Thai,145,171.75,204.73,0,0,55.0,"[14, 13, 69, 27, 42, 41, 26, 68, 28, 40, 28, 55]",12
86,1438,Soup,Thai,145,196.0,195.0,0,0,68.0,"[69, 135, 122, 67, 67, 135, 81, 109, 109, 94, 136, 68]",12
86,1445,Seafood,Continental,145,726.53,727.53,0,0,26.0,"[15, 13, 14, 42, 67, 40, 27, 15, 28, 42, 217, 26]",12
86,1525,Other Snacks,Thai,145,319.13,319.13,0,0,40.0,"[26, 40, 26, 68, 41, 42, 28, 14, 28, 15, 28, 40]",12
86,1543,Desert,Indian,145,486.03,484.03,0,0,26.0,"[27, 41, 15, 123, 107, 189, 96, 27, 55, 53, 95, 26]",12
86,1558,Pizza,Continental,145,563.63,563.63,0,0,162.0,"[107, 717, 472, 215, 161, 204, 366, 688, 608, 134, 189, 162]",12
86,1571,Fish,Continental,145,640.23,640.23,0,0,13.0,"[13, 15, 42, 15, 13, 28, 15, 41, 14, 13, 14, 13]",12
86,1727,Rice Bowl,Indian,145,466.63,466.63,0,0,445.0,"[500, 1230, 1053, 944, 404, 715, 527, 283, 513, 593, 622, 445]",12
86,1754,Sandwich,Italian,145,319.16,318.16,0,0,729.0,"[744, 1836, 393, 690, 771, 1229, 1337, 756, 798, 906, 1579, 729]",12
86,1770,Biryani,Indian,145,485.03,486.03,0,0,13.0,"[14, 15, 13, 28, 26, 13, 14, 14, 14, 14, 27, 13]",12
86,1778,Beverages,Italian,145,195.03,193.03,0,0,175.0,"[351, 661, 325, 325, 392, 553, 487, 366, 406, 351, 528, 175]",12
86,1803,Extras,Thai,144,228.01,338.53,0,0,80.0,"[53, 55, 26, 67, 40, 13, 40, 41, 68, 41, 15, 80]",12
86,1847,Soup,Thai,145,195.0,194.0,0,0,176.0,"[80, 257, 69, 69, 53, 123, 109, 69, 80, 109, 135, 176]",12
86,1878,Starters,Thai,143,319.13,321.13,0,0,28.0,"[27, 53, 40, 40, 28, 26, 26, 14, 26, 13, 13, 28]",12
86,1885,Beverages,Thai,145,158.14,159.14,0,0,432.0,"[325, 378, 312, 339, 256, 405, 472, 323, 337, 366, 379, 432]",12
86,1902,Biryani,Indian,145,445.23,445.23,0,0,14.0,"[14, 13, 14, 15, 14, 14, 13, 28, 28, 15, 15, 14]",12
86,1962,Pizza,Continental,145,563.6,564.6,0,0,243.0,"[161, 1093, 649, 161, 243, 472, 229, 647, 446, 323, 432, 243]",12
86,1971,Sandwich,Italian,145,345.35,344.35,0,0,230.0,"[406, 890, 593, 80, 231, 743, 717, 202, 324, 445, 851, 230]",12
86,1993,Beverages,Thai,145,159.14,158.14,0,0,69.0,"[243, 108, 312, 285, 188, 285, 256, 163, 242, 202, 148, 69]",12
86,2126,Pasta,Italian,142,509.31,507.31,0,0,40.0,"[68, 28, 15, 13, 27, 42, 13, 14, 15, 14, 28, 40]",12
86,2139,Beverages,Indian,145,291.03,291.03,0,0,68.0,"[15, 13, 40, 14, 42, 26, 55, 26, 26, 53, 26, 68]",12
86,2290,Rice Bowl,Indian,145,286.15,288.15,0,0,350.0,"[1459, 973, 742, 540, 512, 892, 1013, 620, 755, 674, 1039, 350]",12
86,2304,Desert,Indian,145,486.03,485.03,0,0,26.0,"[27, 53, 55, 28, 27, 82, 204, 15, 94, 42, 69, 26]",12
86,2306,Pasta,Italian,145,242.5,336.62,1,1,68.0,"[13, 15, 68, 68, 15, 13, 13, 13, 14, 13, 28, 68]",12
86,2322,Beverages,Continental,145,385.12,386.12,0,0,122.0,"[53, 215, 190, 68, 67, 136, 297, 230, 121, 177, 258, 122]",12
86,2444,Seafood,Continental,144,540.35,727.53,1,1,121.0,"[14, 15, 28, 26, 82, 40, 13, 13, 15, 14, 123, 121]",12
86,2490,Salad,Italian,145,290.03,290.03,0,0,420.0,"[296, 1513, 634, 405, 243, 1052, 1500, 809, 337, 595, 1147, 420]",12
86,2492,Desert,Indian,145,388.03,387.03,0,0,28.0,"[135, 95, 96, 55, 15, 53, 54, 67, 81, 41, 27, 28]",12
86,2494,Soup,Thai,145,194.0,196.0,0,0,54.0,"[41, 41, 68, 55, 41, 96, 55, 67, 69, 41, 82, 54]",12
86,2539,Beverages,Thai,145,159.14,159.14,0,0,81.0,"[150, 42, 94, 150, 95, 202, 162, 190, 136, 67, 148, 81]",12
86,2569,Salad,Italian,145,268.75,339.56,0,0,366.0,"[271, 527, 296, 258, 231, 312, 283, 230, 163, 256, 433, 366]",12
86,2577,Starters,Thai,145,320.13,319.13,0,0,27.0,"[13, 13, 53, 13, 26, 13, 41, 13, 14, 14, 14, 27]",12
86,2581,Pizza,Continental,145,564.6,564.6,0,0,215.0,"[229, 1309, 447, 338, 135, 553, 350, 1216, 797, 366, 554, 215]",12
86,2631,Beverages,Indian,145,163.93,165.93,0,0,28.0,"[230, 122, 95, 26, 203, 107, 123, 28, 150, 53, 95, 28]",12
86,2640,Starters,Thai,145,319.13,320.13,0,0,27.0,"[42, 28, 14, 67, 28, 13, 27, 27, 82, 27, 68, 27]",12
86,2664,Salad,Italian,145,276.48,337.56,0,0,418.0,"[404, 433, 216, 338, 298, 514, 377, 256, 229, 458, 755, 418]",12
86,2704,Other Snacks,Thai,144,320.13,319.13,0,0,26.0,"[41, 27, 14, 26, 53, 40, 13, 67, 14, 68, 14, 26]",12
86,2707,Beverages,Italian,145,235.71,237.71,0,0,202.0,"[256, 67, 188, 68, 95, 351, 271, 269, 202, 189, 352, 202]",12
86,2760,Other Snacks,Thai,144,163.99,241.53,0,1,95.0,"[27, 13, 15, 28, 14, 27, 41, 54, 15, 13, 28, 95]",12
86,2826,Sandwich,Italian,145,378.33,377.33,0,0,323.0,"[433, 176, 730, 242, 311, 391, 378, 256, 323, 595, 351, 323]",12
86,2867,Seafood,Continental,144,484.03,727.53,1,0,107.0,"[27, 69, 55, 27, 69, 13, 54, 13, 13, 55, 82, 107]",12
86,2956,Fish,Continental,140,486.03,630.53,0,0,14.0,"[26, 14, 14, 42, 14, 13, 14, 13, 27, 14, 15, 14]",12
88,1062,Beverages,Italian,145,153.26,159.11,1,0,325.0,"[258, 176, 311, 230, 135, 202, 243, 257, 283, 472, 364, 325]",12
88,1109,Rice Bowl,Indian,145,279.39,310.43,0,0,283.0,"[419, 230, 163, 82, 189, 204, 136, 175, 189, 244, 229, 283]",12
88,1207,Beverages,Continental,145,349.23,349.23,0,0,68.0,"[175, 150, 163, 202, 163, 135, 136, 163, 53, 40, 109, 68]",12
88,1216,Pasta,Italian,145,417.13,417.13,0,0,15.0,"[14, 54, 40, 69, 82, 134, 189, 13, 26, 82, 148, 15]",12
88,1230,Beverages,Continental,145,368.63,367.63,0,0,28.0,"[148, 148, 149, 53, 15, 136, 81, 67, 40, 82, 81, 28]",12
88,1247,Biryani,Indian,145,446.23,446.23,0,0,14.0,"[15, 14, 14, 28, 15, 15, 15, 27, 26, 27, 40, 14]",12
88,1248,Beverages,Indian,145,146.5,145.5,0,0,81.0,"[350, 175, 54, 122, 67, 122, 69, 82, 28, 42, 41, 81]",12
88,1445,Seafood,Continental,145,726.53,727.53,0,0,14.0,"[55, 28, 13, 13, 81, 94, 27, 41, 41, 54, 41, 14]",12
88,1525,Other Snacks,Thai,145,320.13,319.13,0,0,40.0,"[26, 41, 13, 53, 28, 82, 68, 55, 28, 28, 42, 40]",12
88,1543,Desert,Indian,145,484.09,483.09,0,0,55.0,"[69, 82, 80, 135, 243, 150, 121, 82, 54, 109, 95, 55]",12
88,1558,Pizza,Continental,145,511.19,512.19,0,0,150.0,"[123, 311, 229, 107, 148, 121, 81, 203, 231, 148, 107, 150]",12
88,1571,Fish,Continental,145,581.03,581.03,0,0,14.0,"[13, 82, 15, 13, 28, 41, 27, 81, 41, 13, 14, 14]",12
88,1727,Rice Bowl,Indian,145,421.95,422.95,0,0,149.0,"[202, 499, 540, 364, 932, 540, 189, 81, 136, 270, 242, 149]",12
88,1754,Sandwich,Italian,145,282.3,282.3,0,0,459.0,"[810, 676, 636, 581, 499, 716, 690, 703, 582, 742, 728, 459]",12
88,1770,Biryani,Indian,145,456.93,455.93,0,0,26.0,"[26, 27, 15, 15, 15, 26, 15, 27, 13, 27, 13, 26]",12
88,1778,Beverages,Italian,145,162.05,159.14,1,0,189.0,"[297, 82, 231, 177, 149, 81, 161, 134, 80, 202, 190, 189]",12
88,1878,Starters,Thai,145,319.13,319.13,0,0,28.0,"[42, 67, 67, 26, 14, 82, 41, 42, 40, 80, 80, 28]",12
88,1885,Beverages,Thai,145,118.34,122.28,0,1,217.0,"[108, 109, 188, 215, 188, 217, 242, 204, 203, 324, 175, 217]",12
88,1902,Biryani,Indian,143,445.23,446.23,0,0,27.0,"[28, 14, 15, 13, 15, 15, 26, 28, 14, 15, 14, 27]",12
88,1962,Pizza,Continental,145,513.19,511.19,0,0,256.0,"[190, 486, 258, 256, 175, 284, 284, 447, 283, 231, 108, 256]",12
88,1971,Sandwich,Italian,145,291.06,291.06,0,0,284.0,"[244, 447, 271, 177, 41, 365, 190, 339, 202, 325, 324, 284]",12
88,1993,Beverages,Thai,145,118.37,118.37,0,0,189.0,"[231, 122, 202, 203, 216, 203, 216, 136, 81, 176, 136, 189]",12
88,2104,Fish,Continental,145,581.03,582.03,0,0,27.0,"[13, 14, 26, 42, 28, 26, 27, 80, 14, 15, 54, 27]",12
88,2126,Pasta,Italian,145,437.53,489.85,0,1,149.0,"[69, 55, 14, 68, 15, 42, 27, 27, 42, 27, 55, 149]",12
88,2139,Beverages,Indian,145,275.48,276.48,0,0,28.0,"[27, 55, 68, 55, 26, 53, 55, 68, 14, 40, 13, 28]",12
88,2290,Rice Bowl,Indian,145,242.53,242.53,0,0,190.0,"[4414, 1175, 676, 404, 541, 755, 500, 649, 528, 541, 432, 190]",12
88,2304,Desert,Indian,145,483.09,482.09,0,0,55.0,"[81, 69, 42, 229, 80, 54, 41, 41, 15, 41, 14, 55]",12
88,2306,Pasta,Italian,144,292.03,335.62,0,0,14.0,"[42, 15, 14, 15, 13, 14, 15, 13, 42, 15, 14, 14]",12
88,2322,Beverages,Continental,145,369.63,368.63,0,0,26.0,"[41, 121, 55, 69, 27, 26, 68, 69, 14, 53, 122, 26]",12
88,2444,Seafood,Continental,145,727.53,728.53,0,0,26.0,"[42, 42, 96, 149, 26, 15, 15, 15, 14, 40, 15, 26]",12
88,2490,Salad,Italian,145,262.93,261.93,0,0,202.0,"[189, 242, 339, 135, 122, 202, 796, 217, 203, 177, 162, 202]",12
88,2492,Desert,Indian,145,445.23,446.23,0,0,15.0,"[176, 54, 27, 55, 42, 26, 41, 40, 15, 42, 41, 15]",12
88,2539,Beverages,Thai,145,116.43,121.25,0,1,54.0,"[26, 123, 40, 15, 55, 96, 40, 96, 123, 41, 68, 54]",12
88,2569,Salad,Italian,145,245.47,339.53,0,0,647.0,"[445, 472, 377, 323, 351, 636, 339, 418, 514, 474, 946, 647]",12
88,2577,Starters,Thai,145,321.13,321.13,0,0,13.0,"[55, 13, 42, 14, 26, 14, 13, 13, 42, 13, 14, 13]",12
88,2581,Pizza,Continental,145,511.19,511.19,0,0,216.0,"[108, 257, 190, 162, 41, 161, 190, 405, 230, 95, 175, 216]",12
88,2631,Beverages,Indian,145,151.35,150.35,0,0,189.0,"[420, 136, 163, 242, 162, 190, 217, 41, 69, 135, 122, 189]",12
88,2640,Starters,Thai,145,319.13,319.13,0,0,15.0,"[80, 80, 67, 107, 42, 28, 69, 26, 82, 40, 54, 15]",12
88,2664,Salad,Italian,145,246.44,328.89,0,0,337.0,"[393, 216, 162, 256, 242, 392, 217, 215, 258, 419, 527, 337]",12
88,2704,Other Snacks,Thai,145,321.13,320.13,0,0,81.0,"[68, 26, 14, 42, 136, 69, 135, 28, 95, 28, 28, 81]",12
88,2707,Beverages,Italian,145,201.76,201.76,0,0,202.0,"[271, 122, 216, 148, 230, 177, 121, 148, 150, 95, 163, 202]",12
88,2760,Other Snacks,Thai,145,183.36,262.93,0,1,121.0,"[94, 53, 26, 27, 54, 68, 41, 13, 67, 42, 163, 121]",12
88,2826,Sandwich,Italian,145,325.92,325.92,0,0,204.0,"[203, 42, 96, 109, 55, 136, 134, 28, 150, 217, 94, 204]",12
88,2867,Seafood,Continental,144,582.03,728.53,1,0,27.0,"[15, 26, 122, 68, 15, 14, 42, 53, 28, 41, 42, 27]",12
88,2956,Fish,Continental,144,583.03,581.03,0,0,14.0,"[14, 26, 26, 14, 14, 28, 15, 13, 13, 13, 28, 14]",12
89,1062,Beverages,Italian,145,189.18,189.18,0,0,555.0,"[809, 636, 595, 593, 512, 649, 487, 635, 581, 757, 500, 555]",12
89,1109,Rice Bowl,Indian,145,269.66,269.66,0,0,742.0,"[904, 541, 593, 432, 703, 528, 582, 649, 512, 512, 620, 742]",12
89,1198,Extras,Thai,145,152.29,242.53,0,0,269.0,"[202, 134, 163, 162, 216, 203, 230, 121, 108, 310, 95, 269]",12
89,1207,Beverages,Continental,145,379.27,381.27,0,0,204.0,"[258, 189, 176, 202, 55, 53, 310, 108, 123, 177, 122, 204]",12
89,1216,Pasta,Italian,145,418.13,416.13,0,0,53.0,"[42, 55, 41, 68, 41, 122, 162, 68, 54, 230, 177, 53]",12
89,1230,Beverages,Continental,145,378.33,378.33,0,0,148.0,"[177, 109, 176, 257, 121, 15, 216, 107, 161, 175, 81, 148]",12
89,1247,Biryani,Indian,142,445.23,445.23,0,0,26.0,"[26, 15, 27, 13, 15, 15, 13, 27, 14, 41, 14, 26]",12
89,1248,Beverages,Indian,145,164.93,163.93,0,0,54.0,"[67, 177, 258, 96, 136, 67, 95, 108, 68, 67, 80, 54]",12
89,1311,Extras,Thai,145,219.28,219.28,0,0,190.0,"[258, 298, 163, 310, 175, 68, 215, 244, 231, 242, 243, 190]",12
89,1438,Soup,Thai,145,195.0,196.0,0,0,123.0,"[81, 161, 149, 108, 163, 109, 150, 150, 96, 81, 123, 123]",12
89,1445,Seafood,Continental,145,728.53,726.53,0,0,42.0,"[337, 40, 67, 41, 15, 81, 41, 13, 26, 163, 242, 42]",12
89,1525,Other Snacks,Thai,145,321.13,321.13,0,0,134.0,"[69, 149, 175, 244, 202, 162, 175, 108, 135, 95, 176, 134]",12
89,1543,Desert,Indian,145,486.03,485.03,0,0,107.0,"[96, 123, 13, 135, 188, 109, 109, 27, 82, 95, 55, 107]",12
89,1558,Pizza,Continental,145,563.6,562.6,0,0,162.0,"[123, 284, 244, 177, 69, 107, 271, 663, 595, 123, 162, 162]",12
89,1571,Fish,Continental,145,640.23,640.23,0,0,26.0,"[81, 123, 95, 28, 26, 123, 311, 53, 55, 149, 69, 26]",12
89,1727,Rice Bowl,Indian,145,464.63,464.63,0,0,458.0,"[663, 1418, 1295, 1120, 445, 379, 377, 431, 324, 311, 339, 458]",12
89,1754,Sandwich,Italian,145,319.16,318.16,0,0,419.0,"[350, 555, 540, 460, 149, 432, 432, 473, 474, 337, 296, 419]",12
89,1770,Biryani,Indian,145,485.03,484.03,0,0,42.0,"[27, 26, 15, 27, 28, 28, 14, 13, 13, 15, 95, 42]",12
89,1778,Beverages,Italian,145,192.12,190.12,0,0,310.0,"[892, 391, 243, 377, 755, 501, 472, 364, 406, 460, 485, 310]",12
89,1803,Extras,Thai,145,121.31,216.34,0,0,204.0,"[377, 229, 460, 256, 216, 189, 257, 202, 150, 217, 243, 204]",12
89,1847,Soup,Thai,145,196.0,194.0,0,0,94.0,"[94, 96, 94, 55, 80, 123, 55, 121, 107, 53, 95, 94]",12
89,1878,Starters,Thai,145,320.13,320.13,0,0,55.0,"[13, 41, 95, 53, 41, 13, 28, 27, 15, 41, 54, 55]",12
89,1885,Beverages,Thai,145,158.14,159.14,0,0,1187.0,"[972, 1215, 1284, 1040, 1041, 1377, 1621, 972, 1079, 1268, 1160, 1187]",12
89,1902,Biryani,Indian,145,445.23,447.23,0,0,14.0,"[15, 41, 41, 28, 42, 95, 26, 14, 13, 26, 27, 14]",12
89,1962,Pizza,Continental,145,563.6,640.23,0,0,243.0,"[338, 406, 634, 432, 501, 528, 500, 2174, 1729, 296, 433, 243]",12
89,1971,Sandwich,Italian,145,344.35,346.35,0,0,96.0,"[204, 485, 258, 55, 107, 96, 148, 122, 109, 122, 202, 96]",12
89,1993,Beverages,Thai,145,156.17,157.17,0,0,135.0,"[716, 135, 567, 485, 689, 960, 648, 757, 675, 649, 648, 135]",12
89,2104,Fish,Continental,145,640.23,639.23,0,0,42.0,"[55, 41, 14, 41, 53, 190, 190, 15, 80, 26, 14, 42]",12
89,2126,Pasta,Italian,145,332.71,532.56,0,0,107.0,"[42, 68, 41, 94, 13, 67, 54, 122, 53, 26, 14, 107]",12
89,2139,Beverages,Indian,145,380.3,379.3,0,0,54.0,"[13, 42, 14, 28, 68, 26, 15, 55, 28, 28, 13, 54]",12
89,2290,Rice Bowl,Indian,145,187.27,303.67,0,0,68.0,"[3780, 298, 460, 244, 649, 634, 636, 688, 635, 676, 594, 68]",12
89,2304,Desert,Indian,145,484.03,486.03,0,0,15.0,"[54, 14, 28, 27, 54, 55, 15, 68, 55, 41, 14, 15]",12
89,2306,Pasta,Italian,145,243.5,335.62,1,0,40.0,"[15, 13, 109, 40, 40, 14, 161, 53, 13, 15, 40, 40]",12
89,2322,Beverages,Continental,145,387.06,388.06,0,0,244.0,"[312, 258, 243, 351, 134, 95, 215, 217, 285, 107, 135, 244]",12
89,2444,Seafood,Continental,145,667.39,666.39,0,0,54.0,"[67, 14, 297, 203, 14, 26, 27, 13, 15, 204, 257, 54]",12
89,2490,Salad,Italian,145,290.03,290.03,0,0,121.0,"[325, 419, 378, 283, 323, 257, 676, 297, 339, 352, 270, 121]",12
89,2492,Desert,Indian,145,388.03,388.03,0,0,55.0,"[161, 41, 149, 41, 28, 69, 13, 80, 82, 54, 13, 55]",12
89,2494,Soup,Thai,145,194.0,195.0,0,0,94.0,"[94, 149, 109, 162, 95, 149, 82, 41, 81, 69, 108, 94]",12
89,2539,Beverages,Thai,145,156.17,156.17,0,0,419.0,"[283, 121, 285, 339, 176, 283, 204, 229, 310, 244, 310, 419]",12
89,2569,Salad,Italian,145,238.62,337.56,0,1,486.0,"[177, 365, 176, 325, 258, 162, 215, 229, 203, 217, 729, 486]",12
89,2577,Starters,Thai,145,320.13,319.13,0,0,26.0,"[69, 26, 40, 80, 42, 27, 40, 41, 14, 42, 28, 26]",12
89,2581,Pizza,Continental,145,563.6,564.6,0,0,297.0,"[161, 323, 512, 150, 188, 296, 175, 890, 851, 243, 257, 297]",12
89,2631,Beverages,Indian,145,165.93,165.93,0,0,67.0,"[418, 190, 188, 163, 28, 149, 121, 28, 122, 121, 40, 67]",12
89,2640,Starters,Thai,145,321.13,319.13,0,0,42.0,"[80, 68, 67, 82, 54, 42, 81, 80, 82, 13, 41, 42]",12
89,2664,Salad,Italian,145,241.53,338.56,0,1,649.0,"[189, 296, 229, 297, 189, 229, 109, 217, 257, 215, 663, 649]",12
89,2704,Other Snacks,Thai,145,321.13,320.13,0,0,69.0,"[42, 67, 54, 217, 229, 81, 27, 96, 109, 123, 53, 69]",12
89,2707,Beverages,Italian,145,229.92,228.92,0,0,892.0,"[837, 190, 836, 783, 811, 782, 971, 1095, 798, 1027, 971, 892]",12
89,2760,Other Snacks,Thai,145,168.81,241.53,0,0,189.0,"[55, 175, 122, 148, 121, 175, 176, 121, 134, 149, 231, 189]",12
89,2826,Sandwich,Italian,145,371.54,371.54,0,0,364.0,"[540, 636, 555, 755, 662, 647, 675, 621, 500, 526, 296, 364]",12
89,2867,Seafood,Continental,144,486.03,728.53,1,1,149.0,"[15, 42, 14, 338, 163, 14, 27, 55, 42, 40, 67, 149]",12
89,2956,Fish,Continental,145,639.23,640.23,0,0,54.0,"[67, 67, 67, 14, 40, 108, 175, 41, 40, 67, 53, 54]",12
91,1062,Beverages,Italian,145,193.03,194.03,0,0,122.0,"[107, 324, 203, 204, 175, 161, 229, 188, 109, 162, 176, 122]",12
91,1109,Rice Bowl,Indian,145,271.63,309.43,0,0,107.0,"[135, 121, 107, 94, 215, 162, 82, 68, 55, 163, 148, 107]",12
91,1198,Extras,Thai,62,319.13,319.13,0,0,13.0,"[80, 41, 26, 81, 26, 54, 15, 26, 27, 68, 40, 13]",12
91,1207,Beverages,Continental,145,390.0,390.0,0,0,122.0,"[135, 148, 202, 107, 42, 67, 135, 14, 150, 148, 163, 122]",12
91,1216,Pasta,Italian,145,417.13,417.13,0,0,14.0,"[15, 26, 14, 26, 15, 13, 13, 14, 15, 14, 13, 14]",12
91,1230,Beverages,Continental,118,389.0,388.0,0,0,150.0,"[229, 190, 177, 14, 189, 95, 42, 109, 122, 95, 94, 150]",12
91,1248,Beverages,Indian,145,164.93,164.93,0,0,94.0,"[28, 41, 41, 15, 28, 81, 40, 40, 80, 67, 42, 94]",12
91,1311,Extras,Thai,145,170.75,339.53,0,0,28.0,"[13, 15, 26, 69, 26, 54, 14, 55, 28, 42, 14, 28]",12
91,1438,Soup,Thai,119,196.0,243.5,0,0,14.0,"[13, 26, 13, 15, 13, 15, 14, 15, 14]",9
91,1445,Seafood,Continental,144,486.03,726.53,1,0,134.0,"[284, 14, 15, 26, 67, 14, 13, 15, 41, 26, 69, 134]",12
91,1525,Other Snacks,Thai,143,319.13,319.13,0,0,13.0,"[13, 14, 13, 13, 41, 14, 13, 14, 42, 13, 26, 13]",12
91,1543,Desert,Indian,144,485.03,485.03,0,0,13.0,"[13, 15, 15, 14, 26, 13, 28, 15, 15, 15, 14, 13]",12
91,1558,Pizza,Continental,145,564.6,563.6,0,0,163.0,"[26, 285, 244, 217, 150, 136, 242, 109, 217, 149, 175, 163]",12
91,1727,Rice Bowl,Indian,145,464.63,464.63,0,0,108.0,"[148, 257, 256, 149, 81, 163, 82, 68, 96, 109, 54, 108]",12
91,1754,Sandwich,Italian,145,318.16,320.16,0,0,310.0,"[163, 310, 161, 188, 95, 204, 364, 134, 149, 150, 325, 310]",12
91,1778,Beverages,Italian,145,190.15,191.15,0,0,135.0,"[123, 177, 217, 176, 122, 256, 271, 176, 149, 135, 244, 135]",12
91,1803,Extras,Thai,144,226.01,338.53,0,0,42.0,"[54, 54, 53, 26, 26, 41, 15, 27, 28, 14, 14, 42]",12
91,1878,Starters,Thai,144,319.13,321.13,0,0,27.0,"[13, 15, 27, 28, 14, 27, 28, 14, 13, 14, 14, 27]",12
91,1885,Beverages,Thai,145,158.11,159.11,0,0,69.0,"[42, 69, 41, 40, 27, 95, 14, 42, 94, 82, 96, 69]",12
91,1962,Pizza,Continental,145,564.6,563.6,0,0,216.0,"[121, 243, 271, 148, 94, 122, 310, 177, 284, 176, 296, 216]",12
91,1971,Sandwich,Italian,145,346.35,346.35,0,0,135.0,"[771, 54, 148, 176, 53, 69, 80, 123, 69, 40, 122, 135]",12
91,1993,Beverages,Thai,145,158.11,159.11,0,0,28.0,"[55, 14, 68, 42, 68, 163, 135, 108, 94, 109, 54, 28]",12
91,2126,Pasta,Italian,143,507.31,508.31,0,0,13.0,"[13, 15, 14, 13, 40, 27, 13, 27, 15, 26, 15, 13]",12
91,2290,Rice Bowl,Indian,145,297.79,297.79,0,0,161.0,"[271, 296, 284, 107, 121, 256, 311, 177, 177, 283, 323, 161]",12
91,2304,Desert,Indian,144,484.03,485.03,0,0,14.0,"[13, 15, 13, 15, 13, 27, 28, 13, 14, 14, 15, 14]",12
91,2322,Beverages,Continental,145,382.18,382.18,0,0,189.0,"[107, 284, 204, 81, 28, 69, 404, 161, 204, 96, 135, 189]",12
91,2444,Seafood,Continental,145,727.53,726.53,0,0,13.0,"[41, 27, 14, 41, 42, 27, 27, 15, 15, 40, 41, 13]",12
91,2490,Salad,Italian,145,291.03,290.03,0,0,188.0,"[107, 230, 177, 55, 67, 149, 512, 149, 148, 107, 256, 188]",12
91,2494,Soup,Thai,120,195.0,196.0,0,0,15.0,"[13, 15, 15, 15]",4
91,2539,Beverages,Thai,145,142.59,144.59,0,0,13.0,"[42, 27, 42, 95, 162, 13, 109, 40, 82, 81, 82, 13]",12
91,2569,Salad,Italian,145,278.42,338.56,0,0,108.0,"[68, 28, 94, 95, 135, 216, 94, 121, 135, 136, 96, 108]",12
91,2581,Pizza,Continental,145,562.6,562.6,0,0,188.0,"[96, 189, 296, 216, 162, 161, 189, 176, 121, 190, 215, 188]",12
91,2631,Beverages,Indian,145,163.93,164.93,0,0,28.0,"[41, 13, 15, 40, 14, 69, 54, 27, 26, 15, 27, 28]",12
91,2640,Starters,Thai,145,319.13,319.13,0,0,14.0,"[14, 26, 27, 13, 15, 13, 13, 13, 26, 13, 13, 14]",12
91,2664,Salad,Italian,145,280.33,338.56,0,0,204.0,"[108, 148, 41, 121, 176, 231, 150, 161, 188, 325, 202, 204]",12
91,2704,Other Snacks,Thai,123,243.53,291.03,0,0,13.0,"[40, 15, 13, 27, 28, 28, 26, 13, 13, 13, 15, 13]",12
91,2707,Beverages,Italian,145,243.53,243.53,0,0,40.0,"[28, 14, 53, 27, 94, 55, 53, 80, 54, 82, 96, 40]",12
91,2760,Other Snacks,Thai,145,163.99,243.53,0,0,14.0,"[26, 14, 26, 42, 15, 42, 54, 40, 27, 26, 26, 14]",12
91,2826,Sandwich,Italian,145,378.33,377.33,0,0,67.0,"[69, 122, 96, 13, 121, 189, 96, 41, 108, 80, 96, 67]",12
92,1062,Beverages,Italian,145,153.29,154.29,1,0,258.0,"[204, 216, 258, 284, 188, 242, 203, 256, 258, 257, 352, 258]",12
92,1109,Rice Bowl,Indian,145,311.43,311.43,0,0,297.0,"[298, 190, 149, 107, 96, 177, 202, 95, 135, 177, 177, 297]",12
92,1207,Beverages,Continental,145,360.87,359.87,0,0,67.0,"[28, 96, 122, 107, 54, 54, 54, 67, 67, 67, 68, 67]",12
92,1216,Pasta,Italian,145,418.13,416.13,0,0,53.0,"[68, 14, 53, 54, 26, 82, 150, 13, 27, 81, 109, 53]",12
92,1230,Beverages,Continental,140,326.92,325.92,0,0,54.0,"[190, 162, 337, 609, 94, 189, 121, 215, 28, 53, 53, 54]",12
92,1247,Biryani,Indian,145,447.23,445.23,0,0,14.0,"[14, 13, 14, 13, 15, 15, 26, 14, 14, 14, 14, 14]",12
92,1248,Beverages,Indian,145,150.41,150.41,0,0,95.0,"[270, 134, 230, 96, 67, 122, 82, 82, 14, 40, 94, 95]",12
92,1445,Seafood,Continental,145,726.53,727.53,0,0,13.0,"[27, 13, 14, 53, 41, 15, 42, 68, 28, 14, 81, 13]",12
92,1525,Other Snacks,Thai,142,321.13,319.13,0,0,26.0,"[15, 15, 13, 15, 42, 15, 13, 28, 14, 14, 13, 26]",12
92,1543,Desert,Indian,145,483.09,484.09,0,0,163.0,"[53, 163, 67, 150, 80, 109, 53, 108, 107, 136, 67, 163]",12
92,1558,Pizza,Continental,145,513.19,512.19,0,0,135.0,"[68, 242, 203, 94, 67, 81, 285, 311, 244, 231, 202, 135]",12
92,1727,Rice Bowl,Indian,145,423.95,422.95,0,0,42.0,"[582, 392, 473, 541, 270, 391, 135, 217, 188, 365, 242, 42]",12
92,1754,Sandwich,Italian,145,292.03,290.03,0,0,595.0,"[863, 960, 1068, 701, 460, 837, 904, 836, 755, 689, 782, 595]",12
92,1770,Biryani,Indian,145,485.03,486.03,0,0,15.0,"[15, 13, 15, 13, 28, 26, 15, 15, 15, 14, 13, 15]",12
92,1778,Beverages,Italian,145,150.41,157.14,1,1,216.0,"[107, 177, 149, 134, 123, 177, 215, 163, 215, 162, 190, 216]",12
92,1878,Starters,Thai,145,321.13,319.13,0,0,15.0,"[15, 28, 26, 13, 15, 14, 26, 26, 26, 27, 15, 15]",12
92,1885,Beverages,Thai,145,121.25,123.25,0,0,122.0,"[162, 54, 42, 122, 53, 81, 109, 53, 42, 82, 150, 122]",12
92,1902,Biryani,Indian,143,446.23,446.23,0,0,14.0,"[15, 15, 14, 13, 15, 15, 13, 14, 26, 27, 15, 14]",12
92,1962,Pizza,Continental,145,511.19,513.19,0,0,108.0,"[136, 244, 177, 96, 67, 95, 204, 391, 217, 134, 202, 108]",12
92,1971,Sandwich,Italian,145,291.06,290.06,0,0,296.0,"[377, 460, 433, 80, 27, 337, 339, 310, 270, 337, 445, 296]",12
92,1993,Beverages,Thai,145,115.43,116.43,0,0,82.0,"[149, 96, 108, 94, 28, 136, 121, 149, 67, 177, 271, 82]",12
92,2126,Pasta,Italian,145,437.53,507.31,0,0,15.0,"[15, 55, 54, 13, 14, 69, 14, 14, 55, 13, 28, 15]",12
92,2139,Beverages,Indian,144,290.03,291.03,0,0,14.0,"[14, 27, 28, 28, 41, 13, 15, 15, 27, 53, 42, 14]",12
92,2290,Rice Bowl,Indian,145,259.02,260.02,0,0,257.0,"[3780, 1053, 798, 244, 364, 364, 364, 513, 324, 312, 432, 257]",12
92,2304,Desert,Indian,145,484.09,482.09,0,0,28.0,"[55, 69, 26, 121, 54, 28, 123, 69, 82, 67, 123, 28]",12
92,2306,Pasta,Italian,144,78.57,337.62,0,0,134.0,"[55, 15, 42, 41, 14, 14, 13, 13, 41, 95, 26, 134]",12
92,2322,Beverages,Continental,145,350.23,349.23,0,0,69.0,"[108, 69, 68, 41, 41, 68, 94, 162, 69, 68, 69, 69]",12
92,2444,Seafood,Continental,143,583.03,726.53,0,0,13.0,"[14, 15, 107, 95, 14, 15, 13, 80, 163, 13, 14, 13]",12
92,2490,Salad,Italian,145,279.36,280.36,0,0,107.0,"[229, 270, 433, 148, 177, 190, 485, 190, 176, 217, 324, 107]",12
92,2492,Desert,Indian,145,445.23,447.23,0,0,28.0,"[68, 231, 215, 135, 27, 26, 14, 26, 55, 54, 14, 28]",12
92,2539,Beverages,Thai,145,119.34,120.34,0,0,55.0,"[148, 41, 81, 55, 27, 42, 68, 41, 54, 53, 69, 55]",12
92,2569,Salad,Italian,145,249.29,335.65,0,0,258.0,"[622, 419, 271, 134, 257, 566, 527, 446, 404, 647, 649, 258]",12
92,2577,Starters,Thai,145,321.13,321.13,0,0,14.0,"[14, 15, 14]",3
92,2581,Pizza,Continental,145,511.19,512.19,0,0,176.0,"[122, 229, 148, 81, 109, 256, 378, 419, 377, 229, 242, 176]",12
92,2631,Beverages,Indian,145,130.01,149.41,0,0,148.0,"[582, 150, 231, 406, 121, 123, 69, 55, 55, 109, 121, 148]",12
92,2640,Starters,Thai,145,320.13,320.13,0,0,14.0,"[28, 41, 13, 27, 41, 42, 41, 14, 15, 15, 27, 14]",12
92,2664,Salad,Italian,145,251.23,337.62,0,0,312.0,"[850, 689, 487, 581, 662, 742, 473, 431, 312, 620, 635, 312]",12
92,2704,Other Snacks,Thai,145,321.13,321.13,0,0,14.0,"[13, 13, 13, 15, 55, 15, 13, 14, 14, 15, 14, 14]",12
92,2707,Beverages,Italian,145,199.82,201.82,0,0,107.0,"[256, 96, 296, 230, 121, 148, 162, 122, 135, 136, 107, 107]",12
92,2760,Other Snacks,Thai,145,183.36,262.93,0,0,13.0,"[40, 13, 13, 15, 15, 26, 13, 13, 13, 28, 13, 13]",12
92,2826,Sandwich,Italian,145,327.92,327.92,0,0,67.0,"[487, 189, 231, 148, 244, 365, 231, 122, 149, 270, 123, 67]",12
92,2867,Seafood,Continental,134,485.03,767.33,1,1,27.0,"[13, 26, 15, 27, 15, 27, 14, 42, 15, 15, 13, 27]",12
93,1062,Beverages,Italian,145,154.23,153.26,1,0,231.0,"[271, 257, 271, 337, 175, 217, 339, 177, 324, 418, 392, 231]",12
93,1109,Rice Bowl,Indian,145,309.43,311.43,0,0,352.0,"[445, 553, 271, 420, 325, 459, 432, 500, 405, 593, 337, 352]",12
93,1207,Beverages,Continental,145,362.78,362.78,0,0,94.0,"[122, 94, 189, 82, 81, 55, 215, 148, 163, 13, 53, 94]",12
93,1216,Pasta,Italian,145,416.13,417.13,0,0,27.0,"[54, 26, 41, 67, 109, 94, 80, 42, 40, 136, 41, 27]",12
93,1230,Beverages,Continental,145,345.38,344.38,0,0,40.0,"[40, 121, 121, 161, 42, 40, 123, 94, 69, 149, 190, 40]",12
93,1247,Biryani,Indian,144,445.23,445.23,0,0,13.0,"[13, 15, 15, 13, 13, 14, 26, 26, 28, 15, 14, 13]",12
93,1248,Beverages,Indian,145,153.26,154.26,0,0,82.0,"[135, 109, 42, 67, 134, 42, 67, 42, 53, 41, 42, 82]",12
93,1445,Seafood,Continental,145,727.53,865.27,0,0,41.0,"[14, 27, 135, 150, 94, 53, 26, 26, 53, 40, 55, 41]",12
93,1525,Other Snacks,Thai,145,321.13,320.13,0,0,28.0,"[14, 13, 41, 13, 40, 40, 53, 107, 40, 40, 41, 28]",12
93,1543,Desert,Indian,145,483.09,483.09,0,0,54.0,"[68, 42, 55, 96, 136, 81, 107, 80, 14, 27, 82, 54]",12
93,1558,Pizza,Continental,145,511.19,513.19,0,0,107.0,"[53, 231, 243, 80, 54, 96, 177, 364, 285, 161, 122, 107]",12
93,1571,Fish,Continental,145,583.03,583.03,0,0,69.0,"[53, 55, 109, 69, 108, 95, 229, 67, 82, 161, 82, 69]",12
93,1727,Rice Bowl,Indian,145,422.95,422.95,0,0,258.0,"[377, 689, 472, 528, 215, 203, 189, 269, 176, 215, 189, 258]",12
93,1754,Sandwich,Italian,145,292.03,290.03,0,0,527.0,"[582, 757, 783, 406, 459, 580, 595, 566, 541, 446, 634, 527]",12
93,1770,Biryani,Indian,145,485.03,484.03,0,0,28.0,"[13, 14, 41, 27, 28, 14, 14, 26, 40, 28, 15, 28]",12
93,1778,Beverages,Italian,145,162.02,177.51,1,1,297.0,"[161, 150, 229, 163, 242, 149, 202, 176, 189, 339, 271, 297]",12
93,1878,Starters,Thai,145,321.13,321.13,0,0,68.0,"[95, 81, 41, 54, 109, 42, 69, 136, 80, 69, 82, 68]",12
93,1885,Beverages,Thai,145,121.31,119.31,0,0,350.0,"[284, 431, 338, 406, 393, 351, 324, 378, 311, 312, 269, 350]",12
93,1902,Biryani,Indian,145,447.23,445.23,0,0,15.0,"[14, 15, 13, 14, 14, 15, 15, 15, 14, 15, 14, 15]",12
93,1962,Pizza,Continental,145,511.19,512.19,0,0,285.0,"[271, 339, 486, 285, 231, 244, 405, 554, 364, 150, 188, 285]",12
93,1971,Sandwich,Italian,145,290.06,290.06,0,0,285.0,"[364, 472, 447, 82, 94, 350, 311, 271, 202, 217, 406, 285]",12
93,1993,Beverages,Thai,145,119.34,119.34,0,0,175.0,"[202, 80, 378, 230, 215, 229, 338, 378, 270, 297, 283, 175]",12
93,2104,Fish,Continental,145,594.64,593.64,0,0,55.0,"[81, 13, 40, 40, 27, 123, 123, 95, 40, 82, 67, 55]",12
93,2126,Pasta,Italian,145,460.78,460.78,0,0,41.0,"[13, 41, 80, 27, 69, 41, 54, 41, 13, 13, 27, 41]",12
93,2139,Beverages,Indian,145,282.33,280.33,0,0,42.0,"[55, 40, 69, 54, 81, 41, 55, 40, 42, 15, 40, 42]",12
93,2290,Rice Bowl,Indian,145,260.96,259.96,0,0,229.0,"[2942, 418, 594, 433, 366, 674, 608, 661, 378, 717, 728, 229]",12
93,2304,Desert,Indian,145,482.09,482.09,0,0,28.0,"[42, 54, 26, 95, 54, 42, 13, 42, 54, 69, 55, 28]",12
93,2306,Pasta,Italian,145,241.53,307.55,1,0,15.0,"[28, 28, 15, 15, 13, 28, 40, 14, 13, 14, 42, 15]",12
93,2322,Beverages,Continental,145,360.9,360.9,0,0,53.0,"[108, 123, 121, 107, 54, 42, 162, 136, 134, 108, 67, 53]",12
93,2444,Seafood,Continental,144,581.03,726.53,1,1,121.0,"[54, 13, 94, 217, 42, 28, 15, 55, 27, 14, 53, 121]",12
93,2490,Salad,Italian,145,279.36,279.36,0,0,175.0,"[242, 419, 351, 244, 134, 310, 904, 283, 177, 189, 229, 175]",12
93,2492,Desert,Indian,144,447.23,447.23,0,0,26.0,"[176, 80, 42, 81, 53, 94, 26, 54, 15, 14, 26, 26]",12
93,2539,Beverages,Thai,145,119.34,120.34,0,0,134.0,"[107, 53, 176, 150, 134, 81, 188, 42, 162, 123, 108, 134]",12
93,2569,Salad,Italian,145,243.53,340.53,0,0,485.0,"[420, 270, 270, 190, 229, 404, 271, 216, 285, 418, 325, 485]",12
93,2577,Starters,Thai,145,320.13,319.13,0,0,69.0,"[82, 69, 80, 26, 68, 41, 55, 82, 26, 26, 53, 69]",12
93,2581,Pizza,Continental,145,511.19,513.19,0,0,135.0,"[229, 351, 257, 204, 217, 161, 269, 447, 405, 175, 216, 135]",12
93,2631,Beverages,Indian,145,148.41,150.41,0,0,122.0,"[149, 136, 28, 107, 55, 135, 80, 53, 82, 121, 95, 122]",12
93,2640,Starters,Thai,145,320.13,321.13,0,0,54.0,"[94, 175, 96, 67, 122, 121, 177, 148, 40, 122, 123, 54]",12
93,2664,Salad,Italian,145,242.5,338.53,0,0,338.0,"[202, 109, 67, 149, 150, 243, 244, 243, 217, 378, 312, 338]",12
93,2704,Other Snacks,Thai,145,319.13,319.13,0,0,40.0,"[68, 54, 67, 67, 95, 41, 96, 80, 42, 55, 54, 40]",12
93,2707,Beverages,Italian,145,204.67,206.67,0,0,188.0,"[350, 203, 458, 365, 215, 135, 257, 215, 202, 203, 242, 188]",12
93,2760,Other Snacks,Thai,145,183.36,262.93,0,0,42.0,"[28, 55, 26, 40, 14, 55, 13, 54, 42, 67, 54, 42]",12
93,2826,Sandwich,Italian,145,326.92,326.92,0,0,283.0,"[338, 204, 175, 323, 269, 325, 256, 324, 310, 351, 258, 283]",12
93,2867,Seafood,Continental,145,727.53,727.53,0,0,13.0,"[40, 67, 68, 42, 14, 13, 27, 42, 28, 68, 27, 13]",12
93,2956,Fish,Continental,144,582.03,583.03,0,0,26.0,"[81, 80, 13, 14, 13, 41, 53, 148, 53, 14, 41, 26]",12
94,1062,Beverages,Italian,145,158.17,151.35,1,1,432.0,"[392, 311, 243, 231, 188, 122, 243, 229, 298, 229, 177, 432]",12
94,1109,Rice Bowl,Indian,145,282.27,283.27,0,0,311.0,"[474, 121, 188, 190, 161, 216, 297, 175, 204, 257, 242, 311]",12
94,1207,Beverages,Continental,145,355.02,356.02,0,0,122.0,"[189, 107, 231, 107, 82, 69, 149, 162, 136, 55, 136, 122]",12
94,1216,Pasta,Italian,145,416.13,418.13,0,0,26.0,"[15, 53, 107, 40, 55, 41, 40, 13, 14, 54, 54, 26]",12
94,1230,Beverages,Continental,145,364.75,365.75,0,0,123.0,"[379, 108, 80, 94, 94, 68, 107, 81, 204, 41, 53, 123]",12
94,1247,Biryani,Indian,143,447.23,447.23,0,0,14.0,"[13, 28, 14, 27, 15, 14, 27, 26, 14, 27, 26, 14]",12
94,1248,Beverages,Indian,145,151.35,150.35,0,0,80.0,"[177, 54, 54, 121, 13, 40, 55, 13, 26, 28, 69, 80]",12
94,1445,Seafood,Continental,145,726.53,728.53,0,0,13.0,"[14, 15, 15, 190, 107, 15, 27, 26, 28, 94, 55, 13]",12
94,1525,Other Snacks,Thai,145,319.13,320.13,0,0,15.0,"[14, 40, 26, 13, 15, 15, 26, 13, 27, 15, 27, 15]",12
94,1543,Desert,Indian,145,484.09,482.09,0,0,55.0,"[82, 54, 41, 82, 96, 69, 53, 67, 67, 28, 26, 55]",12
94,1558,Pizza,Continental,145,513.19,513.19,0,0,94.0,"[283, 378, 310, 270, 243, 257, 270, 540, 269, 108, 123, 94]",12
94,1571,Fish,Continental,112,581.03,582.03,0,0,14.0,"[27, 28, 67, 15, 14]",5
94,1727,Rice Bowl,Indian,145,423.95,423.95,0,0,163.0,"[258, 378, 500, 487, 284, 298, 230, 203, 162, 269, 190, 163]",12
94,1754,Sandwich,Italian,145,290.03,290.03,0,0,541.0,"[392, 541, 446, 352, 392, 485, 609, 446, 446, 501, 473, 541]",12
94,1770,Biryani,Indian,145,427.83,485.03,0,0,13.0,"[26, 13, 40, 14, 26, 27, 13, 27, 13, 14, 15, 13]",12
94,1778,Beverages,Italian,145,157.17,158.11,1,1,242.0,"[176, 215, 176, 150, 188, 67, 122, 163, 109, 188, 188, 242]",12
94,1878,Starters,Thai,143,319.13,321.13,0,0,27.0,"[55, 26, 55, 42, 53, 41, 82, 27, 55, 55, 54, 27]",12
94,1885,Beverages,Thai,145,119.31,120.31,0,0,177.0,"[216, 231, 203, 162, 284, 107, 202, 256, 175, 176, 312, 177]",12
94,1902,Biryani,Indian,143,445.23,445.23,0,0,15.0,"[14, 14, 15, 15, 13, 15, 26, 28, 55, 13, 13, 15]",12
94,1962,Pizza,Continental,145,512.19,511.19,0,0,217.0,"[351, 352, 337, 217, 148, 175, 258, 528, 269, 204, 176, 217]",12
94,1971,Sandwich,Italian,145,291.06,291.06,0,0,148.0,"[176, 283, 216, 82, 42, 215, 257, 242, 202, 271, 175, 148]",12
94,1993,Beverages,Thai,145,122.28,121.28,0,0,189.0,"[188, 204, 163, 190, 256, 310, 231, 258, 215, 229, 351, 189]",12
94,2126,Pasta,Italian,145,437.53,472.42,0,1,28.0,"[53, 15, 13, 28, 54, 28, 26, 69, 28, 42, 28, 28]",12
94,2139,Beverages,Indian,144,292.03,292.03,0,0,27.0,"[14, 28, 40, 13, 27, 27, 41, 40, 54, 42, 42, 27]",12
94,2290,Rice Bowl,Indian,145,261.96,259.96,0,0,230.0,"[2970, 446, 432, 297, 568, 406, 474, 553, 459, 568, 514, 230]",12
94,2304,Desert,Indian,145,482.09,483.09,0,0,26.0,"[42, 42, 13, 14, 27, 41, 27, 41, 26, 28, 14, 26]",12
94,2306,Pasta,Italian,145,241.53,313.31,1,0,55.0,"[15, 13, 15, 14, 15, 13, 13, 109, 14, 14, 28, 55]",12
94,2322,Beverages,Continental,145,352.11,353.11,0,0,175.0,"[162, 244, 190, 161, 55, 150, 229, 123, 150, 163, 96, 175]",12
94,2444,Seafood,Continental,144,582.03,728.53,1,1,27.0,"[55, 15, 15, 28, 55, 189, 13, 42, 13, 13, 69, 27]",12
94,2490,Salad,Italian,145,280.36,281.36,0,0,270.0,"[217, 202, 285, 148, 176, 217, 971, 190, 231, 204, 134, 270]",12
94,2492,Desert,Indian,145,447.23,447.23,0,0,28.0,"[55, 203, 95, 55, 15, 69, 15, 67, 26, 14, 26, 28]",12
94,2539,Beverages,Thai,145,119.31,120.31,0,0,107.0,"[69, 40, 67, 42, 109, 80, 134, 82, 109, 94, 41, 107]",12
94,2569,Salad,Italian,145,250.32,339.53,0,0,297.0,"[634, 541, 243, 163, 311, 486, 514, 231, 298, 445, 460, 297]",12
94,2577,Starters,Thai,133,320.13,320.13,0,0,41.0,"[13, 42, 40, 15, 40, 15, 26, 13, 28, 53, 13, 41]",12
94,2581,Pizza,Continental,145,512.19,513.19,0,0,244.0,"[177, 284, 244, 256, 134, 215, 161, 350, 258, 190, 229, 244]",12
94,2631,Beverages,Indian,145,153.26,153.26,0,0,55.0,"[109, 109, 108, 40, 53, 94, 107, 26, 42, 68, 41, 55]",12
94,2640,Starters,Thai,145,321.13,320.13,0,0,15.0,"[42, 26, 42, 109, 28, 41, 40, 54, 53, 82, 13, 15]",12
94,2664,Salad,Italian,145,248.35,338.53,0,0,311.0,"[242, 148, 123, 95, 41, 190, 285, 136, 257, 365, 337, 311]",12
94,2704,Other Snacks,Thai,145,320.13,321.13,0,0,42.0,"[42, 82, 28, 54, 67, 67, 55, 26, 42, 28, 13, 42]",12
94,2707,Beverages,Italian,145,205.64,207.64,0,0,285.0,"[406, 188, 297, 190, 258, 379, 297, 352, 377, 243, 379, 285]",12
94,2760,Other Snacks,Thai,145,184.36,260.93,0,0,107.0,"[42, 27, 53, 13, 15, 14, 27, 27, 13, 27, 55, 107]",12
94,2826,Sandwich,Italian,145,325.92,327.92,0,0,229.0,"[323, 298, 258, 176, 244, 337, 284, 285, 258, 243, 377, 229]",12
94,2867,Seafood,Continental,145,728.53,727.53,0,0,28.0,"[27, 53, 41, 26, 42, 14, 40, 14, 15, 13, 28, 28]",12
97,1062,Beverages,Italian,145,161.08,156.2,1,0,419.0,"[351, 459, 486, 514, 310, 364, 323, 458, 364, 593, 553, 419]",12
97,1109,Rice Bowl,Indian,145,302.64,303.64,0,0,649.0,"[1174, 566, 688, 688, 701, 717, 566, 647, 404, 580, 553, 649]",12
97,1207,Beverages,Continental,145,356.99,357.99,0,0,177.0,"[163, 134, 231, 135, 108, 41, 175, 107, 123, 177, 107, 177]",12
97,1216,Pasta,Italian,145,413.25,412.25,0,0,82.0,"[26, 55, 14, 94, 67, 134, 41, 14, 96, 134, 148, 82]",12
97,1230,Beverages,Continental,145,348.29,348.29,0,0,148.0,"[229, 190, 298, 121, 204, 69, 175, 150, 148, 96, 40, 148]",12
97,1247,Biryani,Indian,145,445.23,445.23,0,0,41.0,"[40, 41, 27, 69, 108, 26, 15, 14, 28, 81, 54, 41]",12
97,1248,Beverages,Indian,145,155.26,153.26,0,0,28.0,"[284, 190, 94, 53, 80, 26, 28, 28, 68, 26, 55, 28]",12
97,1445,Seafood,Continental,145,726.53,727.53,0,0,82.0,"[392, 42, 80, 26, 68, 26, 15, 82, 53, 244, 216, 82]",12
97,1525,Other Snacks,Thai,145,320.13,319.13,0,0,68.0,"[94, 68, 109, 203, 204, 176, 121, 96, 121, 95, 40, 68]",12
97,1543,Desert,Indian,145,484.09,483.09,0,0,68.0,"[68, 55, 94, 162, 81, 81, 81, 68, 53, 67, 109, 68]",12
97,1558,Pizza,Continental,145,549.08,549.08,0,0,175.0,"[109, 256, 567, 312, 176, 136, 257, 744, 566, 204, 230, 175]",12
97,1571,Fish,Continental,145,583.03,582.03,0,0,150.0,"[109, 95, 136, 81, 150, 296, 242, 109, 123, 149, 69, 150]",12
97,1727,Rice Bowl,Indian,145,447.23,445.23,0,0,177.0,"[366, 985, 987, 878, 298, 269, 189, 284, 296, 297, 217, 177]",12
97,1754,Sandwich,Italian,145,329.83,329.83,0,0,501.0,"[486, 635, 958, 540, 405, 486, 459, 404, 501, 420, 635, 501]",12
97,1770,Biryani,Indian,145,465.63,464.63,0,0,41.0,"[26, 55, 27, 15, 14, 54, 13, 67, 40, 15, 15, 41]",12
97,1778,Beverages,Italian,145,155.26,150.38,1,0,257.0,"[136, 176, 338, 324, 149, 297, 297, 230, 338, 189, 404, 257]",12
97,1878,Starters,Thai,145,319.13,319.13,0,0,230.0,"[215, 150, 109, 229, 188, 149, 134, 136, 190, 162, 230, 230]",12
97,1885,Beverages,Thai,145,135.86,134.86,0,0,607.0,"[674, 567, 501, 702, 716, 595, 620, 864, 757, 513, 620, 607]",12
97,1902,Biryani,Indian,145,446.23,447.23,0,0,15.0,"[41, 14, 13, 26, 13, 14, 41, 40, 53, 68, 27, 15]",12
97,1962,Pizza,Continental,145,548.08,549.08,0,0,284.0,"[445, 566, 568, 269, 285, 297, 447, 933, 513, 337, 378, 284]",12
97,1971,Sandwich,Italian,145,327.86,328.86,0,0,366.0,"[296, 418, 364, 189, 269, 189, 284, 378, 310, 296, 256, 366]",12
97,1993,Beverages,Thai,145,136.8,135.8,0,0,501.0,"[620, 393, 432, 756, 513, 690, 730, 756, 634, 784, 500, 501]",12
97,2104,Fish,Continental,145,583.03,583.03,0,0,122.0,"[108, 95, 161, 82, 108, 270, 94, 68, 175, 230, 94, 122]",12
97,2126,Pasta,Italian,145,437.53,490.85,0,0,26.0,"[95, 40, 53, 107, 55, 94, 82, 13, 41, 28, 54, 26]",12
97,2139,Beverages,Indian,145,291.03,292.03,0,0,42.0,"[13, 81, 42, 28, 27, 54, 28, 13, 42, 96, 40, 42]",12
97,2290,Rice Bowl,Indian,145,272.6,271.6,0,0,473.0,"[4954, 501, 541, 568, 620, 636, 458, 715, 636, 784, 512, 473]",12
97,2304,Desert,Indian,145,484.09,484.09,0,0,28.0,"[15, 14, 15, 123, 41, 53, 28, 53, 69, 27, 27, 28]",12
97,2306,Pasta,Italian,145,241.53,306.55,1,0,13.0,"[27, 15, 41, 15, 40, 42, 26, 270, 15, 14, 40, 13]",12
97,2322,Beverages,Continental,145,363.81,363.81,0,0,162.0,"[177, 215, 190, 95, 190, 81, 150, 122, 136, 148, 80, 162]",12
97,2444,Seafood,Continental,145,726.53,728.53,0,0,82.0,"[285, 40, 40, 81, 41, 67, 15, 54, 41, 26, 149, 82]",12
97,2490,Salad,Italian,145,292.03,291.03,0,0,283.0,"[258, 393, 458, 298, 257, 352, 662, 323, 297, 285, 217, 283]",12
97,2492,Desert,Indian,145,454.93,455.93,0,0,15.0,"[121, 148, 94, 14, 40, 81, 40, 40, 42, 26, 42, 15]",12
97,2539,Beverages,Thai,145,133.92,131.92,0,0,175.0,"[310, 216, 161, 243, 337, 244, 202, 350, 230, 351, 217, 175]",12
97,2569,Salad,Italian,145,240.62,323.07,0,1,810.0,"[338, 323, 499, 392, 216, 501, 256, 258, 337, 352, 890, 810]",12
97,2577,Starters,Thai,145,320.13,321.13,0,0,134.0,"[27, 27, 121, 94, 68, 82, 53, 81, 81, 26, 14, 134]",12
97,2581,Pizza,Continental,145,548.08,548.08,0,0,217.0,"[189, 311, 420, 150, 189, 231, 244, 649, 635, 243, 177, 217]",12
97,2631,Beverages,Indian,145,141.62,142.62,0,0,55.0,"[419, 242, 202, 216, 121, 68, 81, 28, 108, 107, 95, 55]",12
97,2640,Starters,Thai,145,320.13,319.13,0,0,109.0,"[229, 123, 215, 150, 202, 215, 203, 81, 188, 188, 177, 109]",12
97,2664,Salad,Italian,145,248.38,321.07,0,1,540.0,"[296, 217, 377, 177, 204, 312, 177, 215, 231, 296, 661, 540]",12
97,2704,Other Snacks,Thai,145,321.13,319.13,0,0,135.0,"[163, 149, 136, 418, 337, 460, 175, 161, 188, 189, 122, 135]",12
97,2707,Beverages,Italian,145,194.0,217.28,0,0,500.0,"[337, 258, 499, 419, 406, 554, 406, 458, 582, 500, 539, 500]",12
97,2760,Other Snacks,Thai,145,183.36,261.93,0,0,123.0,"[136, 42, 163, 162, 69, 67, 109, 53, 107, 68, 82, 123]",12
97,2826,Sandwich,Italian,145,325.92,325.92,0,0,339.0,"[459, 620, 568, 553, 540, 568, 324, 351, 514, 593, 514, 339]",12
97,2867,Seafood,Continental,145,728.53,726.53,0,0,28.0,"[284, 67, 94, 94, 26, 109, 15, 40, 14, 162, 163, 28]",12
97,2956,Fish,Continental,130,437.53,629.53,0,1,189.0,"[68, 378, 189]",3
99,1062,Beverages,Italian,145,191.15,190.15,0,0,690.0,"[999, 582, 568, 474, 553, 850, 879, 499, 703, 824, 744, 690]",12
99,1109,Rice Bowl,Indian,145,261.93,291.03,0,0,689.0,"[1755, 662, 783, 580, 744, 852, 715, 595, 636, 971, 647, 689]",12
99,1198,Extras,Thai,145,170.75,211.46,0,0,161.0,"[107, 230, 177, 107, 95, 135, 136, 109, 215, 122, 230, 161]",12
99,1207,Beverages,Continental,145,386.12,384.12,0,0,283.0,"[258, 391, 203, 256, 107, 67, 284, 150, 311, 229, 270, 283]",12
99,1216,Pasta,Italian,145,436.56,435.56,0,0,82.0,"[40, 81, 54, 40, 27, 40, 149, 42, 80, 148, 108, 82]",12
99,1230,Beverages,Continental,145,380.27,381.27,0,0,188.0,"[270, 377, 215, 258, 136, 69, 203, 298, 256, 352, 269, 188]",12
99,1247,Biryani,Indian,143,446.23,445.23,0,0,41.0,"[13, 13, 14, 15, 26, 55, 27, 13, 14, 15, 14, 41]",12
99,1248,Beverages,Indian,145,164.93,164.93,0,0,54.0,"[352, 163, 148, 94, 81, 94, 95, 41, 68, 13, 15, 54]",12
99,1311,Extras,Thai,145,243.53,242.53,0,0,94.0,"[135, 69, 42, 27, 121, 54, 41, 69, 109, 82, 42, 94]",12
99,1438,Soup,Thai,145,195.0,195.0,0,0,95.0,"[55, 81, 82, 107, 68, 94, 107, 81, 176, 148, 95, 95]",12
99,1445,Seafood,Continental,145,728.53,728.53,0,0,26.0,"[229, 175, 28, 27, 96, 28, 27, 14, 13, 338, 392, 26]",12
99,1525,Other Snacks,Thai,145,319.13,319.13,0,1,150.0,"[177, 323, 324, 298, 270, 242, 163, 163, 257, 216, 323, 150]",12
99,1543,Desert,Indian,145,484.03,486.03,0,0,96.0,"[54, 82, 41, 188, 190, 40, 68, 55, 40, 94, 28, 96]",12
99,1558,Pizza,Continental,145,564.6,564.6,0,0,202.0,"[109, 431, 406, 109, 123, 107, 217, 1418, 1040, 149, 122, 202]",12
99,1571,Fish,Continental,145,641.23,640.23,0,0,94.0,"[26, 80, 67, 55, 27, 121, 217, 122, 69, 53, 108, 94]",12
99,1727,Rice Bowl,Indian,145,464.63,464.63,0,0,405.0,"[447, 2283, 1891, 1243, 566, 310, 568, 419, 418, 539, 405, 405]",12
99,1754,Sandwich,Italian,145,318.16,318.16,0,0,366.0,"[283, 554, 594, 337, 323, 528, 460, 257, 405, 418, 352, 366]",12
99,1770,Biryani,Indian,145,484.03,485.03,0,0,54.0,"[28, 40, 14, 13, 15, 55, 14, 27, 15, 42, 13, 54]",12
99,1778,Beverages,Italian,145,190.18,188.18,0,0,649.0,"[1027, 689, 715, 445, 554, 823, 661, 620, 567, 1052, 620, 649]",12
99,1803,Extras,Thai,145,123.19,170.75,0,0,150.0,"[149, 68, 95, 55, 55, 94, 109, 82, 82, 121, 135, 150]",12
99,1847,Soup,Thai,145,195.0,195.0,0,0,40.0,"[55, 42, 67, 123, 68, 82, 55, 136, 121, 81, 80, 40]",12
99,1878,Starters,Thai,145,319.13,319.13,0,0,27.0,"[26, 13, 40, 27, 42, 26, 69, 55, 13, 42, 41, 27]",12
99,1885,Beverages,Thai,145,158.14,158.14,0,0,1041.0,"[1120, 1106, 932, 1187, 906, 1270, 1000, 931, 1107, 1311, 1457, 1041]",12
99,1902,Biryani,Indian,145,446.23,446.23,0,0,28.0,"[40, 41, 13, 53, 94, 15, 27, 14, 15, 27, 15, 28]",12
99,1962,Pizza,Continental,145,564.6,562.6,0,0,258.0,"[231, 675, 527, 216, 94, 404, 15, 1484, 1403, 269, 189, 258]",12
99,1971,Sandwich,Italian,145,349.2,349.2,0,0,107.0,"[203, 176, 122, 42, 109, 243, 256, 95, 161, 285, 177, 107]",12
99,1993,Beverages,Thai,145,157.14,149.41,0,1,202.0,"[676, 189, 366, 555, 716, 717, 648, 594, 593, 852, 581, 202]",12
99,2126,Pasta,Italian,144,510.25,510.25,0,0,55.0,"[81, 27, 80, 41, 28, 41, 54, 67, 27, 15, 13, 55]",12
99,2139,Beverages,Indian,145,291.03,290.03,0,0,54.0,"[40, 28, 28, 40, 15, 28, 67, 53, 53, 80, 80, 54]",12
99,2290,Rice Bowl,Indian,145,269.66,271.66,0,0,283.0,"[5561, 485, 297, 419, 622, 809, 512, 636, 555, 918, 891, 283]",12
99,2304,Desert,Indian,145,484.03,486.03,0,0,13.0,"[53, 15, 27, 216, 81, 134, 13, 41, 68, 80, 13, 13]",12
99,2306,Pasta,Italian,145,244.5,335.62,1,0,69.0,"[123, 109, 13, 27, 15, 42, 27, 15, 54, 42, 95, 69]",12
99,2322,Beverages,Continental,145,389.0,388.0,0,0,447.0,"[324, 393, 474, 323, 67, 80, 297, 325, 378, 68, 297, 447]",12
99,2444,Seafood,Continental,145,726.53,726.53,0,0,26.0,"[339, 431, 27, 42, 54, 26, 41, 13, 15, 393, 378, 26]",12
99,2490,Salad,Italian,145,292.03,291.03,0,0,229.0,"[432, 325, 310, 296, 284, 541, 595, 432, 311, 392, 350, 229]",12
99,2492,Desert,Indian,145,389.03,389.03,0,0,41.0,"[148, 68, 135, 28, 27, 42, 13, 15, 53, 26, 13, 41]",12
99,2494,Soup,Thai,145,195.0,195.0,0,0,40.0,"[107, 95, 107, 55, 190, 82, 95, 69, 81, 80, 107, 40]",12
99,2539,Beverages,Thai,145,157.17,151.38,0,1,175.0,"[258, 135, 392, 419, 269, 431, 391, 339, 366, 229, 405, 175]",12
99,2569,Salad,Italian,145,243.53,323.07,0,0,567.0,"[285, 244, 269, 230, 298, 296, 190, 270, 325, 337, 919, 567]",12
99,2577,Starters,Thai,145,319.13,321.13,0,0,40.0,"[68, 54, 121, 68, 41, 107, 68, 82, 94, 123, 80, 40]",12
99,2581,Pizza,Continental,145,562.6,564.6,0,0,230.0,"[109, 431, 256, 123, 80, 204, 202, 1580, 769, 95, 134, 230]",12
99,2631,Beverages,Indian,145,158.11,158.11,0,0,40.0,"[379, 135, 80, 162, 230, 188, 136, 108, 69, 69, 55, 40]",12
99,2640,Starters,Thai,145,319.13,319.13,0,0,15.0,"[54, 41, 28, 42, 13, 80, 27, 14, 40, 15, 42, 15]",12
99,2664,Salad,Italian,145,239.59,321.07,0,0,688.0,"[149, 244, 163, 176, 203, 150, 175, 311, 123, 161, 798, 688]",12
99,2704,Other Snacks,Thai,145,320.13,320.13,0,0,82.0,"[68, 135, 122, 175, 216, 230, 94, 177, 121, 68, 175, 82]",12
99,2707,Beverages,Italian,145,241.59,241.59,0,0,701.0,"[1107, 377, 999, 675, 607, 973, 892, 809, 717, 1162, 1120, 701]",12
99,2760,Other Snacks,Thai,145,163.99,243.53,0,0,108.0,"[109, 108, 107, 68, 82, 53, 95, 109, 41, 95, 163, 108]",12
99,2826,Sandwich,Italian,145,379.33,378.33,0,0,567.0,"[797, 607, 744, 526, 636, 1013, 663, 621, 513, 486, 500, 567]",12
99,2867,Seafood,Continental,145,726.53,728.53,0,0,42.0,"[28, 26, 177, 323, 14, 15, 28, 15, 26, 96, 150, 42]",12
99,2956,Fish,Continental,144,591.73,590.73,0,0,55.0,"[150, 68, 40, 28, 53, 67, 41, 67, 80, 134, 69, 55]",12
101,1062,Beverages,Italian,145,194.06,193.06,0,0,298.0,"[339, 554, 419, 433, 242, 365, 487, 269, 609, 377, 446, 298]",12
101,1109,Rice Bowl,Indian,145,296.85,296.85,0,0,582.0,"[717, 526, 431, 433, 366, 593, 420, 298, 404, 473, 553, 582]",12
101,1198,Extras,Thai,145,194.03,195.03,0,0,95.0,"[108, 81, 109, 108, 26, 109, 68, 40, 54, 94, 54, 95]",12
101,1207,Beverages,Continental,145,384.18,383.18,0,0,283.0,"[230, 487, 350, 391, 69, 134, 338, 312, 324, 339, 459, 283]",12
101,1216,Pasta,Italian,145,423.95,423.95,0,0,28.0,"[14, 14, 27, 53, 26, 55, 28, 26, 13, 68, 82, 28]",12
101,1230,Beverages,Continental,145,385.09,385.09,0,0,176.0,"[189, 405, 269, 190, 81, 81, 244, 269, 134, 242, 256, 176]",12
101,1247,Biryani,Indian,139,387.03,446.23,0,0,13.0,"[41, 15, 27, 15, 13, 26, 40, 26, 28, 27, 26, 13]",12
101,1248,Beverages,Indian,145,157.17,156.17,0,0,26.0,"[13, 121, 202, 67, 95, 42, 121, 123, 28, 68, 13, 26]",12
101,1311,Extras,Thai,145,202.73,340.53,0,0,67.0,"[55, 54, 15, 15, 15, 27, 27, 94, 80, 95, 82, 67]",12
101,1438,Soup,Thai,145,195.0,196.0,0,0,161.0,"[69, 121, 135, 95, 135, 108, 80, 96, 94, 80, 202, 161]",12
101,1445,Seafood,Continental,145,728.53,726.53,0,0,15.0,"[15, 13, 28, 13, 108, 188, 40, 13, 13, 95, 284, 15]",12
101,1525,Other Snacks,Thai,145,320.13,319.13,0,0,82.0,"[14, 107, 13, 28, 54, 149, 55, 27, 27, 82, 40, 82]",12
101,1543,Desert,Indian,145,486.03,486.03,0,0,81.0,"[28, 69, 14, 94, 107, 82, 15, 40, 14, 54, 41, 81]",12
101,1558,Pizza,Continental,145,564.6,563.6,0,0,80.0,"[134, 512, 378, 123, 55, 296, 269, 418, 350, 216, 242, 80]",12
101,1571,Fish,Continental,85,581.03,583.03,0,0,14.0,[14],1
101,1727,Rice Bowl,Indian,145,464.63,464.63,0,0,296.0,"[323, 1311, 917, 998, 674, 730, 350, 377, 311, 541, 473, 296]",12
101,1754,Sandwich,Italian,145,320.16,319.16,0,0,296.0,"[324, 526, 460, 190, 243, 419, 486, 472, 257, 458, 580, 296]",12
101,1770,Biryani,Indian,145,485.03,486.03,0,0,14.0,"[14, 14, 28, 27, 13, 15, 26, 15, 15, 13, 26, 14]",12
101,1778,Beverages,Italian,145,191.09,191.09,0,0,431.0,"[609, 526, 447, 365, 391, 526, 566, 431, 445, 474, 513, 431]",12
101,1803,Extras,Thai,145,113.52,194.03,0,0,40.0,"[14, 121, 41, 53, 80, 175, 69, 95, 149, 28, 94, 40]",12
101,1847,Soup,Thai,145,196.0,196.0,0,0,109.0,"[122, 285, 68, 190, 109, 134, 136, 188, 107, 107, 189, 109]",12
101,1878,Starters,Thai,145,321.13,319.13,0,0,13.0,"[28, 14, 13, 13, 14, 26, 15, 40, 13, 53, 53, 13]",12
101,1885,Beverages,Thai,145,158.14,157.14,0,0,514.0,"[500, 771, 512, 474, 366, 541, 743, 540, 580, 527, 621, 514]",12
101,1902,Biryani,Indian,144,447.23,447.23,0,0,14.0,"[13, 27, 13, 14, 40, 14, 13, 13, 26, 26, 14, 14]",12
101,1962,Pizza,Continental,145,564.6,562.6,0,0,243.0,"[229, 703, 540, 135, 134, 256, 285, 878, 593, 325, 229, 243]",12
101,1971,Sandwich,Italian,145,350.2,349.2,0,0,136.0,"[108, 269, 231, 40, 41, 216, 188, 96, 122, 81, 163, 136]",12
101,1993,Beverages,Thai,145,158.14,158.14,0,0,81.0,"[244, 94, 352, 217, 216, 406, 431, 269, 285, 204, 431, 81]",12
101,2126,Pasta,Italian,144,509.25,511.25,0,0,40.0,"[14, 42, 26, 42, 13, 26, 14, 26, 40, 27, 15, 40]",12
101,2139,Beverages,Indian,145,291.03,290.03,0,0,15.0,"[26, 14, 15, 27, 28, 14, 69, 26, 54, 40, 54, 15]",12
101,2290,Rice Bowl,Indian,145,276.45,276.45,0,0,190.0,"[1149, 472, 256, 149, 161, 512, 447, 405, 231, 258, 445, 190]",12
101,2304,Desert,Indian,145,486.03,486.03,0,0,15.0,"[54, 54, 28, 26, 27, 82, 15, 68, 27, 27, 28, 15]",12
101,2306,Pasta,Italian,145,244.5,335.62,1,0,55.0,"[26, 27, 13, 15, 14, 15, 27, 13, 15, 13, 14, 55]",12
101,2322,Beverages,Continental,145,384.12,386.12,0,0,310.0,"[296, 473, 270, 324, 53, 136, 284, 285, 216, 258, 420, 310]",12
101,2444,Seafood,Continental,144,493.73,727.53,1,1,351.0,"[53, 14, 13, 217, 271, 14, 55, 13, 26, 27, 149, 351]",12
101,2490,Salad,Italian,145,290.03,291.03,0,0,175.0,"[217, 539, 244, 242, 256, 634, 998, 215, 258, 323, 108, 175]",12
101,2492,Desert,Indian,145,387.03,387.03,0,0,26.0,"[26, 150, 53, 27, 13, 26, 69, 15, 41, 53, 41, 26]",12
101,2494,Soup,Thai,145,195.0,195.0,0,0,189.0,"[177, 161, 68, 204, 202, 122, 188, 135, 190, 177, 161, 189]",12
101,2539,Beverages,Thai,145,158.11,158.11,0,0,177.0,"[204, 53, 175, 108, 135, 188, 284, 148, 189, 123, 230, 177]",12
101,2569,Salad,Italian,145,250.32,322.07,0,1,474.0,"[271, 743, 312, 312, 337, 352, 285, 325, 284, 311, 580, 474]",12
101,2577,Starters,Thai,145,320.13,319.13,0,0,53.0,"[14, 26, 28, 13, 27, 13, 15, 14, 69, 14, 13, 53]",12
101,2581,Pizza,Continental,145,564.6,564.6,0,0,285.0,"[150, 863, 473, 270, 203, 377, 378, 1025, 973, 256, 216, 285]",12
101,2631,Beverages,Indian,145,165.93,164.93,0,0,69.0,"[188, 202, 242, 175, 53, 109, 148, 28, 67, 67, 53, 69]",12
101,2640,Starters,Thai,144,319.13,319.13,0,0,27.0,"[53, 55, 26, 53, 28, 14, 13, 80, 13, 27, 53, 27]",12
101,2664,Salad,Italian,145,265.84,323.07,0,0,432.0,"[338, 541, 311, 256, 285, 378, 217, 338, 324, 377, 877, 432]",12
101,2704,Other Snacks,Thai,143,319.13,320.13,0,0,26.0,"[67, 27, 27, 15, 41, 13, 53, 15, 15, 15, 15, 26]",12
101,2707,Beverages,Italian,145,234.74,235.74,0,0,539.0,"[473, 242, 365, 325, 283, 580, 419, 512, 447, 514, 500, 539]",12
101,2760,Other Snacks,Thai,145,162.99,243.53,0,0,40.0,"[27, 41, 80, 40, 14, 41, 14, 13, 27, 13, 80, 40]",12
101,2826,Sandwich,Italian,145,379.33,378.33,0,0,337.0,"[567, 798, 447, 582, 580, 850, 661, 609, 688, 905, 541, 337]",12
101,2867,Seafood,Continental,145,726.53,726.53,0,0,13.0,"[14, 13, 94, 80, 13, 13, 54, 13, 15, 150, 216, 13]",12
102,1062,Beverages,Italian,145,157.14,178.54,1,1,366.0,"[352, 447, 473, 202, 123, 392, 312, 338, 392, 366, 512, 366]",12
102,1109,Rice Bowl,Indian,145,276.48,277.48,0,0,109.0,"[595, 148, 405, 230, 405, 230, 136, 148, 176, 312, 311, 109]",12
102,1207,Beverages,Continental,145,365.75,364.75,0,0,123.0,"[231, 69, 163, 175, 95, 81, 96, 149, 231, 108, 121, 123]",12
102,1216,Pasta,Italian,145,414.25,413.25,0,0,13.0,"[27, 27, 41, 14, 13, 53, 42, 14, 68, 82, 55, 13]",12
102,1230,Beverages,Continental,145,363.75,365.75,0,0,121.0,"[135, 161, 122, 108, 96, 81, 149, 163, 121, 149, 204, 121]",12
102,1247,Biryani,Indian,142,445.23,445.23,0,0,15.0,"[26, 27, 28, 13, 14, 28, 15, 15, 13, 26, 15, 15]",12
102,1248,Beverages,Indian,145,139.74,153.26,0,0,15.0,"[14, 310, 27, 13, 69, 40, 13, 28, 26, 53, 13, 15]",12
102,1445,Seafood,Continental,144,581.03,727.53,1,0,14.0,"[40, 42, 96, 163, 14, 15, 28, 13, 15, 13, 26, 14]",12
102,1525,Other Snacks,Thai,145,320.13,321.13,0,0,13.0,"[28, 41, 13, 26, 13, 41, 13, 15, 41, 15, 14, 13]",12
102,1543,Desert,Indian,145,482.09,484.09,0,0,41.0,"[53, 53, 69, 28, 28, 107, 54, 15, 28, 28, 15, 41]",12
102,1558,Pizza,Continental,145,549.08,549.08,0,0,68.0,"[82, 135, 270, 123, 69, 53, 82, 310, 203, 53, 80, 68]",12
102,1727,Rice Bowl,Indian,145,446.23,445.23,0,0,204.0,"[323, 473, 269, 405, 108, 311, 352, 230, 163, 420, 217, 204]",12
102,1754,Sandwich,Italian,145,330.83,330.83,0,0,271.0,"[364, 298, 324, 177, 107, 378, 337, 270, 283, 297, 323, 271]",12
102,1770,Biryani,Indian,145,484.03,486.03,0,0,13.0,"[14, 14, 14, 13, 13, 14, 13, 15, 13, 15, 13, 13]",12
102,1778,Beverages,Italian,145,135.83,162.05,1,1,163.0,"[161, 351, 404, 163, 163, 121, 188, 190, 135, 284, 161, 163]",12
102,1878,Starters,Thai,145,319.13,319.13,0,0,81.0,"[81, 28, 41, 15, 14, 68, 42, 27, 41, 80, 28, 81]",12
102,1885,Beverages,Thai,145,122.22,119.31,0,1,487.0,"[554, 458, 432, 433, 351, 499, 351, 419, 541, 405, 447, 487]",12
102,1902,Biryani,Indian,139,388.03,445.23,0,0,28.0,"[13, 28, 27, 15, 14, 14, 15, 14, 14, 15, 13, 28]",12
102,1962,Pizza,Continental,145,549.08,549.08,0,0,54.0,"[136, 204, 134, 54, 80, 68, 135, 514, 135, 14, 121, 54]",12
102,1971,Sandwich,Italian,145,267.75,327.86,0,0,107.0,"[177, 54, 122, 26, 42, 121, 148, 80, 81, 26, 80, 107]",12
102,1993,Beverages,Thai,145,121.28,119.34,0,1,203.0,"[284, 163, 512, 271, 283, 283, 391, 325, 364, 285, 339, 203]",12
102,2126,Pasta,Italian,144,437.53,507.31,0,0,26.0,"[27, 28, 15, 26, 41, 15, 14, 13, 26, 14, 15, 26]",12
102,2139,Beverages,Indian,143,282.33,280.33,0,0,41.0,"[26, 13, 55, 28, 27, 14, 14, 15, 14, 55, 55, 41]",12
102,2290,Rice Bowl,Indian,145,261.93,299.79,0,0,109.0,"[3860, 296, 310, 283, 149, 431, 243, 244, 257, 378, 285, 109]",12
102,2304,Desert,Indian,143,484.09,484.09,0,0,15.0,"[27, 28, 14, 15, 14, 14, 82, 27, 42, 28, 40, 15]",12
102,2306,Pasta,Italian,145,242.53,336.62,1,0,14.0,"[14, 15, 14, 14, 13, 13, 28, 15, 53, 14, 27, 14]",12
102,2322,Beverages,Continental,145,356.05,356.05,0,0,163.0,"[175, 150, 176, 150, 109, 175, 123, 190, 231, 107, 189, 163]",12
102,2444,Seafood,Continental,144,583.03,726.53,1,0,14.0,"[324, 243, 13, 26, 13, 107, 135, 28, 27, 15, 54, 14]",12
102,2490,Salad,Italian,145,291.03,290.03,0,0,27.0,"[136, 161, 203, 188, 55, 176, 540, 150, 82, 53, 122, 27]",12
102,2492,Desert,Indian,145,455.93,456.93,0,0,26.0,"[15, 27, 26, 41, 27, 13, 42, 41, 41, 15, 14, 26]",12
102,2539,Beverages,Thai,145,129.07,128.07,0,0,109.0,"[256, 40, 82, 96, 40, 176, 40, 134, 94, 67, 13, 109]",12
102,2569,Salad,Italian,145,260.99,323.07,0,0,581.0,"[648, 513, 459, 391, 567, 879, 432, 527, 418, 688, 1079, 581]",12
102,2577,Starters,Thai,145,319.13,320.13,0,0,14.0,"[27, 27, 14, 27, 14, 15, 13, 14]",8
102,2581,Pizza,Continental,145,549.08,547.08,0,0,134.0,"[53, 177, 121, 108, 40, 40, 108, 474, 217, 68, 161, 134]",12
102,2631,Beverages,Indian,145,154.26,153.26,0,0,53.0,"[13, 231, 107, 81, 41, 96, 54, 53, 54, 41, 28, 53]",12
102,2640,Starters,Thai,145,321.13,319.13,0,0,81.0,"[136, 41, 53, 26, 42, 13, 13, 40, 42, 28, 40, 81]",12
102,2664,Salad,Italian,145,255.17,322.07,0,0,500.0,"[311, 123, 176, 95, 95, 339, 135, 243, 271, 690, 689, 500]",12
102,2704,Other Snacks,Thai,145,320.13,321.13,0,0,15.0,"[107, 40, 26, 14, 94, 53, 42, 26, 68, 26, 13, 15]",12
102,2707,Beverages,Italian,145,193.06,194.06,0,0,203.0,"[215, 134, 310, 217, 202, 271, 204, 188, 231, 256, 339, 203]",12
102,2760,Other Snacks,Thai,145,182.36,260.93,0,0,69.0,"[15, 96, 15, 28, 28, 27, 40, 14, 68, 26, 14, 69]",12
102,2826,Sandwich,Italian,145,325.92,327.92,0,0,67.0,"[148, 325, 203, 297, 175, 378, 68, 107, 149, 81, 163, 67]",12
102,2867,Seafood,Continental,145,726.53,726.53,0,0,15.0,"[121, 121, 14, 26, 41, 55, 123, 13, 26, 27, 42, 15]",12
104,1062,Beverages,Italian,145,182.39,181.39,0,0,472.0,"[809, 769, 636, 540, 688, 784, 838, 607, 676, 622, 567, 472]",12
104,1109,Rice Bowl,Indian,145,283.24,284.24,0,0,728.0,"[1363, 513, 674, 607, 487, 770, 837, 474, 594, 865, 797, 728]",12
104,1198,Extras,Thai,145,206.64,205.64,0,0,325.0,"[406, 566, 271, 420, 391, 555, 648, 460, 351, 285, 392, 325]",12
104,1207,Beverages,Continental,145,382.21,381.21,0,0,150.0,"[188, 123, 296, 176, 109, 67, 135, 150, 108, 149, 67, 150]",12
104,1216,Pasta,Italian,145,436.56,436.56,0,0,55.0,"[82, 27, 54, 40, 80, 55, 53, 80, 27, 150, 108, 55]",12
104,1230,Beverages,Continental,145,374.45,373.45,0,0,230.0,"[123, 244, 163, 175, 26, 67, 271, 190, 67, 109, 285, 230]",12
104,1247,Biryani,Indian,145,446.23,445.23,0,0,26.0,"[13, 14, 28, 13, 15, 95, 26, 27, 15, 28, 13, 26]",12
104,1248,Beverages,Indian,145,163.02,163.02,0,0,82.0,"[433, 339, 256, 68, 258, 42, 82, 53, 28, 81, 54, 82]",12
104,1311,Extras,Thai,145,147.44,212.46,0,0,512.0,"[351, 377, 433, 458, 445, 539, 636, 392, 324, 339, 405, 512]",12
104,1438,Soup,Thai,145,194.0,194.0,0,0,54.0,"[82, 41, 96, 68, 80, 94, 107, 82, 82, 69, 69, 54]",12
104,1445,Seafood,Continental,145,686.79,686.79,0,0,68.0,"[203, 284, 27, 27, 53, 41, 26, 13, 27, 269, 298, 68]",12
104,1525,Other Snacks,Thai,145,319.13,319.13,0,0,122.0,"[148, 188, 189, 216, 215, 188, 161, 109, 81, 148, 94, 122]",12
104,1543,Desert,Indian,145,486.03,485.03,0,0,123.0,"[41, 108, 42, 188, 41, 176, 28, 107, 42, 55, 81, 123]",12
104,1558,Pizza,Continental,145,562.6,562.6,0,0,188.0,"[134, 230, 445, 108, 134, 82, 231, 809, 485, 161, 188, 188]",12
104,1571,Fish,Continental,144,590.73,592.73,0,0,123.0,"[123, 68, 13, 40, 53, 96, 136, 163, 69, 15, 42, 123]",12
104,1727,Rice Bowl,Indian,145,464.63,464.63,0,0,472.0,"[608, 1621, 1836, 1174, 1134, 743, 405, 500, 324, 528, 609, 472]",12
104,1754,Sandwich,Italian,145,320.16,318.16,0,0,460.0,"[486, 701, 243, 553, 420, 501, 622, 447, 474, 609, 717, 460]",12
104,1770,Biryani,Indian,145,484.03,484.03,0,0,15.0,"[26, 26, 13, 26, 26, 13, 28, 26, 27, 13, 40, 15]",12
104,1778,Beverages,Italian,145,180.42,180.42,0,0,620.0,"[607, 513, 539, 568, 567, 715, 917, 674, 744, 863, 945, 620]",12
104,1803,Extras,Thai,145,199.88,198.88,0,0,527.0,"[393, 487, 393, 553, 554, 420, 621, 486, 433, 594, 513, 527]",12
104,1847,Soup,Thai,145,195.0,196.0,0,0,27.0,"[69, 28, 53, 55, 40, 40, 109, 15, 27, 26, 94, 27]",12
104,1878,Starters,Thai,145,320.13,321.13,0,0,26.0,"[27, 14, 67, 94, 53, 68, 27, 26, 68, 13, 14, 26]",12
104,1885,Beverages,Thai,145,157.14,158.14,0,0,1066.0,"[1134, 1701, 1432, 1053, 998, 1336, 1106, 1241, 1216, 1054, 1160, 1066]",12
104,1902,Biryani,Indian,145,446.23,446.23,0,0,13.0,"[14, 14, 42, 15, 14, 28, 27, 41, 14, 14, 15, 13]",12
104,1962,Pizza,Continental,145,562.63,562.63,0,0,298.0,"[283, 620, 636, 257, 270, 312, 594, 1013, 782, 270, 350, 298]",12
104,1971,Sandwich,Italian,145,346.35,346.35,0,0,80.0,"[285, 284, 149, 96, 81, 256, 418, 69, 244, 123, 215, 80]",12
104,1993,Beverages,Thai,145,156.17,158.17,0,0,231.0,"[972, 473, 662, 798, 513, 919, 998, 675, 702, 770, 823, 231]",12
104,2126,Pasta,Italian,145,484.03,507.31,0,1,42.0,"[27, 40, 26, 109, 69, 190, 94, 42, 42, 40, 15, 42]",12
104,2139,Beverages,Indian,145,287.18,287.18,0,0,82.0,"[80, 14, 41, 26, 13, 27, 14, 67, 41, 28, 55, 82]",12
104,2290,Rice Bowl,Indian,145,286.15,288.15,0,0,285.0,"[4011, 620, 770, 582, 959, 906, 1282, 959, 782, 1080, 838, 285]",12
104,2304,Desert,Indian,145,485.03,486.03,0,0,14.0,"[123, 95, 28, 95, 80, 15, 55, 107, 69, 55, 54, 14]",12
104,2306,Pasta,Italian,145,242.5,377.33,1,0,122.0,"[15, 94, 94, 26, 13, 13, 41, 14, 28, 40, 27, 122]",12
104,2322,Beverages,Continental,145,382.18,383.18,0,0,582.0,"[244, 188, 216, 312, 67, 40, 364, 298, 163, 296, 350, 582]",12
104,2444,Seafood,Continental,144,484.03,726.53,1,1,229.0,"[67, 42, 256, 150, 42, 54, 13, 28, 42, 53, 406, 229]",12
104,2490,Salad,Italian,145,291.03,290.03,0,0,323.0,"[325, 609, 608, 379, 514, 499, 1080, 298, 297, 418, 582, 323]",12
104,2492,Desert,Indian,145,389.03,389.03,0,0,15.0,"[81, 177, 42, 28, 53, 40, 28, 80, 40, 14, 53, 15]",12
104,2494,Soup,Thai,145,196.0,196.0,0,0,69.0,"[107, 54, 82, 68, 41, 42, 14, 55, 53, 53, 55, 69]",12
104,2539,Beverages,Thai,145,158.14,158.14,0,0,243.0,"[215, 80, 202, 391, 271, 647, 393, 296, 337, 432, 337, 243]",12
104,2569,Salad,Italian,145,242.53,309.49,0,0,404.0,"[310, 244, 188, 217, 135, 188, 135, 107, 150, 270, 528, 404]",12
104,2577,Starters,Thai,145,320.13,319.13,0,0,69.0,"[41, 55, 81, 96, 26, 41, 67, 67, 80, 69, 67, 69]",12
104,2581,Pizza,Continental,145,562.6,563.6,0,0,188.0,"[149, 351, 418, 216, 176, 176, 285, 756, 500, 190, 177, 188]",12
104,2631,Beverages,Indian,145,161.99,163.99,0,0,95.0,"[527, 204, 230, 230, 284, 190, 231, 175, 148, 67, 96, 95]",12
104,2640,Starters,Thai,145,320.13,321.13,0,0,27.0,"[135, 123, 108, 67, 136, 55, 53, 55, 161, 82, 81, 27]",12
104,2664,Salad,Italian,145,254.14,299.73,0,0,674.0,"[379, 392, 325, 365, 377, 230, 366, 420, 231, 674, 514, 674]",12
104,2704,Other Snacks,Thai,145,320.13,320.13,0,0,67.0,"[42, 96, 53, 202, 204, 189, 80, 109, 54, 81, 107, 67]",12
104,2707,Beverages,Italian,145,235.74,236.74,0,0,1134.0,"[648, 204, 904, 661, 580, 539, 986, 836, 851, 797, 757, 1134]",12
104,2760,Other Snacks,Thai,145,168.81,242.53,0,1,379.0,"[80, 80, 81, 82, 67, 136, 80, 42, 95, 53, 378, 379]",12
104,2826,Sandwich,Italian,145,378.33,378.33,0,0,447.0,"[863, 474, 567, 851, 851, 675, 540, 580, 689, 729, 661, 447]",12
104,2867,Seafood,Continental,145,726.53,728.53,0,1,68.0,"[42, 82, 95, 216, 14, 13, 15, 27, 14, 204, 312, 68]",12
104,2956,Fish,Continental,145,640.23,639.23,0,0,13.0,"[55, 26, 27, 26, 26, 94, 188, 14, 53, 28, 69, 13]",12
106,1062,Beverages,Italian,145,155.26,154.29,1,1,258.0,"[188, 216, 229, 297, 270, 283, 188, 149, 298, 258, 366, 258]",12
106,1109,Rice Bowl,Indian,145,258.08,309.43,0,0,312.0,"[756, 364, 257, 514, 487, 204, 258, 244, 258, 215, 298, 312]",12
106,1207,Beverages,Continental,145,359.9,358.9,0,0,109.0,"[190, 244, 109, 202, 109, 53, 94, 148, 122, 109, 55, 109]",12
106,1216,Pasta,Italian,145,418.13,418.13,0,0,13.0,"[41, 15, 41, 55, 26, 40, 27, 27, 13, 80, 108, 13]",12
106,1230,Beverages,Continental,145,342.47,340.47,0,0,94.0,"[161, 94, 107, 135, 27, 13, 67, 42, 121, 80, 69, 94]",12
106,1247,Biryani,Indian,145,446.23,447.23,0,0,14.0,"[27, 42, 26, 28, 27, 42, 26, 41, 41, 14, 26, 14]",12
106,1248,Beverages,Indian,145,153.26,155.26,0,0,28.0,"[40, 68, 109, 14, 13, 55, 54, 13, 28, 28, 13, 28]",12
106,1445,Seafood,Continental,145,728.53,728.53,0,0,109.0,"[257, 311, 109, 82, 95, 95, 94, 41, 28, 163, 123, 109]",12
106,1525,Other Snacks,Thai,145,321.13,320.13,0,0,27.0,"[96, 136, 96, 148, 150, 69, 55, 69, 13, 40, 67, 27]",12
106,1543,Desert,Indian,145,484.09,484.09,0,0,26.0,"[55, 40, 68, 161, 136, 69, 14, 67, 55, 68, 82, 26]",12
106,1558,Pizza,Continental,145,512.19,511.19,0,0,175.0,"[53, 134, 271, 217, 163, 163, 217, 526, 392, 121, 122, 175]",12
106,1571,Fish,Continental,145,581.03,581.03,0,0,42.0,"[15, 55, 15, 54, 54, 108, 82, 69, 94, 55, 177, 42]",12
106,1727,Rice Bowl,Indian,145,421.95,422.95,0,0,150.0,"[242, 473, 567, 769, 108, 339, 204, 229, 150, 202, 203, 150]",12
106,1754,Sandwich,Italian,145,292.03,292.03,0,0,460.0,"[622, 636, 809, 716, 364, 406, 352, 485, 555, 499, 460, 460]",12
106,1770,Biryani,Indian,145,426.83,484.03,0,0,26.0,"[14, 41, 15, 14, 42, 14, 14, 26, 67, 14, 14, 26]",12
106,1778,Beverages,Italian,145,161.02,152.35,1,1,285.0,"[162, 257, 109, 243, 203, 67, 161, 149, 216, 258, 188, 285]",12
106,1878,Starters,Thai,145,321.13,321.13,0,0,69.0,"[108, 96, 53, 122, 123, 82, 40, 80, 96, 107, 95, 69]",12
106,1885,Beverages,Thai,145,118.34,120.31,0,1,756.0,"[1108, 743, 675, 824, 797, 744, 580, 702, 635, 770, 742, 756]",12
106,1902,Biryani,Indian,144,445.23,446.23,0,0,14.0,"[13, 14, 14, 14, 28, 13, 27, 28, 28, 13, 15, 14]",12
106,1962,Pizza,Continental,145,512.19,513.19,0,0,229.0,"[324, 378, 379, 96, 230, 271, 244, 513, 540, 243, 203, 229]",12
106,1971,Sandwich,Italian,145,290.06,289.06,0,0,257.0,"[378, 257, 257, 312, 189, 202, 243, 298, 215, 204, 258, 257]",12
106,1993,Beverages,Thai,145,117.37,118.37,0,0,256.0,"[755, 513, 432, 770, 553, 690, 474, 513, 404, 647, 487, 256]",12
106,2104,Fish,Continental,145,582.03,581.03,0,0,40.0,"[54, 41, 27, 94, 95, 41, 41, 81, 54, 14, 54, 40]",12
106,2126,Pasta,Italian,145,436.53,507.31,0,1,41.0,"[82, 96, 40, 15, 108, 42, 15, 26, 82, 14, 13, 41]",12
106,2139,Beverages,Indian,145,284.24,283.24,0,0,55.0,"[40, 15, 54, 40, 26, 15, 80, 42, 40, 41, 42, 55]",12
106,2290,Rice Bowl,Indian,145,261.96,261.96,0,0,204.0,"[2890, 485, 404, 458, 593, 420, 432, 607, 459, 500, 580, 204]",12
106,2304,Desert,Indian,145,484.09,482.09,0,0,13.0,"[27, 26, 54, 40, 81, 15, 40, 27, 81, 13, 26, 13]",12
106,2306,Pasta,Italian,145,241.53,336.62,1,0,42.0,"[28, 53, 15, 40, 28, 41, 14, 55, 28, 15, 14, 42]",12
106,2322,Beverages,Continental,145,351.17,351.17,0,0,203.0,"[242, 217, 215, 216, 135, 27, 188, 96, 134, 108, 82, 203]",12
106,2444,Seafood,Continental,145,728.53,726.53,0,0,13.0,"[40, 55, 231, 55, 15, 41, 14, 14, 27, 68, 26, 13]",12
106,2490,Salad,Italian,145,281.36,280.36,0,0,190.0,"[325, 256, 284, 271, 163, 242, 230, 203, 162, 215, 109, 190]",12
106,2492,Desert,Indian,145,446.23,445.23,0,0,42.0,"[94, 54, 54, 134, 28, 28, 13, 53, 13, 26, 28, 42]",12
106,2539,Beverages,Thai,145,121.28,119.31,0,1,269.0,"[177, 204, 339, 230, 217, 188, 258, 188, 366, 121, 149, 269]",12
106,2569,Salad,Italian,145,243.47,283.24,0,0,404.0,"[325, 217, 204, 190, 242, 162, 107, 176, 189, 445, 486, 404]",12
106,2577,Starters,Thai,145,320.13,321.13,0,0,42.0,"[41, 54, 95, 96, 26, 42, 53, 41, 53, 15, 41, 42]",12
106,2581,Pizza,Continental,145,513.19,511.19,0,0,134.0,"[107, 203, 379, 148, 96, 81, 188, 541, 447, 203, 82, 134]",12
106,2631,Beverages,Indian,145,155.26,154.26,0,0,15.0,"[188, 54, 27, 94, 82, 68, 202, 40, 14, 55, 42, 15]",12
106,2640,Starters,Thai,145,320.13,319.13,0,0,163.0,"[162, 108, 121, 81, 134, 109, 53, 94, 177, 68, 150, 163]",12
106,2664,Salad,Italian,145,235.71,332.77,0,0,474.0,"[258, 95, 94, 231, 270, 283, 94, 82, 189, 229, 445, 474]",12
106,2704,Other Snacks,Thai,145,321.13,321.13,0,0,68.0,"[121, 54, 81, 136, 539, 297, 204, 41, 68, 122, 27, 68]",12
106,2707,Beverages,Italian,145,206.64,206.64,0,0,392.0,"[323, 351, 501, 501, 392, 284, 366, 391, 405, 474, 283, 392]",12
106,2760,Other Snacks,Thai,145,183.36,261.93,0,1,54.0,"[67, 122, 54, 55, 54, 15, 54, 82, 41, 176, 81, 54]",12
106,2826,Sandwich,Italian,145,327.92,325.92,0,0,404.0,"[391, 622, 528, 663, 568, 404, 459, 377, 433, 432, 337, 404]",12
106,2867,Seafood,Continental,145,728.53,728.53,0,0,15.0,"[26, 42, 41, 80, 135, 54, 40, 14, 26, 107, 14, 15]",12
106,2956,Fish,Continental,145,581.03,582.03,0,0,67.0,"[69, 53, 14, 27, 41, 67, 82, 13, 42, 55, 26, 67]",12
108,1062,Beverages,Italian,145,189.15,191.15,0,0,540.0,"[690, 364, 366, 662, 607, 555, 512, 526, 553, 567, 458, 540]",12
108,1109,Rice Bowl,Indian,145,290.06,291.06,0,0,999.0,"[1282, 567, 540, 663, 744, 675, 1122, 647, 716, 825, 742, 999]",12
108,1198,Extras,Thai,145,198.88,234.74,0,0,163.0,"[229, 270, 203, 312, 217, 231, 352, 325, 296, 270, 94, 163]",12
108,1207,Beverages,Continental,145,369.63,368.63,0,0,95.0,"[123, 123, 161, 107, 54, 41, 161, 135, 67, 67, 82, 95]",12
108,1216,Pasta,Italian,145,387.09,387.09,0,0,53.0,"[109, 135, 175, 68, 54, 123, 41, 53, 55, 109, 134, 53]",12
108,1230,Beverages,Continental,145,388.0,389.0,0,0,41.0,"[67, 95, 108, 82, 27, 26, 175, 69, 82, 67, 26, 41]",12
108,1247,Biryani,Indian,145,446.23,445.23,0,0,27.0,"[26, 27, 26, 69, 96, 69, 96, 41, 54, 27, 94, 27]",12
108,1248,Beverages,Indian,145,160.05,161.05,0,0,55.0,"[189, 67, 135, 40, 109, 94, 135, 41, 82, 40, 42, 55]",12
108,1311,Extras,Thai,145,188.18,190.18,0,0,122.0,"[298, 339, 176, 215, 284, 323, 229, 271, 163, 215, 163, 122]",12
108,1438,Soup,Thai,145,194.0,195.0,0,0,148.0,"[41, 69, 108, 54, 54, 80, 109, 53, 80, 55, 108, 148]",12
108,1445,Seafood,Continental,145,727.53,727.53,0,0,55.0,"[446, 136, 53, 68, 41, 42, 95, 40, 67, 473, 352, 55]",12
108,1525,Other Snacks,Thai,145,321.13,321.13,0,1,298.0,"[217, 298, 271, 487, 635, 323, 473, 445, 338, 432, 256, 298]",12
108,1543,Desert,Indian,145,485.03,486.03,0,0,94.0,"[80, 94, 68, 123, 204, 323, 81, 188, 40, 148, 136, 94]",12
108,1558,Pizza,Continental,145,564.6,562.6,0,0,55.0,"[95, 94, 177, 107, 136, 80, 163, 445, 406, 67, 55, 55]",12
108,1571,Fish,Continental,145,639.23,639.23,0,0,123.0,"[53, 54, 231, 96, 108, 377, 162, 107, 190, 203, 176, 123]",12
108,1727,Rice Bowl,Indian,145,465.63,464.63,0,0,458.0,"[567, 1849, 1322, 1149, 999, 690, 379, 445, 418, 432, 312, 458]",12
108,1754,Sandwich,Italian,145,319.16,318.16,0,0,541.0,"[594, 674, 676, 595, 783, 635, 690, 620, 553, 662, 717, 541]",12
108,1770,Biryani,Indian,145,485.03,484.03,0,0,41.0,"[27, 42, 14, 27, 28, 41, 15, 41, 14, 41, 41, 41]",12
108,1778,Beverages,Italian,145,182.36,182.36,0,0,377.0,"[784, 486, 406, 540, 675, 473, 432, 567, 473, 662, 593, 377]",12
108,1803,Extras,Thai,145,203.73,204.73,0,0,134.0,"[284, 323, 284, 202, 338, 296, 135, 202, 257, 231, 149, 134]",12
108,1847,Soup,Thai,145,194.0,195.0,0,0,27.0,"[54, 15, 40, 81, 53, 95, 28, 55, 42, 15, 67, 27]",12
108,1878,Starters,Thai,145,320.13,320.13,0,0,189.0,"[134, 149, 68, 122, 81, 122, 163, 176, 95, 68, 109, 189]",12
108,1885,Beverages,Thai,145,157.14,144.56,0,1,1473.0,"[1257, 1161, 1283, 1661, 1363, 1148, 1377, 1728, 1512, 1485, 1404, 1473]",12
108,1902,Biryani,Indian,145,446.23,447.23,0,0,68.0,"[14, 27, 27, 26, 55, 81, 80, 14, 53, 67, 54, 68]",12
108,1962,Pizza,Continental,145,564.6,562.6,0,0,325.0,"[379, 418, 487, 419, 366, 243, 391, 1243, 810, 392, 284, 325]",12
108,1971,Sandwich,Italian,145,340.47,341.47,0,0,231.0,"[918, 244, 485, 121, 80, 296, 352, 257, 177, 256, 231, 231]",12
108,1993,Beverages,Thai,145,159.14,145.56,0,1,365.0,"[1052, 323, 998, 1162, 1255, 1189, 1215, 1107, 1013, 1201, 1040, 365]",12
108,2126,Pasta,Italian,145,476.33,476.33,0,0,67.0,"[122, 67, 28, 82, 96, 107, 123, 68, 54, 13, 55, 67]",12
108,2139,Beverages,Indian,145,290.03,292.03,0,0,40.0,"[67, 28, 41, 41, 26, 14, 53, 82, 13, 27, 41, 40]",12
108,2290,Rice Bowl,Indian,145,289.06,290.06,0,0,878.0,"[3241, 1094, 1041, 944, 1189, 1095, 1041, 1014, 836, 933, 986, 878]",12
108,2304,Desert,Indian,145,485.03,484.03,0,0,54.0,"[14, 40, 13, 42, 26, 54, 41, 69, 123, 53, 80, 54]",12
108,2306,Pasta,Italian,145,242.5,336.62,1,0,122.0,"[27, 94, 28, 26, 27, 95, 175, 13, 82, 26, 15, 122]",12
108,2322,Beverages,Continental,145,384.15,384.15,0,0,202.0,"[122, 175, 284, 149, 15, 27, 69, 150, 107, 162, 177, 202]",12
108,2444,Seafood,Continental,145,727.53,726.53,0,0,26.0,"[67, 257, 256, 15, 14, 14, 28, 15, 27, 229, 258, 26]",12
108,2490,Salad,Italian,145,292.03,291.03,0,0,149.0,"[298, 271, 284, 324, 176, 215, 621, 244, 257, 324, 244, 149]",12
108,2492,Desert,Indian,145,293.0,389.03,0,1,121.0,"[162, 136, 203, 81, 109, 14, 69, 744, 271, 109, 135, 121]",12
108,2494,Soup,Thai,145,195.0,195.0,0,0,68.0,"[40, 68, 67, 135, 121, 122, 55, 121, 67, 68, 69, 68]",12
108,2539,Beverages,Thai,145,160.11,151.38,0,1,647.0,"[798, 296, 675, 836, 783, 850, 836, 865, 689, 676, 690, 647]",12
108,2569,Salad,Italian,145,235.71,339.56,0,0,526.0,"[324, 163, 284, 392, 244, 284, 271, 215, 296, 189, 566, 526]",12
108,2577,Starters,Thai,145,320.13,319.13,0,0,216.0,"[257, 270, 203, 257, 231, 177, 256, 231, 188, 296, 134, 216]",12
108,2581,Pizza,Continental,145,563.6,563.6,0,0,271.0,"[81, 148, 175, 188, 121, 55, 136, 514, 432, 244, 150, 271]",12
108,2631,Beverages,Indian,145,160.08,160.08,0,0,150.0,"[243, 216, 69, 188, 108, 149, 123, 15, 121, 82, 26, 150]",12
108,2640,Starters,Thai,145,321.13,319.13,0,0,94.0,"[216, 270, 285, 324, 175, 393, 190, 323, 217, 163, 230, 94]",12
108,2664,Salad,Italian,145,242.53,339.56,0,0,634.0,"[244, 230, 230, 190, 175, 243, 177, 230, 122, 188, 513, 634]",12
108,2704,Other Snacks,Thai,145,319.13,321.13,0,1,310.0,"[350, 188, 269, 485, 553, 324, 339, 297, 271, 310, 337, 310]",12
108,2707,Beverages,Italian,145,239.65,237.65,0,0,933.0,"[932, 310, 1012, 647, 634, 946, 811, 1026, 784, 716, 986, 933]",12
108,2760,Other Snacks,Thai,145,163.99,241.53,0,1,460.0,"[215, 162, 177, 204, 134, 136, 161, 149, 231, 204, 500, 460]",12
108,2826,Sandwich,Italian,145,378.33,377.33,0,0,432.0,"[594, 527, 890, 730, 946, 825, 971, 798, 648, 675, 539, 432]",12
108,2867,Seafood,Continental,145,728.53,727.53,0,0,68.0,"[312, 257, 82, 27, 40, 15, 26, 26, 14, 323, 229, 68]",12
108,2956,Fish,Continental,145,640.23,639.23,0,0,123.0,"[67, 67, 134, 134, 162, 351, 377, 109, 122, 188, 134, 123]",12
109,1062,Beverages,Italian,145,188.24,187.24,0,0,528.0,"[431, 501, 474, 339, 418, 460, 446, 648, 460, 500, 446, 528]",12
109,1109,Rice Bowl,Indian,145,282.33,282.33,0,0,431.0,"[580, 269, 337, 310, 445, 609, 433, 460, 527, 472, 406, 431]",12
109,1198,Extras,Thai,145,192.12,227.01,0,0,217.0,"[229, 189, 243, 123, 256, 217, 42, 121, 122, 109, 297, 217]",12
109,1207,Beverages,Continental,145,380.24,382.24,0,0,162.0,"[82, 204, 162, 109, 40, 42, 149, 96, 108, 177, 81, 162]",12
109,1216,Pasta,Italian,145,355.08,417.13,0,0,53.0,"[69, 121, 40, 15, 82, 190, 121, 26, 53, 217, 175, 53]",12
109,1230,Beverages,Continental,145,369.6,368.6,0,0,108.0,"[161, 175, 148, 161, 28, 55, 230, 121, 55, 202, 96, 108]",12
109,1247,Biryani,Indian,144,445.23,445.23,0,0,14.0,"[42, 27, 14, 42, 13, 13, 15, 54, 14, 67, 26, 14]",12
109,1248,Beverages,Indian,145,163.02,163.02,0,0,68.0,"[269, 82, 122, 69, 135, 68, 81, 53, 26, 27, 67, 68]",12
109,1311,Extras,Thai,145,149.41,148.41,0,0,433.0,"[433, 445, 393, 487, 366, 418, 364, 339, 377, 420, 527, 433]",12
109,1438,Soup,Thai,142,195.0,195.0,0,0,69.0,"[27, 42, 41, 28, 69, 41, 13, 55, 53, 40, 41, 69]",12
109,1445,Seafood,Continental,145,728.53,726.53,0,0,28.0,"[68, 392, 472, 55, 26, 80, 40, 13, 55, 243, 244, 28]",12
109,1525,Other Snacks,Thai,145,319.13,321.13,0,0,82.0,"[67, 122, 149, 161, 177, 135, 82, 108, 82, 136, 80, 82]",12
109,1543,Desert,Indian,145,486.03,484.03,0,0,41.0,"[81, 80, 54, 162, 149, 81, 28, 55, 94, 96, 54, 41]",12
109,1558,Pizza,Continental,145,564.6,562.6,0,0,67.0,"[81, 162, 163, 94, 54, 68, 69, 567, 405, 95, 55, 67]",12
109,1727,Rice Bowl,Indian,145,464.63,465.63,0,0,216.0,"[323, 1391, 987, 918, 175, 269, 231, 162, 284, 350, 162, 216]",12
109,1754,Sandwich,Italian,145,318.22,316.22,0,0,447.0,"[392, 271, 296, 243, 258, 474, 446, 431, 379, 501, 378, 447]",12
109,1770,Biryani,Indian,145,486.03,485.03,0,0,26.0,"[42, 27, 27, 15, 13, 27, 14, 14, 14, 26, 15, 26]",12
109,1778,Beverages,Italian,145,189.15,189.15,0,0,378.0,"[392, 325, 364, 269, 541, 446, 419, 473, 566, 499, 459, 378]",12
109,1803,Extras,Thai,145,183.39,206.61,0,1,757.0,"[283, 391, 460, 256, 258, 405, 419, 472, 485, 406, 486, 757]",12
109,1847,Soup,Thai,145,194.0,196.0,0,0,14.0,"[14, 14, 68, 41, 15, 41, 15, 80, 82, 27, 26, 14]",12
109,1878,Starters,Thai,145,321.13,319.13,0,0,69.0,"[80, 42, 54, 81, 14, 40, 41, 69, 53, 82, 69, 69]",12
109,1885,Beverages,Thai,145,157.14,150.35,0,1,663.0,"[960, 960, 755, 838, 891, 1108, 1242, 1162, 837, 1013, 798, 663]",12
109,1902,Biryani,Indian,145,447.23,446.23,0,0,27.0,"[55, 27, 42, 14, 14, 14, 14, 27, 27, 40, 28, 27]",12
109,1962,Pizza,Continental,145,564.6,563.6,0,0,123.0,"[135, 485, 283, 216, 176, 244, 258, 958, 971, 188, 215, 123]",12
109,1971,Sandwich,Italian,145,344.35,345.35,0,0,80.0,"[107, 215, 162, 42, 121, 134, 108, 80, 135, 175, 162, 80]",12
109,1993,Beverages,Thai,145,157.14,159.14,0,0,203.0,"[690, 242, 647, 580, 701, 607, 716, 676, 756, 593, 501, 203]",12
109,2126,Pasta,Italian,145,486.03,485.03,0,0,26.0,"[13, 41, 54, 15, 42, 15, 40, 14, 15, 55, 53, 26]",12
109,2139,Beverages,Indian,145,284.21,284.21,0,0,68.0,"[42, 28, 41, 28, 27, 28, 68, 42, 80, 54, 14, 68]",12
109,2290,Rice Bowl,Indian,145,299.79,299.79,0,0,42.0,"[1729, 284, 310, 217, 554, 351, 432, 513, 513, 432, 431, 42]",12
109,2304,Desert,Indian,145,485.03,485.03,0,0,69.0,"[67, 41, 26, 69, 121, 161, 80, 41, 55, 95, 13, 69]",12
109,2306,Pasta,Italian,145,244.5,336.62,1,0,94.0,"[42, 13, 14, 13, 13, 13, 123, 269, 69, 28, 13, 94]",12
109,2322,Beverages,Continental,145,381.27,381.27,0,0,189.0,"[296, 244, 270, 175, 122, 55, 256, 202, 258, 15, 215, 189]",12
109,2444,Seafood,Continental,144,484.03,728.53,1,1,269.0,"[15, 82, 298, 366, 14, 42, 13, 13, 27, 15, 460, 269]",12
109,2490,Salad,Italian,145,290.03,291.03,0,0,163.0,"[149, 258, 109, 216, 202, 162, 339, 674, 134, 204, 135, 163]",12
109,2492,Desert,Indian,145,389.03,387.03,0,0,54.0,"[27, 81, 94, 15, 68, 27, 68, 27, 80, 95, 94, 54]",12
109,2494,Soup,Thai,145,195.0,196.0,0,0,15.0,"[54, 54, 28, 53, 55, 40, 42, 28, 15, 14, 15, 15]",12
109,2539,Beverages,Thai,145,160.11,158.11,0,0,216.0,"[176, 177, 230, 109, 244, 203, 230, 229, 204, 231, 162, 216]",12
109,2569,Salad,Italian,145,243.53,339.56,0,1,499.0,"[283, 122, 244, 175, 189, 202, 162, 67, 123, 149, 420, 499]",12
109,2577,Starters,Thai,144,321.13,320.13,0,0,40.0,"[26, 27, 27, 13, 13, 41, 53, 41, 26, 13, 41, 40]",12
109,2581,Pizza,Continental,145,564.6,562.6,0,0,80.0,"[80, 242, 202, 94, 134, 67, 136, 609, 608, 163, 122, 80]",12
109,2631,Beverages,Indian,145,159.11,160.11,0,0,40.0,"[256, 108, 202, 81, 41, 68, 69, 121, 68, 149, 55, 40]",12
109,2640,Starters,Thai,145,319.13,319.13,0,0,14.0,"[42, 68, 81, 108, 69, 136, 42, 41, 40, 82, 53, 14]",12
109,2664,Salad,Italian,145,257.05,339.56,0,1,258.0,"[175, 53, 121, 150, 109, 176, 148, 82, 161, 95, 446, 258]",12
109,2704,Other Snacks,Thai,145,320.13,319.13,0,0,96.0,"[121, 42, 42, 231, 256, 94, 95, 54, 26, 81, 94, 96]",12
109,2707,Beverages,Italian,145,241.59,241.59,0,0,418.0,"[472, 203, 323, 460, 365, 474, 742, 595, 595, 473, 622, 418]",12
109,2760,Other Snacks,Thai,145,163.99,243.53,0,0,148.0,"[108, 82, 26, 109, 69, 134, 15, 82, 82, 95, 162, 148]",12
109,2826,Sandwich,Italian,145,379.33,377.33,0,0,499.0,"[636, 445, 392, 391, 351, 420, 406, 283, 284, 595, 418, 499]",12
109,2867,Seafood,Continental,145,726.53,728.53,0,0,26.0,"[13, 188, 123, 15, 14, 14, 27, 15, 27, 123, 257, 26]",12
110,1062,Beverages,Italian,145,157.2,158.17,1,0,595.0,"[352, 271, 242, 285, 229, 365, 244, 269, 418, 459, 337, 595]",12
110,1109,Rice Bowl,Indian,145,292.97,291.97,0,0,485.0,"[527, 203, 271, 285, 513, 324, 338, 351, 339, 378, 433, 485]",12
110,1207,Beverages,Continental,145,340.47,342.47,0,0,108.0,"[204, 163, 244, 176, 148, 42, 175, 67, 161, 190, 94, 108]",12
110,1216,Pasta,Italian,144,291.03,414.25,0,0,41.0,"[14, 53, 27, 42, 13, 14, 42, 54, 28, 13, 80, 41]",12
110,1230,Beverages,Continental,145,352.17,351.17,0,0,297.0,"[256, 244, 216, 202, 202, 161, 231, 310, 135, 188, 229, 297]",12
110,1247,Biryani,Indian,145,447.23,445.23,0,0,26.0,"[40, 15, 13, 15, 54, 13, 41, 15, 55, 13, 14, 26]",12
110,1248,Beverages,Indian,145,150.41,150.41,0,0,41.0,"[296, 96, 95, 41, 109, 53, 27, 54, 27, 94, 55, 41]",12
110,1445,Seafood,Continental,145,728.53,727.53,0,0,14.0,"[190, 15, 41, 42, 80, 41, 81, 40, 13, 53, 80, 14]",12
110,1525,Other Snacks,Thai,145,320.13,319.13,0,0,26.0,"[55, 81, 15, 53, 108, 82, 68, 28, 41, 28, 28, 26]",12
110,1543,Desert,Indian,145,482.09,483.09,0,0,13.0,"[26, 40, 27, 134, 96, 53, 54, 42, 42, 55, 107, 13]",12
110,1558,Pizza,Continental,145,512.19,512.19,0,0,107.0,"[188, 269, 271, 149, 150, 136, 230, 526, 352, 230, 188, 107]",12
110,1571,Fish,Continental,145,583.03,581.03,0,0,54.0,"[26, 41, 42, 67, 108, 271, 123, 189, 122, 68, 13, 54]",12
110,1727,Rice Bowl,Indian,145,447.23,446.23,0,0,339.0,"[337, 702, 675, 364, 338, 242, 95, 217, 215, 242, 298, 339]",12
110,1754,Sandwich,Italian,145,329.83,329.83,0,0,512.0,"[526, 418, 405, 404, 285, 312, 445, 420, 527, 566, 393, 512]",12
110,1770,Biryani,Indian,144,484.03,485.03,0,0,40.0,"[14, 28, 14, 27, 15, 13, 14, 40, 13, 28, 13, 40]",12
110,1778,Beverages,Italian,145,157.2,152.29,1,0,405.0,"[270, 352, 338, 377, 176, 392, 312, 283, 216, 338, 378, 405]",12
110,1878,Starters,Thai,145,320.13,321.13,0,0,68.0,"[80, 27, 80, 122, 96, 109, 81, 149, 94, 68, 80, 68]",12
110,1885,Beverages,Thai,145,117.37,118.37,0,0,418.0,"[620, 622, 472, 595, 512, 474, 620, 636, 473, 513, 378, 418]",12
110,1902,Biryani,Indian,144,447.23,446.23,0,0,14.0,"[41, 15, 41, 13, 26, 28, 40, 26, 15, 28, 27, 14]",12
110,1962,Pizza,Continental,145,513.19,511.19,0,0,296.0,"[337, 418, 338, 323, 231, 283, 487, 811, 593, 337, 298, 296]",12
110,1971,Sandwich,Italian,145,292.03,290.03,0,0,351.0,"[190, 134, 285, 150, 68, 188, 296, 244, 230, 337, 339, 351]",12
110,1993,Beverages,Thai,145,118.34,118.34,0,0,312.0,"[879, 420, 379, 487, 674, 352, 379, 378, 486, 310, 392, 312]",12
110,2104,Fish,Continental,145,582.03,581.03,0,0,28.0,"[163, 69, 26, 14, 41, 136, 40, 53, 95, 95, 67, 28]",12
110,2126,Pasta,Italian,145,436.53,436.53,0,0,27.0,"[26, 53, 80, 40, 27, 149, 53, 26, 68, 55, 27, 27]",12
110,2139,Beverages,Indian,145,282.33,281.33,0,0,42.0,"[95, 68, 27, 26, 15, 13, 26, 27, 42, 41, 53, 42]",12
110,2290,Rice Bowl,Indian,145,231.89,260.96,0,0,352.0,"[3578, 474, 717, 771, 783, 823, 742, 703, 757, 985, 811, 352]",12
110,2304,Desert,Indian,145,484.09,482.09,0,0,28.0,"[41, 14, 28, 27, 28, 162, 80, 14, 27, 27, 28, 28]",12
110,2306,Pasta,Italian,145,242.53,335.62,1,0,14.0,"[15, 14, 13, 53, 41, 26, 68, 122, 15, 15, 27, 14]",12
110,2322,Beverages,Continental,145,359.87,361.87,0,0,202.0,"[297, 350, 324, 176, 163, 163, 310, 271, 189, 364, 352, 202]",12
110,2444,Seafood,Continental,145,728.53,727.53,0,0,41.0,"[27, 107, 188, 67, 28, 28, 28, 55, 42, 81, 148, 41]",12
110,2490,Salad,Italian,145,254.14,255.14,0,0,217.0,"[285, 188, 366, 312, 271, 324, 729, 257, 204, 283, 121, 217]",12
110,2492,Desert,Indian,145,456.93,454.93,0,0,14.0,"[68, 27, 14, 42, 15, 42, 14, 41, 42, 27, 41, 14]",12
110,2539,Beverages,Thai,145,117.4,118.4,0,0,107.0,"[135, 41, 54, 80, 150, 94, 134, 109, 107, 81, 148, 107]",12
110,2569,Salad,Italian,145,235.77,302.64,0,0,364.0,"[298, 285, 190, 338, 311, 269, 283, 149, 323, 323, 756, 364]",12
110,2577,Starters,Thai,145,320.13,319.13,0,0,28.0,"[42, 14, 14, 14, 15, 15, 26, 13, 41, 81, 14, 28]",12
110,2581,Pizza,Continental,145,512.19,513.19,0,0,270.0,"[188, 323, 392, 108, 108, 177, 188, 553, 311, 150, 135, 270]",12
110,2631,Beverages,Indian,145,154.26,153.26,0,0,81.0,"[378, 229, 109, 122, 177, 80, 95, 82, 68, 163, 95, 81]",12
110,2640,Starters,Thai,145,320.13,319.13,0,0,204.0,"[80, 148, 177, 243, 217, 229, 96, 68, 176, 121, 231, 204]",12
110,2664,Salad,Italian,145,244.44,339.53,0,0,352.0,"[324, 163, 149, 203, 202, 188, 203, 177, 244, 177, 539, 352]",12
110,2704,Other Snacks,Thai,145,319.13,321.13,0,0,81.0,"[82, 13, 82, 230, 176, 243, 67, 81, 135, 109, 68, 81]",12
110,2707,Beverages,Italian,145,202.76,201.76,0,0,636.0,"[513, 312, 608, 526, 405, 499, 366, 526, 526, 514, 433, 636]",12
110,2760,Other Snacks,Thai,145,182.36,262.93,0,1,109.0,"[41, 13, 96, 27, 15, 69, 26, 69, 40, 15, 96, 109]",12
110,2826,Sandwich,Italian,145,327.92,327.92,0,0,122.0,"[446, 433, 350, 338, 312, 406, 324, 393, 243, 419, 420, 122]",12
110,2867,Seafood,Continental,145,726.53,726.53,0,0,13.0,"[15, 15, 55, 41, 42, 14, 14, 13, 26, 121, 109, 13]",12
110,2956,Fish,Continental,145,582.03,582.03,0,0,41.0,"[81, 54, 40, 28, 94, 69, 81, 80, 69, 95, 68, 41]",12
113,1062,Beverages,Italian,145,155.23,157.17,1,1,648.0,"[648, 701, 447, 526, 366, 406, 526, 649, 527, 541, 593, 648]",12
113,1109,Rice Bowl,Indian,145,293.0,293.0,0,0,283.0,"[418, 296, 244, 189, 161, 216, 231, 204, 94, 418, 244, 283]",12
113,1207,Beverages,Continental,145,338.59,338.59,0,0,82.0,"[40, 81, 54, 122, 15, 41, 81, 26, 121, 54, 41, 82]",12
113,1216,Pasta,Italian,145,413.25,413.25,0,0,42.0,"[15, 55, 40, 14, 14, 109, 188, 40, 14, 108, 204, 42]",12
113,1230,Beverages,Continental,145,369.63,367.63,0,0,81.0,"[189, 175, 190, 161, 122, 53, 176, 150, 162, 108, 67, 81]",12
113,1247,Biryani,Indian,140,389.03,445.23,0,0,14.0,"[26, 14, 28, 40, 41, 15, 14, 26, 14, 13, 13, 14]",12
113,1248,Beverages,Indian,145,150.38,151.38,0,0,53.0,"[404, 82, 82, 96, 41, 54, 15, 15, 14, 69, 28, 53]",12
113,1445,Seafood,Continental,145,727.53,726.53,0,0,27.0,"[13, 95, 40, 28, 13, 13, 41, 28, 13, 40, 15, 27]",12
113,1525,Other Snacks,Thai,145,321.13,319.13,0,0,42.0,"[15, 15, 13, 13, 13, 15, 15, 14, 14, 41, 27, 42]",12
113,1543,Desert,Indian,145,484.09,482.09,0,0,121.0,"[68, 81, 40, 364, 163, 188, 217, 149, 135, 163, 135, 121]",12
113,1558,Pizza,Continental,145,548.08,547.08,0,0,204.0,"[188, 486, 229, 215, 189, 123, 350, 620, 323, 229, 323, 204]",12
113,1571,Fish,Continental,143,581.03,581.03,0,0,15.0,"[13, 14, 13, 40, 14, 15, 14, 15, 13, 26, 15, 15]",12
113,1727,Rice Bowl,Indian,145,446.23,445.23,0,0,162.0,"[404, 960, 715, 581, 176, 433, 338, 230, 204, 311, 188, 162]",12
113,1754,Sandwich,Italian,145,330.83,330.83,0,0,904.0,"[649, 931, 824, 527, 242, 757, 837, 663, 636, 1025, 607, 904]",12
113,1770,Biryani,Indian,145,486.03,485.03,0,0,14.0,"[15, 15, 26, 14, 27, 27, 14, 28, 40, 15, 13, 14]",12
113,1778,Beverages,Italian,145,153.29,156.17,1,0,487.0,"[582, 406, 323, 310, 231, 325, 190, 377, 285, 391, 432, 487]",12
113,1878,Starters,Thai,145,319.13,321.13,0,0,80.0,"[55, 53, 53, 42, 53, 40, 15, 28, 14, 26, 55, 80]",12
113,1885,Beverages,Thai,145,138.71,139.71,0,0,177.0,"[203, 284, 204, 177, 204, 176, 190, 215, 176, 258, 242, 177]",12
113,1902,Biryani,Indian,145,445.23,447.23,0,0,15.0,"[15, 13, 14, 13, 13, 26, 15, 15, 15, 26, 41, 15]",12
113,1962,Pizza,Continental,145,549.08,547.08,0,0,243.0,"[163, 473, 418, 216, 190, 217, 217, 701, 285, 257, 217, 243]",12
113,1971,Sandwich,Italian,145,327.86,328.86,0,0,352.0,"[337, 500, 458, 80, 96, 297, 296, 176, 243, 284, 242, 352]",12
113,1993,Beverages,Thai,145,130.95,130.95,0,0,215.0,"[203, 149, 188, 107, 135, 229, 162, 162, 217, 53, 134, 215]",12
113,2104,Fish,Continental,145,583.03,582.03,0,0,14.0,"[41, 40, 28, 15, 27, 15, 28, 28, 14, 13, 54, 14]",12
113,2126,Pasta,Italian,145,437.53,437.53,0,0,14.0,"[69, 40, 69, 55, 26, 54, 26, 26, 54, 82, 54, 14]",12
113,2139,Beverages,Indian,145,281.33,280.33,0,0,82.0,"[40, 41, 15, 80, 27, 67, 28, 40, 40, 82, 53, 82]",12
113,2290,Rice Bowl,Indian,145,298.79,299.79,0,0,217.0,"[4535, 959, 431, 419, 674, 729, 716, 689, 744, 635, 568, 217]",12
113,2304,Desert,Indian,145,484.09,482.09,0,0,55.0,"[14, 41, 13, 135, 53, 28, 96, 54, 41, 81, 121, 55]",12
113,2306,Pasta,Italian,145,242.53,337.62,1,0,67.0,"[15, 54, 28, 80, 13, 15, 26, 135, 15, 14, 27, 67]",12
113,2322,Beverages,Continental,145,340.47,340.47,0,0,107.0,"[163, 108, 231, 15, 41, 40, 40, 42, 69, 121, 53, 107]",12
113,2444,Seafood,Continental,144,582.03,728.53,1,0,15.0,"[14, 13, 28, 82, 108, 14, 13, 26, 15, 13, 41, 15]",12
113,2490,Salad,Italian,145,291.03,291.03,0,0,365.0,"[337, 554, 635, 499, 215, 406, 1148, 459, 296, 393, 351, 365]",12
113,2492,Desert,Indian,145,454.93,455.93,0,0,15.0,"[134, 177, 95, 53, 27, 27, 69, 42, 68, 15, 41, 15]",12
113,2539,Beverages,Thai,145,131.01,130.01,0,0,80.0,"[82, 68, 95, 82, 122, 82, 108, 123, 123, 69, 81, 80]",12
113,2569,Salad,Italian,145,249.32,322.07,0,1,999.0,"[431, 405, 406, 541, 391, 728, 460, 256, 338, 636, 1214, 999]",12
113,2577,Starters,Thai,110,213.46,282.33,0,0,14.0,"[14, 14, 14, 14, 26, 27, 14, 27, 28, 15, 40, 14]",12
113,2581,Pizza,Continental,145,549.08,547.08,0,0,176.0,"[161, 432, 271, 190, 81, 216, 297, 393, 285, 148, 176, 176]",12
113,2631,Beverages,Indian,145,149.44,147.44,0,0,175.0,"[284, 161, 190, 123, 55, 204, 81, 190, 67, 150, 109, 175]",12
113,2640,Starters,Thai,145,320.13,321.13,0,0,28.0,"[41, 69, 14, 122, 81, 14, 42, 40, 28, 40, 68, 28]",12
113,2664,Salad,Italian,145,246.38,315.28,0,1,863.0,"[595, 339, 364, 351, 391, 432, 242, 312, 243, 607, 1095, 863]",12
113,2704,Other Snacks,Thai,145,321.13,321.13,0,0,13.0,"[26, 42, 81, 94, 82, 15, 41, 53, 67, 69, 53, 13]",12
113,2707,Beverages,Italian,145,207.64,228.92,0,0,242.0,"[216, 81, 298, 323, 230, 217, 339, 203, 175, 176, 162, 242]",12
113,2760,Other Snacks,Thai,145,182.36,261.93,0,0,69.0,"[13, 14, 41, 13, 14, 28, 15, 15, 13, 27, 15, 69]",12
113,2826,Sandwich,Italian,145,325.92,326.92,0,0,95.0,"[271, 123, 311, 150, 149, 350, 190, 312, 150, 445, 161, 95]",12
113,2867,Seafood,Continental,144,582.03,727.53,1,0,27.0,"[54, 27, 41, 13, 14, 15, 13, 13, 67, 28, 15, 27]",12
124,1062,Beverages,Italian,145,192.06,192.06,0,0,350.0,"[431, 634, 555, 338, 420, 283, 621, 433, 418, 325, 458, 350]",12
124,1109,Rice Bowl,Indian,145,309.43,309.43,0,0,406.0,"[742, 539, 377, 377, 431, 486, 514, 405, 446, 459, 485, 406]",12
124,1198,Extras,Thai,145,171.75,195.03,0,0,80.0,"[26, 134, 27, 109, 81, 95, 122, 28, 80, 26, 95, 80]",12
124,1207,Beverages,Continental,145,388.0,389.0,0,0,136.0,"[80, 107, 365, 204, 80, 96, 121, 81, 135, 107, 204, 136]",12
124,1216,Pasta,Italian,145,416.13,417.13,0,0,14.0,"[27, 41, 40, 26, 13, 28, 68, 15, 27, 67, 54, 14]",12
124,1230,Beverages,Continental,145,384.18,383.18,0,0,175.0,"[109, 257, 297, 189, 27, 96, 177, 109, 177, 188, 378, 175]",12
124,1247,Biryani,Indian,142,447.23,446.23,0,0,14.0,"[14, 26, 14, 14, 15, 14, 15, 15, 27, 15, 41, 14]",12
124,1248,Beverages,Indian,144,159.11,158.11,0,0,26.0,"[54, 136, 176, 94, 96, 136, 122, 42, 41, 69, 27, 26]",12
124,1311,Extras,Thai,145,84.39,171.75,0,0,53.0,"[55, 68, 69, 28, 81, 67, 68, 53, 40, 54, 81, 53]",12
124,1438,Soup,Thai,145,195.0,194.0,0,0,55.0,"[40, 26, 15, 14, 28, 14, 28, 27, 42, 13, 26, 55]",12
124,1445,Seafood,Continental,144,485.03,726.53,1,0,162.0,"[27, 15, 67, 136, 28, 13, 14, 81, 13, 15, 54, 162]",12
124,1525,Other Snacks,Thai,145,321.13,320.13,0,0,108.0,"[28, 14, 42, 121, 82, 123, 69, 26, 53, 55, 15, 108]",12
124,1543,Desert,Indian,145,486.03,485.03,0,0,67.0,"[28, 27, 13, 107, 82, 55, 67, 27, 41, 28, 96, 67]",12
124,1558,Pizza,Continental,145,563.6,562.6,0,0,96.0,"[40, 419, 378, 121, 41, 135, 189, 392, 338, 150, 217, 96]",12
124,1571,Fish,Continental,144,592.73,592.73,0,0,28.0,"[95, 26, 42, 27, 15, 14, 54, 14, 26, 15, 27, 28]",12
124,1727,Rice Bowl,Indian,145,465.63,466.63,0,0,284.0,"[365, 1445, 892, 730, 404, 676, 378, 217, 337, 526, 391, 284]",12
124,1754,Sandwich,Italian,145,318.16,320.16,0,0,676.0,"[431, 971, 703, 271, 258, 769, 1040, 446, 472, 500, 1052, 676]",12
124,1770,Biryani,Indian,145,486.03,486.03,0,0,15.0,"[28, 27, 28, 14, 13, 15, 13, 14, 26, 28, 14, 15]",12
124,1778,Beverages,Italian,145,191.15,189.15,0,0,404.0,"[568, 771, 554, 364, 323, 404, 674, 539, 487, 392, 663, 404]",12
124,1803,Extras,Thai,145,190.18,255.14,0,0,123.0,"[96, 42, 108, 121, 40, 123, 107, 67, 26, 42, 54, 123]",12
124,1847,Soup,Thai,145,196.0,194.0,0,0,40.0,"[28, 42, 28, 28, 14, 69, 40, 26, 28, 53, 54, 40]",12
124,1878,Starters,Thai,145,319.13,321.13,0,0,13.0,"[82, 14, 27, 28, 28, 27, 13, 42, 69, 28, 13, 13]",12
124,1885,Beverages,Thai,145,159.14,151.38,0,1,850.0,"[486, 933, 756, 554, 554, 770, 783, 582, 528, 580, 769, 850]",12
124,1902,Biryani,Indian,142,445.23,446.23,0,0,42.0,"[13, 14, 41, 27, 14, 13, 28, 27, 26, 42, 28, 42]",12
124,1962,Pizza,Continental,145,563.6,564.6,0,0,352.0,"[121, 350, 460, 379, 134, 378, 229, 729, 701, 230, 378, 352]",12
124,1971,Sandwich,Italian,145,346.35,346.35,0,0,215.0,"[202, 485, 229, 107, 41, 163, 472, 136, 175, 231, 473, 215]",12
124,1993,Beverages,Thai,145,158.14,150.38,0,1,176.0,"[798, 283, 595, 474, 392, 688, 771, 539, 473, 566, 784, 176]",12
124,2104,Fish,Continental,145,641.23,639.23,0,0,26.0,"[54, 28, 41, 13, 28, 14, 134, 41, 26, 13, 27, 26]",12
124,2126,Pasta,Italian,145,485.03,507.31,0,1,14.0,"[26, 13, 81, 28, 27, 26, 69, 13, 13, 26, 41, 14]",12
124,2139,Beverages,Indian,145,291.03,292.03,0,0,42.0,"[26, 26, 14, 14, 14, 26, 13, 15, 40, 27, 15, 42]",12
124,2290,Rice Bowl,Indian,145,275.51,274.51,0,0,175.0,"[1176, 620, 528, 364, 406, 472, 836, 595, 784, 391, 769, 175]",12
124,2304,Desert,Indian,144,485.03,484.03,0,0,14.0,"[28, 15, 26, 14, 26, 26, 69, 28, 28, 26, 40, 14]",12
124,2306,Pasta,Italian,144,290.03,337.62,0,0,28.0,"[27, 13, 26, 15, 15, 15, 28, 28, 15, 54, 15, 28]",12
124,2322,Beverages,Continental,145,383.21,383.21,0,0,231.0,"[162, 310, 366, 202, 27, 150, 393, 231, 217, 96, 404, 231]",12
124,2444,Seafood,Continental,144,484.03,728.53,1,1,204.0,"[13, 229, 230, 15, 28, 55, 55, 26, 27, 14, 69, 204]",12
124,2490,Salad,Italian,145,292.03,292.03,0,0,324.0,"[393, 985, 797, 312, 285, 580, 1513, 567, 216, 365, 690, 324]",12
124,2492,Desert,Indian,145,389.03,388.03,0,0,28.0,"[81, 82, 55, 41, 40, 41, 28, 41, 15, 26, 41, 28]",12
124,2494,Soup,Thai,145,194.0,194.0,0,0,13.0,"[26, 14, 14, 28, 14, 27, 54, 28, 41, 13, 26, 13]",12
124,2539,Beverages,Thai,145,156.2,157.2,0,0,81.0,"[96, 26, 109, 229, 81, 107, 244, 134, 40, 67, 161, 81]",12
124,2569,Salad,Italian,145,270.69,333.74,0,0,365.0,"[352, 379, 175, 431, 352, 568, 419, 324, 296, 393, 568, 365]",12
124,2577,Starters,Thai,145,321.13,319.13,0,0,14.0,"[14, 26, 41, 14, 14, 14, 13, 13, 14, 13, 14, 14]",12
124,2581,Pizza,Continental,145,563.6,564.6,0,0,95.0,"[123, 379, 446, 161, 121, 149, 190, 431, 418, 148, 377, 95]",12
124,2631,Beverages,Indian,145,162.99,163.99,0,0,121.0,"[150, 150, 148, 148, 109, 80, 189, 67, 54, 109, 53, 121]",12
124,2640,Starters,Thai,145,320.13,321.13,0,0,15.0,"[41, 42, 54, 41, 26, 67, 69, 27, 15, 26, 13, 15]",12
124,2664,Salad,Italian,145,263.87,336.59,0,0,432.0,"[311, 528, 257, 298, 324, 527, 230, 296, 243, 406, 904, 432]",12
124,2704,Other Snacks,Thai,145,320.13,321.13,0,0,53.0,"[13, 15, 27, 82, 69, 54, 13, 13, 27, 42, 28, 53]",12
124,2707,Beverages,Italian,145,241.53,242.53,0,0,297.0,"[177, 123, 391, 257, 271, 283, 339, 325, 257, 271, 338, 297]",12
124,2760,Other Snacks,Thai,145,163.99,241.53,0,0,41.0,"[27, 53, 40, 14, 27, 41, 15, 15, 26, 15, 42, 41]",12
124,2826,Sandwich,Italian,145,377.33,377.33,0,0,338.0,"[609, 459, 257, 431, 581, 661, 338, 392, 392, 649, 379, 338]",12
124,2867,Seafood,Continental,145,727.53,727.53,0,0,15.0,"[15, 13, 14, 41, 41, 82, 15, 15, 28, 67, 216, 15]",12
124,2956,Fish,Continental,140,485.03,629.53,0,0,15.0,"[15, 15, 14, 69, 40, 28, 53, 15, 15, 13, 13, 15]",12
126,1062,Beverages,Italian,145,191.09,193.09,0,0,460.0,"[447, 661, 593, 487, 500, 472, 568, 661, 405, 458, 485, 460]",12
126,1109,Rice Bowl,Indian,145,280.39,280.39,0,0,540.0,"[864, 501, 433, 338, 431, 661, 783, 433, 378, 446, 474, 540]",12
126,1198,Extras,Thai,145,170.75,197.94,0,0,296.0,"[433, 541, 393, 528, 350, 378, 284, 350, 446, 285, 257, 296]",12
126,1207,Beverages,Continental,145,378.33,377.33,0,0,215.0,"[121, 82, 136, 96, 26, 26, 162, 150, 109, 42, 68, 215]",12
126,1216,Pasta,Italian,145,436.56,434.56,0,0,42.0,"[41, 27, 81, 54, 53, 69, 69, 13, 13, 95, 123, 42]",12
126,1230,Beverages,Continental,145,372.51,373.51,0,0,135.0,"[80, 150, 175, 122, 14, 55, 135, 68, 94, 134, 81, 135]",12
126,1247,Biryani,Indian,145,446.23,447.23,0,0,15.0,"[15, 14, 13, 13, 15, 14, 69, 15, 26, 14, 26, 15]",12
126,1248,Beverages,Indian,145,163.93,148.44,0,1,26.0,"[283, 122, 81, 67, 122, 40, 107, 27, 13, 42, 40, 26]",12
126,1311,Extras,Thai,145,192.12,190.12,0,0,432.0,"[393, 365, 325, 473, 405, 377, 420, 419, 352, 446, 285, 432]",12
126,1438,Soup,Thai,145,195.0,195.0,0,0,96.0,"[54, 27, 27, 95, 81, 41, 27, 40, 41, 27, 40, 96]",12
126,1445,Seafood,Continental,145,726.53,728.53,0,0,67.0,"[28, 351, 284, 53, 41, 108, 81, 28, 54, 163, 351, 67]",12
126,1525,Other Snacks,Thai,145,319.13,320.13,0,0,68.0,"[53, 54, 81, 121, 283, 161, 176, 188, 68, 55, 53, 68]",12
126,1543,Desert,Indian,145,485.03,483.09,0,1,80.0,"[68, 53, 81, 177, 217, 69, 69, 42, 41, 41, 53, 80]",12
126,1558,Pizza,Continental,145,563.6,564.6,0,0,134.0,"[123, 94, 161, 135, 108, 55, 136, 729, 609, 108, 202, 134]",12
126,1571,Fish,Continental,145,640.23,640.23,0,0,14.0,"[53, 82, 108, 108, 41, 148, 122, 53, 40, 41, 69, 14]",12
126,1727,Rice Bowl,Indian,145,464.63,464.63,0,0,188.0,"[365, 1378, 1309, 985, 337, 312, 350, 298, 325, 244, 311, 188]",12
126,1754,Sandwich,Italian,145,318.16,319.16,0,0,729.0,"[393, 620, 378, 528, 485, 485, 823, 541, 580, 634, 609, 729]",12
126,1770,Biryani,Indian,145,485.03,486.03,0,0,15.0,"[26, 13, 26, 26, 13, 40, 14, 14, 40, 15, 14, 15]",12
126,1778,Beverages,Italian,145,188.21,187.21,0,0,539.0,"[580, 622, 581, 647, 405, 365, 621, 539, 500, 634, 554, 539]",12
126,1803,Extras,Thai,145,157.17,220.19,0,0,177.0,"[204, 190, 339, 499, 366, 269, 284, 338, 258, 270, 189, 177]",12
126,1847,Soup,Thai,145,196.0,196.0,0,0,107.0,"[28, 54, 41, 40, 42, 69, 96, 28, 13, 42, 67, 107]",12
126,1878,Starters,Thai,145,320.13,320.13,0,0,42.0,"[67, 55, 54, 95, 41, 55, 54, 67, 40, 94, 28, 42]",12
126,1885,Beverages,Thai,145,159.14,159.14,0,0,782.0,"[904, 809, 824, 716, 782, 771, 931, 890, 798, 783, 784, 782]",12
126,1902,Biryani,Indian,142,446.23,447.23,0,0,27.0,"[13, 14, 15, 14, 15, 14, 14, 14, 13, 27, 13, 27]",12
126,1962,Pizza,Continental,145,562.6,563.6,0,0,458.0,"[231, 500, 567, 350, 284, 271, 350, 1378, 959, 163, 296, 458]",12
126,1971,Sandwich,Italian,145,345.35,346.35,0,0,176.0,"[229, 296, 189, 176, 41, 258, 377, 94, 176, 257, 175, 176]",12
126,1993,Beverages,Thai,145,154.26,155.26,0,0,284.0,"[931, 258, 836, 769, 702, 933, 878, 906, 958, 675, 674, 284]",12
126,2126,Pasta,Italian,145,486.03,511.25,0,1,15.0,"[69, 68, 40, 42, 42, 148, 53, 26, 28, 67, 54, 15]",12
126,2139,Beverages,Indian,145,290.03,276.48,0,1,26.0,"[42, 26, 68, 26, 26, 108, 28, 42, 13, 41, 28, 26]",12
126,2290,Rice Bowl,Indian,145,290.09,288.09,0,0,810.0,"[4725, 582, 473, 593, 838, 863, 917, 836, 850, 1000, 958, 810]",12
126,2304,Desert,Indian,145,485.03,484.03,0,0,67.0,"[42, 28, 26, 123, 107, 15, 13, 40, 14, 26, 53, 67]",12
126,2306,Pasta,Italian,145,243.5,336.62,1,1,176.0,"[28, 14, 40, 27, 28, 28, 15, 13, 53, 13, 28, 176]",12
126,2322,Beverages,Continental,145,376.39,376.39,0,0,216.0,"[217, 311, 365, 231, 163, 82, 418, 204, 230, 41, 150, 216]",12
126,2444,Seafood,Continental,144,484.03,728.53,1,0,256.0,"[13, 13, 26, 324, 243, 41, 40, 14, 40, 27, 513, 256]",12
126,2490,Salad,Italian,145,292.03,292.03,0,0,217.0,"[391, 555, 351, 500, 324, 350, 783, 539, 311, 257, 297, 217]",12
126,2492,Desert,Indian,145,388.03,387.03,0,0,82.0,"[161, 42, 95, 26, 81, 13, 15, 40, 14, 28, 53, 82]",12
126,2494,Soup,Thai,106,244.5,244.5,0,0,55.0,"[15, 68, 15, 55, 82, 96, 27, 14, 13, 53, 27, 55]",12
126,2539,Beverages,Thai,145,160.11,160.11,0,0,257.0,"[339, 54, 269, 242, 216, 366, 337, 296, 379, 392, 258, 257]",12
126,2569,Salad,Italian,145,241.53,308.52,0,1,852.0,"[296, 176, 108, 94, 136, 96, 81, 95, 244, 216, 352, 852]",12
126,2577,Starters,Thai,145,320.13,319.13,0,0,53.0,"[148, 41, 40, 27, 26, 40, 82, 41, 69, 41, 55, 53]",12
126,2581,Pizza,Continental,145,564.6,562.6,0,0,149.0,"[135, 310, 175, 134, 108, 123, 230, 621, 474, 162, 122, 149]",12
126,2631,Beverages,Indian,145,158.11,158.11,0,0,40.0,"[269, 67, 108, 82, 82, 109, 94, 41, 53, 95, 40, 40]",12
126,2640,Starters,Thai,145,319.13,320.13,0,0,67.0,"[67, 121, 107, 81, 81, 148, 122, 42, 68, 42, 80, 67]",12
126,2664,Salad,Italian,145,242.53,306.52,0,1,837.0,"[163, 283, 230, 161, 285, 284, 148, 243, 121, 149, 447, 837]",12
126,2704,Other Snacks,Thai,145,321.13,319.13,0,0,53.0,"[68, 42, 69, 109, 215, 81, 82, 122, 69, 94, 96, 53]",12
126,2707,Beverages,Italian,145,234.8,234.8,0,0,595.0,"[701, 351, 676, 728, 541, 595, 728, 526, 647, 636, 757, 595]",12
126,2760,Other Snacks,Thai,145,163.99,241.53,0,0,297.0,"[108, 136, 68, 81, 150, 41, 108, 82, 107, 69, 177, 297]",12
126,2826,Sandwich,Italian,145,377.33,377.33,0,0,365.0,"[595, 566, 649, 393, 391, 702, 594, 608, 472, 433, 554, 365]",12
126,2867,Seafood,Continental,144,486.03,728.53,1,1,162.0,"[13, 15, 189, 190, 42, 13, 14, 15, 42, 14, 121, 162]",12
126,2956,Fish,Continental,145,640.23,639.23,0,0,13.0,"[134, 28, 15, 28, 26, 109, 68, 55, 27, 69, 13, 13]",12
129,1062,Beverages,Italian,145,153.26,180.48,1,1,379.0,"[312, 485, 202, 243, 163, 175, 378, 203, 190, 323, 298, 379]",12
129,1109,Rice Bowl,Indian,145,285.21,286.21,0,0,339.0,"[744, 256, 229, 311, 242, 311, 296, 404, 258, 285, 364, 339]",12
129,1207,Beverages,Continental,145,355.99,355.99,0,0,123.0,"[109, 69, 94, 40, 94, 15, 53, 94, 202, 175, 53, 123]",12
129,1216,Pasta,Italian,145,414.25,412.25,0,0,14.0,"[68, 28, 14, 68, 82, 13, 107, 149, 41, 122, 42, 14]",12
129,1230,Beverages,Continental,145,367.63,368.63,0,0,53.0,"[95, 69, 175, 14, 28, 54, 68, 42, 148, 94, 107, 53]",12
129,1247,Biryani,Indian,145,445.23,445.23,0,0,28.0,"[26, 27, 96, 67, 55, 42, 28, 67, 69, 28, 53, 28]",12
129,1248,Beverages,Indian,145,151.35,152.35,0,0,80.0,"[150, 54, 40, 28, 96, 27, 81, 15, 42, 40, 54, 80]",12
129,1445,Seafood,Continental,145,726.53,726.53,0,0,14.0,"[28, 15, 150, 136, 27, 54, 13, 40, 27, 95, 53, 14]",12
129,1525,Other Snacks,Thai,145,320.13,319.13,0,0,40.0,"[53, 13, 68, 134, 28, 80, 53, 28, 68, 42, 68, 40]",12
129,1543,Desert,Indian,145,483.09,483.09,0,0,28.0,"[55, 53, 41, 175, 41, 40, 54, 54, 42, 69, 14, 28]",12
129,1558,Pizza,Continental,145,549.08,549.08,0,0,123.0,"[148, 108, 123, 148, 162, 42, 14, 298, 337, 136, 41, 123]",12
129,1571,Fish,Continental,145,589.82,587.82,0,0,96.0,"[68, 41, 81, 69, 26, 149, 134, 80, 41, 94, 95, 96]",12
129,1727,Rice Bowl,Indian,145,446.23,445.23,0,0,123.0,"[231, 689, 688, 512, 94, 244, 68, 53, 177, 163, 161, 123]",12
129,1754,Sandwich,Italian,145,328.83,330.83,0,0,324.0,"[339, 231, 312, 270, 108, 229, 364, 203, 296, 284, 338, 324]",12
129,1770,Biryani,Indian,145,485.03,484.03,0,0,27.0,"[13, 42, 14, 15, 27, 69, 27, 40, 26, 27, 15, 27]",12
129,1778,Beverages,Italian,145,158.17,157.2,1,0,244.0,"[216, 96, 202, 190, 230, 242, 204, 204, 283, 283, 135, 244]",12
129,1878,Starters,Thai,145,321.13,321.13,0,0,122.0,"[95, 14, 121, 136, 53, 123, 122, 136, 55, 67, 123, 122]",12
129,1885,Beverages,Thai,145,135.83,134.83,0,0,527.0,"[500, 485, 514, 716, 513, 690, 553, 676, 528, 811, 609, 527]",12
129,1902,Biryani,Indian,145,446.23,446.23,0,0,15.0,"[41, 13, 28, 54, 14, 80, 14, 55, 14, 27, 15, 15]",12
129,1962,Pizza,Continental,145,549.08,548.08,0,0,135.0,"[229, 284, 283, 122, 163, 136, 175, 377, 284, 96, 135, 135]",12
129,1971,Sandwich,Italian,145,328.86,329.86,0,0,163.0,"[229, 175, 176, 134, 68, 150, 134, 109, 122, 80, 82, 163]",12
129,1993,Beverages,Thai,145,136.77,137.77,0,0,285.0,"[527, 271, 431, 298, 433, 621, 420, 472, 473, 351, 351, 285]",12
129,2104,Fish,Continental,145,582.03,583.03,0,0,53.0,"[14, 13, 67, 41, 80, 177, 41, 54, 40, 134, 28, 53]",12
129,2126,Pasta,Italian,145,437.53,478.21,0,1,42.0,"[82, 68, 40, 14, 42, 55, 26, 14, 42, 40, 69, 42]",12
129,2139,Beverages,Indian,145,241.53,292.03,0,0,14.0,"[15, 40, 81, 41, 15, 41, 14, 26, 13, 27, 27, 14]",12
129,2290,Rice Bowl,Indian,145,297.79,299.79,0,0,109.0,"[2796, 352, 338, 244, 310, 365, 365, 487, 269, 338, 459, 109]",12
129,2304,Desert,Indian,145,483.09,483.09,0,0,14.0,"[14, 40, 41, 122, 27, 28, 13, 68, 26, 27, 15, 14]",12
129,2306,Pasta,Italian,145,242.53,336.62,1,0,28.0,"[27, 13, 13, 14, 15, 13, 15, 13, 67, 285, 13, 28]",12
129,2322,Beverages,Continental,145,344.38,343.38,0,0,40.0,"[109, 177, 134, 27, 41, 53, 67, 135, 55, 121, 41, 40]",12
129,2444,Seafood,Continental,144,583.03,728.53,1,0,26.0,"[28, 55, 14, 40, 42, 161, 256, 15, 13, 27, 13, 26]",12
129,2490,Salad,Italian,145,292.03,291.03,0,0,107.0,"[203, 108, 163, 163, 109, 190, 258, 149, 80, 107, 81, 107]",12
129,2492,Desert,Indian,145,454.93,454.93,0,0,28.0,"[14, 53, 109, 68, 80, 42, 42, 40, 26, 68, 13, 28]",12
129,2539,Beverages,Thai,145,134.86,134.86,0,0,177.0,"[216, 148, 176, 177, 176, 148, 176, 190, 134, 230, 242, 177]",12
129,2569,Salad,Italian,145,247.38,321.07,0,0,311.0,"[108, 41, 28, 80, 80, 135, 122, 189, 135, 175, 365, 311]",12
129,2577,Starters,Thai,145,319.13,321.13,0,0,26.0,"[26, 13, 28, 28, 14, 42, 27, 53, 13, 15, 13, 26]",12
129,2581,Pizza,Continental,145,549.08,548.08,0,0,121.0,"[27, 204, 162, 177, 109, 55, 148, 352, 215, 136, 107, 121]",12
129,2631,Beverages,Indian,145,153.26,153.26,0,0,27.0,"[55, 41, 163, 41, 109, 80, 107, 109, 69, 95, 94, 27]",12
129,2640,Starters,Thai,144,319.13,319.13,0,0,175.0,"[67, 108, 54, 81, 82, 67, 80, 122, 69, 94, 96, 175]",12
129,2664,Salad,Italian,145,220.19,322.07,0,0,393.0,"[312, 163, 149, 67, 122, 270, 94, 163, 108, 177, 404, 393]",12
129,2704,Other Snacks,Thai,145,321.13,319.13,0,0,108.0,"[136, 121, 148, 242, 177, 215, 175, 150, 94, 161, 54, 108]",12
129,2707,Beverages,Italian,145,198.85,228.98,0,0,460.0,"[337, 230, 298, 324, 271, 337, 393, 325, 215, 391, 323, 460]",12
129,2760,Other Snacks,Thai,145,195.0,261.93,0,0,94.0,"[69, 26, 27, 26, 15, 13, 13, 55, 13, 54, 42, 94]",12
129,2826,Sandwich,Italian,145,327.92,326.92,0,0,149.0,"[202, 161, 176, 499, 121, 366, 176, 285, 149, 269, 134, 149]",12
129,2867,Seafood,Continental,145,728.53,727.53,0,0,27.0,"[54, 148, 176, 13, 28, 27, 15, 28, 41, 27, 67, 27]",12
129,2956,Fish,Continental,145,583.03,583.03,0,0,80.0,"[53, 68, 41, 13, 80, 96, 28, 82, 13, 40, 15, 80]",12
132,1062,Beverages,Italian,145,193.09,193.09,0,0,662.0,"[458, 499, 554, 393, 513, 514, 554, 566, 636, 541, 593, 662]",12
132,1109,Rice Bowl,Indian,145,293.97,291.97,0,0,728.0,"[1188, 472, 499, 472, 474, 541, 729, 420, 432, 1014, 648, 728]",12
132,1198,Extras,Thai,145,248.38,248.38,0,0,150.0,"[270, 257, 243, 404, 270, 244, 242, 270, 204, 204, 162, 150]",12
132,1207,Beverages,Continental,145,381.24,381.24,0,0,68.0,"[148, 134, 202, 121, 14, 28, 134, 53, 121, 134, 108, 68]",12
132,1216,Pasta,Italian,145,417.13,418.13,0,0,68.0,"[14, 28, 26, 26, 42, 53, 54, 68, 42, 150, 175, 68]",12
132,1230,Beverages,Continental,145,354.11,353.11,0,0,55.0,"[135, 162, 150, 202, 15, 26, 42, 95, 68, 149, 148, 55]",12
132,1247,Biryani,Indian,145,446.23,445.23,0,0,67.0,"[41, 28, 54, 67, 53, 68, 123, 42, 13, 27, 13, 67]",12
132,1248,Beverages,Indian,145,165.93,164.93,0,0,40.0,"[162, 67, 55, 148, 28, 108, 27, 82, 96, 26, 40, 40]",12
132,1311,Extras,Thai,145,105.79,254.14,0,0,175.0,"[163, 216, 202, 231, 203, 310, 189, 108, 297, 269, 256, 175]",12
132,1438,Soup,Thai,145,196.0,195.0,0,0,82.0,"[121, 80, 41, 149, 95, 108, 123, 80, 68, 134, 53, 82]",12
132,1445,Seafood,Continental,145,727.53,726.53,0,0,13.0,"[323, 54, 67, 40, 40, 53, 95, 42, 41, 229, 215, 13]",12
132,1525,Other Snacks,Thai,145,321.13,319.13,0,0,244.0,"[229, 338, 339, 311, 500, 258, 258, 350, 243, 284, 365, 244]",12
132,1543,Desert,Indian,145,486.03,486.03,0,0,53.0,"[69, 42, 28, 149, 54, 82, 136, 40, 82, 55, 27, 53]",12
132,1558,Pizza,Continental,145,562.6,641.23,0,1,68.0,"[81, 230, 202, 54, 81, 108, 216, 540, 418, 162, 257, 68]",12
132,1571,Fish,Continental,145,640.23,641.23,0,0,107.0,"[161, 136, 107, 42, 55, 190, 162, 162, 80, 109, 53, 107]",12
132,1727,Rice Bowl,Indian,145,464.63,465.63,0,0,176.0,"[297, 2012, 1404, 1338, 1365, 150, 271, 229, 283, 513, 243, 176]",12
132,1754,Sandwich,Italian,145,319.16,320.16,0,0,432.0,"[555, 838, 393, 460, 486, 405, 554, 595, 379, 337, 446, 432]",12
132,1770,Biryani,Indian,145,486.03,484.03,0,0,55.0,"[15, 28, 26, 26, 13, 15, 41, 13, 28, 28, 28, 55]",12
132,1778,Beverages,Italian,145,183.33,185.33,0,0,433.0,"[582, 472, 297, 420, 257, 620, 501, 609, 622, 675, 446, 433]",12
132,1803,Extras,Thai,145,158.11,201.82,0,0,203.0,"[217, 256, 312, 270, 216, 257, 337, 135, 123, 296, 312, 203]",12
132,1847,Soup,Thai,145,194.0,196.0,0,0,67.0,"[68, 107, 26, 122, 109, 121, 150, 107, 95, 121, 109, 67]",12
132,1878,Starters,Thai,145,319.13,319.13,0,0,94.0,"[81, 96, 54, 42, 68, 96, 67, 82, 82, 53, 82, 94]",12
132,1885,Beverages,Thai,145,160.11,148.41,0,1,1527.0,"[1943, 1336, 1715, 1565, 1364, 1647, 1741, 1608, 1552, 1701, 1540, 1527]",12
132,1902,Biryani,Indian,145,446.23,446.23,0,0,26.0,"[54, 42, 14, 15, 27, 54, 26, 26, 68, 27, 26, 26]",12
132,1962,Pizza,Continental,145,563.6,549.08,0,1,447.0,"[379, 379, 541, 420, 391, 339, 555, 1403, 1175, 271, 418, 447]",12
132,1971,Sandwich,Italian,145,345.35,346.35,0,0,215.0,"[202, 177, 230, 68, 135, 148, 203, 229, 190, 189, 258, 215]",12
132,1993,Beverages,Thai,145,157.17,151.38,0,1,715.0,"[1242, 242, 1526, 1149, 1134, 1068, 1378, 1431, 1444, 1311, 1081, 715]",12
132,2126,Pasta,Italian,145,485.03,486.03,0,0,26.0,"[94, 108, 107, 28, 95, 54, 54, 122, 13, 67, 28, 26]",12
132,2139,Beverages,Indian,144,291.03,291.03,0,0,27.0,"[41, 14, 28, 28, 54, 28, 13, 27, 42, 53, 28, 27]",12
132,2290,Rice Bowl,Indian,145,241.53,297.82,0,0,217.0,"[2795, 433, 647, 539, 474, 594, 689, 500, 566, 593, 825, 217]",12
132,2304,Desert,Indian,145,485.03,485.03,0,0,95.0,"[41, 27, 27, 40, 134, 28, 81, 27, 28, 69, 42, 95]",12
132,2306,Pasta,Italian,145,244.5,335.62,1,0,80.0,"[68, 14, 80, 42, 42, 123, 55, 41, 69, 54, 28, 80]",12
132,2322,Beverages,Continental,145,385.15,385.15,0,0,149.0,"[149, 150, 244, 121, 26, 82, 285, 188, 162, 242, 244, 149]",12
132,2444,Seafood,Continental,144,485.03,726.53,1,0,216.0,"[40, 26, 216, 189, 27, 14, 40, 42, 15, 14, 177, 216]",12
132,2490,Salad,Italian,145,290.03,292.03,0,0,134.0,"[447, 352, 393, 324, 177, 433, 958, 460, 350, 458, 285, 134]",12
132,2492,Desert,Indian,145,389.03,387.03,0,0,15.0,"[41, 161, 42, 13, 28, 42, 81, 53, 80, 13, 42, 15]",12
132,2494,Soup,Thai,145,194.0,195.0,0,0,82.0,"[123, 122, 53, 121, 96, 161, 54, 109, 121, 189, 95, 82]",12
132,2539,Beverages,Thai,145,159.11,158.11,0,0,216.0,"[189, 95, 296, 284, 283, 215, 257, 311, 324, 270, 243, 216]",12
132,2569,Salad,Italian,145,241.53,337.56,0,1,528.0,"[244, 161, 82, 188, 203, 177, 121, 163, 176, 109, 690, 528]",12
132,2577,Starters,Thai,145,320.13,319.13,0,1,163.0,"[109, 80, 121, 175, 149, 82, 94, 68, 161, 149, 95, 163]",12
132,2581,Pizza,Continental,145,564.6,639.23,0,1,297.0,"[215, 393, 269, 176, 82, 163, 365, 823, 459, 163, 203, 297]",12
132,2631,Beverages,Indian,145,165.93,164.93,0,0,81.0,"[257, 258, 109, 135, 148, 109, 94, 53, 54, 95, 14, 81]",12
132,2640,Starters,Thai,145,321.13,320.13,0,0,54.0,"[188, 215, 69, 68, 134, 82, 176, 163, 135, 162, 189, 54]",12
132,2664,Salad,Italian,145,239.59,338.56,0,1,755.0,"[258, 203, 175, 177, 148, 285, 163, 134, 96, 190, 528, 755]",12
132,2704,Other Snacks,Thai,145,319.13,313.34,0,1,310.0,"[217, 190, 257, 420, 392, 216, 231, 189, 203, 215, 188, 310]",12
132,2707,Beverages,Italian,145,235.71,235.71,0,0,1000.0,"[689, 339, 850, 701, 906, 689, 906, 797, 433, 783, 756, 1000]",12
132,2760,Other Snacks,Thai,145,161.99,242.53,0,1,460.0,"[67, 94, 67, 82, 121, 188, 53, 109, 67, 53, 229, 460]",12
132,2826,Sandwich,Italian,145,377.33,377.33,0,0,500.0,"[635, 420, 554, 609, 581, 688, 595, 472, 783, 661, 580, 500]",12
132,2867,Seafood,Continental,145,727.53,726.53,0,0,27.0,"[28, 188, 203, 28, 26, 15, 42, 26, 27, 258, 67, 27]",12
132,2956,Fish,Continental,145,641.23,640.23,0,0,67.0,"[121, 188, 96, 40, 163, 285, 176, 163, 80, 26, 67, 67]",12
137,1062,Beverages,Italian,145,187.27,186.27,0,0,730.0,"[986, 729, 730, 742, 701, 783, 811, 553, 809, 890, 864, 730]",12
137,1109,Rice Bowl,Indian,145,301.67,303.67,0,0,1688.0,"[1714, 1041, 823, 987, 1540, 1338, 1391, 1322, 1054, 1419, 1457, 1688]",12
137,1198,Extras,Thai,145,170.75,198.85,0,0,406.0,"[393, 487, 501, 431, 485, 716, 527, 298, 486, 675, 460, 406]",12
137,1207,Beverages,Continental,145,383.15,384.15,0,0,150.0,"[136, 54, 95, 95, 53, 42, 175, 163, 123, 82, 134, 150]",12
137,1216,Pasta,Italian,145,417.13,418.13,0,0,136.0,"[149, 243, 95, 163, 135, 298, 204, 134, 150, 393, 298, 136]",12
137,1230,Beverages,Continental,145,375.39,375.39,0,0,150.0,"[149, 68, 96, 82, 14, 41, 175, 162, 68, 81, 68, 150]",12
137,1247,Biryani,Indian,145,446.23,447.23,0,0,28.0,"[27, 41, 40, 108, 69, 53, 14, 27, 13, 69, 53, 28]",12
137,1248,Beverages,Indian,145,161.99,161.99,0,0,148.0,"[350, 285, 350, 338, 148, 109, 107, 69, 82, 81, 42, 148]",12
137,1311,Extras,Thai,145,162.99,192.12,0,0,647.0,"[622, 636, 379, 715, 770, 593, 487, 258, 486, 609, 555, 647]",12
137,1438,Soup,Thai,145,194.0,195.0,0,0,121.0,"[67, 55, 81, 109, 41, 53, 108, 107, 175, 150, 150, 121]",12
137,1445,Seafood,Continental,145,727.53,728.53,0,0,28.0,"[257, 80, 54, 26, 28, 14, 41, 26, 15, 419, 163, 28]",12
137,1525,Other Snacks,Thai,145,319.13,319.13,0,0,338.0,"[350, 405, 352, 986, 959, 770, 378, 323, 377, 446, 501, 338]",12
137,1543,Desert,Indian,145,485.03,485.03,0,0,148.0,"[149, 109, 82, 324, 242, 161, 96, 107, 149, 177, 189, 148]",12
137,1558,Pizza,Continental,145,564.6,564.6,0,0,67.0,"[40, 189, 55, 122, 162, 96, 96, 648, 432, 107, 55, 67]",12
137,1571,Fish,Continental,145,640.23,639.23,0,0,134.0,"[41, 122, 150, 54, 94, 324, 190, 122, 108, 188, 81, 134]",12
137,1727,Rice Bowl,Indian,145,466.63,464.63,0,0,609.0,"[580, 3119, 1864, 1565, 418, 486, 607, 594, 418, 458, 540, 609]",12
137,1754,Sandwich,Italian,145,320.16,318.16,0,0,1162.0,"[717, 663, 432, 541, 702, 783, 1052, 863, 863, 960, 1041, 1162]",12
137,1770,Biryani,Indian,145,485.03,484.03,0,0,42.0,"[41, 55, 81, 27, 42, 41, 54, 55, 95, 68, 68, 42]",12
137,1778,Beverages,Italian,145,189.21,187.21,0,0,662.0,"[567, 689, 567, 809, 838, 919, 890, 959, 1068, 782, 1066, 662]",12
137,1803,Extras,Thai,145,206.67,206.67,0,0,512.0,"[404, 527, 472, 339, 540, 460, 404, 189, 555, 634, 432, 512]",12
137,1847,Soup,Thai,145,194.0,194.0,0,0,121.0,"[135, 122, 122, 67, 42, 81, 54, 80, 68, 96, 95, 121]",12
137,1878,Starters,Thai,145,319.13,320.13,0,0,109.0,"[108, 122, 150, 176, 94, 107, 163, 161, 108, 121, 161, 109]",12
137,1885,Beverages,Thai,145,158.14,150.41,0,1,1970.0,"[1607, 1782, 1782, 1430, 1403, 1689, 1930, 1633, 1391, 2161, 1795, 1970]",12
137,1902,Biryani,Indian,145,447.23,445.23,0,0,68.0,"[28, 41, 28, 108, 108, 162, 68, 27, 41, 41, 26, 68]",12
137,1962,Pizza,Continental,145,562.6,562.6,0,0,445.0,"[445, 755, 553, 379, 377, 391, 581, 1741, 1417, 339, 460, 445]",12
137,1971,Sandwich,Italian,145,345.35,346.35,0,0,310.0,"[284, 620, 1511, 67, 68, 242, 242, 203, 229, 244, 231, 310]",12
137,1993,Beverages,Thai,145,158.14,158.14,0,0,621.0,"[1242, 474, 1174, 1256, 1147, 1214, 1216, 1268, 1121, 1377, 1580, 621]",12
137,2104,Fish,Continental,145,639.23,640.23,0,0,53.0,"[41, 14, 68, 54, 41, 150, 122, 28, 53, 67, 95, 53]",12
137,2126,Pasta,Italian,145,484.03,485.03,0,0,55.0,"[177, 149, 134, 96, 149, 121, 122, 14, 15, 15, 55, 55]",12
137,2139,Beverages,Indian,145,283.27,282.27,0,0,81.0,"[94, 54, 53, 40, 80, 13, 108, 69, 161, 41, 67, 81]",12
137,2290,Rice Bowl,Indian,145,289.06,290.06,0,0,1417.0,"[7088, 1121, 1310, 1297, 1878, 1837, 1756, 1689, 1756, 1917, 1593, 1417]",12
137,2304,Desert,Indian,145,485.03,486.03,0,0,68.0,"[81, 80, 27, 269, 189, 175, 82, 108, 122, 121, 134, 68]",12
137,2306,Pasta,Italian,145,244.5,336.62,1,0,81.0,"[54, 27, 41, 53, 26, 41, 82, 40, 41, 26, 14, 81]",12
137,2322,Beverages,Continental,145,383.21,383.21,0,0,256.0,"[256, 339, 405, 243, 94, 80, 324, 256, 270, 107, 230, 256]",12
137,2444,Seafood,Continental,144,486.03,728.53,1,0,163.0,"[14, 14, 69, 310, 351, 42, 14, 27, 68, 42, 391, 163]",12
137,2490,Salad,Italian,145,291.03,291.03,0,0,256.0,"[338, 473, 512, 350, 297, 391, 757, 338, 202, 269, 204, 256]",12
137,2492,Desert,Indian,145,388.03,388.03,0,0,69.0,"[121, 162, 68, 109, 95, 54, 67, 109, 96, 26, 107, 69]",12
137,2494,Soup,Thai,145,196.0,196.0,0,0,122.0,"[108, 161, 123, 123, 67, 55, 69, 190, 80, 188, 121, 122]",12
137,2539,Beverages,Thai,145,156.17,158.17,0,0,690.0,"[783, 257, 634, 634, 690, 906, 1176, 973, 931, 782, 593, 690]",12
137,2569,Salad,Italian,145,242.53,339.56,0,0,689.0,"[311, 217, 393, 366, 189, 418, 283, 217, 324, 257, 837, 689]",12
137,2577,Starters,Thai,145,319.13,321.13,0,0,68.0,"[80, 135, 163, 122, 67, 108, 94, 136, 161, 134, 42, 68]",12
137,2581,Pizza,Continental,145,562.6,562.6,0,0,107.0,"[190, 378, 231, 136, 243, 203, 283, 998, 662, 215, 175, 107]",12
137,2631,Beverages,Indian,145,163.02,162.02,0,0,175.0,"[445, 404, 433, 163, 296, 258, 257, 82, 177, 202, 96, 175]",12
137,2640,Starters,Thai,145,320.13,320.13,0,0,121.0,"[243, 243, 270, 324, 297, 242, 324, 150, 243, 136, 230, 121]",12
137,2664,Salad,Italian,145,242.53,338.56,0,0,676.0,"[190, 296, 283, 217, 365, 337, 163, 162, 216, 215, 904, 676]",12
137,2704,Other Snacks,Thai,145,320.13,321.13,0,0,215.0,"[204, 285, 258, 595, 796, 527, 325, 122, 269, 190, 204, 215]",12
137,2707,Beverages,Italian,145,230.92,228.92,0,0,890.0,"[836, 393, 878, 689, 676, 1068, 987, 863, 946, 932, 931, 890]",12
137,2760,Other Snacks,Thai,145,161.99,241.53,0,1,742.0,"[150, 177, 310, 107, 136, 284, 204, 202, 203, 377, 1203, 742]",12
137,2826,Sandwich,Italian,145,379.33,378.33,0,0,852.0,"[621, 850, 701, 566, 609, 729, 566, 663, 634, 798, 757, 852]",12
137,2867,Seafood,Continental,144,486.03,728.53,1,1,177.0,"[13, 15, 55, 163, 123, 28, 68, 55, 26, 40, 162, 177]",12
137,2956,Fish,Continental,145,641.23,641.23,0,0,69.0,"[121, 162, 122, 28, 96, 217, 204, 82, 54, 121, 108, 69]",12
139,1062,Beverages,Italian,145,160.05,158.17,1,0,122.0,"[217, 298, 257, 163, 108, 108, 177, 215, 243, 216, 310, 122]",12
139,1109,Rice Bowl,Indian,145,311.43,311.43,0,0,163.0,"[500, 203, 123, 107, 161, 150, 134, 177, 96, 190, 148, 163]",12
139,1207,Beverages,Continental,145,341.47,341.47,0,0,53.0,"[95, 190, 107, 42, 94, 96, 82, 82, 135, 69, 42, 53]",12
139,1216,Pasta,Italian,144,290.03,417.13,0,0,42.0,"[26, 14, 54, 13, 28, 54, 28, 95, 41, 42, 80, 42]",12
139,1230,Beverages,Continental,145,361.87,361.87,0,0,134.0,"[53, 189, 161, 108, 42, 54, 53, 107, 175, 122, 96, 134]",12
139,1247,Biryani,Indian,142,445.23,447.23,0,0,15.0,"[27, 27, 15, 14, 14, 13, 14, 15, 13, 13, 13, 15]",12
139,1248,Beverages,Indian,145,150.41,150.41,0,0,80.0,"[41, 42, 190, 177, 54, 53, 69, 55, 42, 41, 54, 80]",12
139,1445,Seafood,Continental,145,581.03,727.53,0,0,15.0,"[27, 14, 14, 14, 13, 14, 28, 42, 14, 28, 15, 15]",12
139,1525,Other Snacks,Thai,135,319.13,321.13,0,0,13.0,"[13, 13, 15, 15, 14, 15, 13, 14, 13, 14, 13, 13]",12
139,1543,Desert,Indian,145,483.09,483.09,0,0,68.0,"[67, 41, 26, 81, 148, 81, 53, 40, 69, 94, 28, 68]",12
139,1558,Pizza,Continental,145,511.19,512.19,0,0,42.0,"[148, 244, 312, 68, 109, 15, 108, 337, 230, 148, 109, 42]",12
139,1571,Fish,Continental,124,291.03,582.03,0,0,13.0,"[27, 40, 14, 40, 15, 53, 40, 14, 15, 55, 13]",11
139,1727,Rice Bowl,Indian,145,421.95,422.95,0,0,41.0,"[379, 256, 283, 323, 310, 338, 229, 202, 107, 215, 136, 41]",12
139,1754,Sandwich,Italian,145,292.03,290.03,0,0,621.0,"[594, 580, 647, 177, 366, 608, 636, 553, 595, 608, 609, 621]",12
139,1770,Biryani,Indian,120,411.28,485.03,0,0,13.0,"[14, 14, 14, 13, 14, 14, 15, 15, 13, 15, 28, 13]",12
139,1778,Beverages,Italian,145,158.14,158.11,1,1,296.0,"[230, 136, 177, 270, 123, 177, 136, 217, 204, 202, 82, 296]",12
139,1878,Starters,Thai,145,320.13,321.13,0,0,27.0,"[13, 14, 15, 26, 26, 15, 15, 41, 40, 41, 27, 27]",12
139,1885,Beverages,Thai,145,119.34,118.34,0,0,135.0,"[270, 229, 149, 80, 81, 163, 150, 80, 285, 177, 122, 135]",12
139,1902,Biryani,Indian,131,447.23,446.23,0,0,13.0,"[14, 13, 14, 15, 13, 13, 14, 15, 13, 13, 13, 13]",12
139,1962,Pizza,Continental,145,511.19,513.19,0,0,94.0,"[134, 230, 297, 175, 26, 161, 122, 350, 108, 40, 135, 94]",12
139,1971,Sandwich,Italian,145,289.06,291.06,0,0,122.0,"[269, 217, 229, 122, 122, 175, 229, 230, 215, 150, 175, 122]",12
139,1993,Beverages,Thai,145,116.43,117.43,0,0,81.0,"[283, 150, 257, 176, 189, 229, 123, 204, 231, 177, 215, 81]",12
139,2104,Fish,Continental,125,631.53,631.53,0,0,28.0,"[14, 40, 13, 13, 13, 28]",6
139,2126,Pasta,Italian,145,436.53,484.06,0,1,27.0,"[54, 41, 42, 55, 42, 27, 27, 41, 15, 13, 42, 27]",12
139,2139,Beverages,Indian,145,276.48,277.48,0,0,28.0,"[13, 40, 28, 13, 26, 13, 27, 54, 14, 28, 27, 28]",12
139,2290,Rice Bowl,Indian,145,261.96,260.96,0,0,149.0,"[2484, 391, 256, 121, 325, 257, 243, 296, 393, 420, 392, 149]",12
139,2304,Desert,Indian,145,482.09,483.09,0,0,27.0,"[40, 40, 54, 53, 55, 42, 15, 94, 27, 53, 28, 27]",12
139,2306,Pasta,Italian,130,335.62,337.62,0,0,14.0,"[67, 40, 14, 14, 14, 28, 27, 26, 27, 15, 14, 14]",12
139,2322,Beverages,Continental,145,339.5,339.5,0,0,177.0,"[136, 123, 95, 41, 27, 53, 96, 26, 67, 109, 41, 177]",12
139,2444,Seafood,Continental,145,726.53,726.53,0,0,15.0,"[13, 27, 81, 94, 15, 42, 15, 53, 42, 13, 28, 15]",12
139,2490,Salad,Italian,145,281.36,281.36,0,0,163.0,"[310, 285, 243, 148, 190, 176, 539, 311, 244, 215, 162, 163]",12
139,2492,Desert,Indian,145,445.23,447.23,0,0,13.0,"[80, 109, 108, 54, 13, 15, 14, 15, 15, 28, 13, 13]",12
139,2539,Beverages,Thai,145,123.25,121.25,0,0,67.0,"[108, 94, 94, 80, 55, 94, 122, 149, 82, 41, 69, 67]",12
139,2569,Salad,Italian,145,244.44,323.07,0,0,555.0,"[607, 662, 512, 405, 593, 825, 607, 647, 458, 729, 593, 555]",12
139,2577,Starters,Thai,96,281.33,281.33,0,0,13.0,"[15, 13, 13]",3
139,2581,Pizza,Continental,145,513.19,513.19,0,0,163.0,"[69, 162, 175, 69, 189, 136, 175, 377, 107, 136, 96, 163]",12
139,2631,Beverages,Indian,145,155.26,155.26,0,0,27.0,"[270, 176, 82, 80, 55, 67, 135, 69, 68, 69, 42, 27]",12
139,2640,Starters,Thai,145,320.13,320.13,0,0,14.0,"[15, 67, 28, 40, 14, 14, 41, 55, 55, 26, 13, 14]",12
139,2664,Salad,Italian,145,241.56,328.86,0,0,445.0,"[782, 647, 418, 284, 621, 418, 378, 350, 283, 649, 352, 445]",12
139,2704,Other Snacks,Thai,141,319.13,319.13,0,0,42.0,"[28, 13, 13, 28, 15, 27, 40, 40, 28, 26, 42, 42]",12
139,2707,Beverages,Italian,145,207.58,207.58,0,0,162.0,"[337, 95, 270, 337, 189, 177, 136, 121, 161, 202, 80, 162]",12
139,2760,Other Snacks,Thai,142,262.93,261.93,0,0,13.0,"[53, 13, 13, 42, 53, 13, 14, 26, 15, 15, 27, 13]",12
139,2826,Sandwich,Italian,145,327.92,327.92,0,0,163.0,"[324, 270, 283, 94, 149, 121, 134, 107, 217, 136, 108, 163]",12
139,2867,Seafood,Continental,144,582.03,727.53,1,0,14.0,"[15, 40, 27, 14, 26, 14, 14]",7
143,1062,Beverages,Italian,145,152.29,155.2,1,1,175.0,"[121, 188, 188, 81, 96, 121, 107, 161, 82, 122, 176, 175]",12
143,1109,Rice Bowl,Indian,145,299.76,299.76,0,0,406.0,"[447, 217, 298, 339, 447, 324, 512, 379, 431, 433, 528, 406]",12
143,1207,Beverages,Continental,145,369.63,367.63,0,0,28.0,"[81, 41, 40, 28, 27, 13, 81, 69, 26, 41, 69, 28]",12
143,1216,Pasta,Italian,144,290.03,412.25,0,0,55.0,"[26, 41, 15, 67, 54, 41, 95, 27, 80, 67, 67, 55]",12
143,1230,Beverages,Continental,145,329.83,330.83,0,0,54.0,"[67, 54, 54, 26, 13, 13, 27, 53, 42, 54, 40, 54]",12
143,1247,Biryani,Indian,145,445.23,446.23,0,0,40.0,"[26, 27, 41, 53, 149, 28, 53, 122, 42, 40, 28, 40]",12
143,1248,Beverages,Indian,145,148.41,149.41,0,0,42.0,"[109, 40, 109, 53, 67, 40, 82, 41, 28, 54, 54, 42]",12
143,1445,Seafood,Continental,145,728.53,726.53,0,0,15.0,"[123, 258, 96, 68, 15, 54, 80, 42, 41, 55, 163, 15]",12
143,1525,Other Snacks,Thai,145,321.13,321.13,0,0,188.0,"[94, 161, 149, 378, 269, 257, 108, 244, 122, 150, 123, 188]",12
143,1543,Desert,Indian,145,484.09,482.09,0,0,55.0,"[42, 27, 14, 109, 94, 95, 68, 41, 81, 95, 55, 55]",12
143,1558,Pizza,Continental,145,547.08,547.08,0,0,28.0,"[54, 163, 230, 67, 136, 107, 69, 231, 149, 81, 136, 28]",12
143,1571,Fish,Continental,145,582.03,581.03,0,0,69.0,"[136, 176, 122, 81, 122, 215, 109, 55, 95, 67, 122, 69]",12
143,1727,Rice Bowl,Indian,145,445.23,446.23,0,0,175.0,"[148, 555, 770, 620, 229, 204, 176, 257, 204, 270, 163, 175]",12
143,1754,Sandwich,Italian,145,328.83,330.83,0,0,337.0,"[258, 474, 339, 377, 474, 285, 365, 338, 324, 283, 393, 337]",12
143,1770,Biryani,Indian,145,426.83,484.03,0,0,15.0,"[26, 28, 15, 41, 14, 26, 26, 15, 13, 27, 13, 15]",12
143,1778,Beverages,Italian,145,155.23,160.08,1,1,109.0,"[107, 109, 108, 82, 149, 95, 95, 136, 82, 203, 202, 109]",12
143,1878,Starters,Thai,145,320.13,320.13,0,0,136.0,"[121, 135, 161, 135, 96, 188, 163, 188, 188, 161, 216, 136]",12
143,1885,Beverages,Thai,145,137.74,139.74,0,0,351.0,"[271, 270, 352, 285, 338, 323, 377, 323, 405, 406, 257, 351]",12
143,1902,Biryani,Indian,145,446.23,447.23,0,0,13.0,"[27, 27, 26, 15, 13, 67, 28, 42, 40, 15, 42, 13]",12
143,1962,Pizza,Continental,145,548.08,549.08,0,0,41.0,"[121, 231, 325, 215, 176, 81, 244, 393, 257, 203, 177, 41]",12
143,1971,Sandwich,Italian,145,328.86,328.86,0,0,188.0,"[217, 163, 258, 177, 68, 285, 202, 134, 190, 134, 149, 188]",12
143,1993,Beverages,Thai,145,138.77,136.77,0,0,150.0,"[445, 161, 298, 297, 217, 460, 323, 324, 324, 431, 377, 150]",12
143,2104,Fish,Continental,145,582.03,581.03,0,0,69.0,"[55, 82, 27, 55, 69, 149, 134, 42, 108, 94, 55, 69]",12
143,2126,Pasta,Italian,144,509.31,509.31,0,0,81.0,"[81, 81, 41, 53, 94, 69, 53, 53, 82, 28, 67, 81]",12
143,2139,Beverages,Indian,145,282.33,281.33,0,0,41.0,"[15, 68, 55, 27, 15, 15, 28, 28, 27, 28, 95, 41]",12
143,2290,Rice Bowl,Indian,145,298.79,297.79,0,0,203.0,"[1970, 311, 459, 256, 433, 447, 351, 485, 514, 433, 338, 203]",12
143,2304,Desert,Indian,145,484.09,483.09,0,0,80.0,"[41, 67, 26, 41, 28, 27, 69, 27, 53, 27, 42, 80]",12
143,2306,Pasta,Italian,145,242.53,336.62,1,0,15.0,"[14, 27, 28, 42, 28, 80, 215, 41, 82, 28, 40, 15]",12
143,2322,Beverages,Continental,145,367.63,368.63,0,0,26.0,"[149, 69, 42, 28, 13, 40, 40, 54, 14, 68, 13, 26]",12
143,2444,Seafood,Continental,144,583.03,726.53,1,0,53.0,"[15, 15, 82, 161, 13, 15, 28, 15, 28, 27, 69, 53]",12
143,2490,Salad,Italian,145,292.03,291.03,0,0,149.0,"[121, 108, 136, 121, 149, 96, 297, 107, 148, 109, 148, 149]",12
143,2492,Desert,Indian,145,454.93,454.93,0,0,26.0,"[162, 121, 41, 26, 14, 27, 13, 80, 54, 27, 54, 26]",12
143,2539,Beverages,Thai,145,134.83,136.83,0,0,109.0,"[134, 80, 14, 95, 162, 175, 122, 203, 135, 177, 67, 109]",12
143,2569,Salad,Italian,145,242.5,323.07,0,0,337.0,"[163, 283, 177, 177, 202, 242, 123, 270, 256, 283, 419, 337]",12
143,2577,Starters,Thai,145,320.13,320.13,0,0,109.0,"[68, 27, 150, 82, 42, 95, 53, 81, 161, 122, 95, 109]",12
143,2581,Pizza,Continental,145,547.08,547.08,0,0,95.0,"[122, 161, 190, 80, 136, 150, 177, 175, 134, 40, 121, 95]",12
143,2631,Beverages,Indian,145,153.26,153.26,0,0,96.0,"[27, 14, 136, 41, 68, 26, 53, 42, 26, 41, 40, 96]",12
143,2640,Starters,Thai,145,320.13,319.13,0,0,27.0,"[94, 122, 121, 134, 40, 122, 216, 122, 134, 134, 82, 27]",12
143,2664,Salad,Italian,145,243.5,323.07,0,0,257.0,"[121, 162, 202, 109, 150, 284, 150, 176, 324, 67, 352, 257]",12
143,2704,Other Snacks,Thai,145,321.13,321.13,0,0,94.0,"[109, 135, 189, 501, 446, 406, 107, 229, 162, 150, 109, 94]",12
143,2707,Beverages,Italian,145,206.67,232.83,0,0,176.0,"[393, 136, 297, 231, 162, 188, 108, 161, 95, 242, 298, 176]",12
143,2760,Other Snacks,Thai,145,184.36,262.93,0,0,15.0,"[27, 96, 108, 82, 107, 80, 69, 54, 94, 123, 188, 15]",12
143,2826,Sandwich,Italian,145,325.92,327.92,0,0,244.0,"[432, 485, 339, 445, 338, 310, 501, 297, 391, 459, 231, 244]",12
143,2867,Seafood,Continental,145,726.53,728.53,0,0,14.0,"[94, 28, 54, 15, 42, 68, 27, 15, 13, 40, 82, 14]",12
143,2956,Fish,Continental,145,581.03,582.03,0,0,82.0,"[121, 55, 55, 27, 96, 189, 150, 55, 188, 28, 82, 82]",12
145,1062,Beverages,Italian,145,162.05,159.08,1,1,756.0,"[257, 512, 567, 378, 229, 269, 337, 458, 487, 770, 256, 756]",12
145,1109,Rice Bowl,Indian,145,307.49,308.49,0,0,473.0,"[932, 420, 473, 446, 527, 647, 553, 352, 351, 528, 458, 473]",12
145,1207,Beverages,Continental,145,351.17,350.17,0,0,270.0,"[217, 215, 202, 271, 109, 163, 391, 312, 283, 190, 270, 270]",12
145,1216,Pasta,Italian,145,414.25,413.25,0,0,42.0,"[13, 41, 67, 28, 53, 40, 122, 28, 41, 82, 150, 42]",12
145,1230,Beverages,Continental,145,367.63,367.63,0,0,82.0,"[150, 270, 284, 123, 107, 122, 296, 148, 162, 176, 108, 82]",12
145,1247,Biryani,Indian,145,445.23,446.23,0,0,26.0,"[14, 26, 27, 27, 13, 28, 82, 15, 41, 40, 13, 26]",12
145,1248,Beverages,Indian,145,149.41,149.41,0,0,40.0,"[175, 108, 55, 41, 107, 81, 55, 123, 27, 41, 42, 40]",12
145,1445,Seafood,Continental,145,726.53,726.53,0,0,41.0,"[297, 26, 13, 55, 26, 82, 41, 41, 54, 82, 163, 41]",12
145,1525,Other Snacks,Thai,145,320.13,320.13,0,0,15.0,"[96, 67, 40, 202, 162, 136, 54, 94, 68, 82, 68, 15]",12
145,1543,Desert,Indian,145,482.09,483.09,0,0,109.0,"[67, 26, 42, 271, 121, 67, 95, 15, 40, 107, 68, 109]",12
145,1558,Pizza,Continental,145,548.08,547.08,0,0,94.0,"[215, 285, 204, 203, 107, 135, 244, 567, 312, 175, 95, 94]",12
145,1571,Fish,Continental,134,602.43,601.43,0,0,42.0,[42],1
145,1727,Rice Bowl,Indian,145,417.1,418.1,0,0,216.0,"[485, 798, 798, 703, 420, 406, 325, 217, 270, 420, 150, 216]",12
145,1754,Sandwich,Italian,145,328.83,328.83,0,0,393.0,"[377, 431, 312, 405, 163, 297, 378, 364, 310, 447, 391, 393]",12
145,1770,Biryani,Indian,145,445.23,446.23,0,0,41.0,"[13, 69, 26, 28, 28, 26, 54, 41, 53, 15, 26, 41]",12
145,1778,Beverages,Italian,145,160.05,160.08,1,0,378.0,"[460, 323, 365, 352, 284, 366, 270, 312, 285, 446, 432, 378]",12
145,1878,Starters,Thai,145,319.13,319.13,0,0,81.0,"[81, 122, 148, 94, 68, 121, 148, 176, 80, 96, 109, 81]",12
145,1885,Beverages,Thai,145,137.74,138.74,0,0,485.0,"[419, 459, 366, 323, 296, 364, 352, 447, 378, 256, 391, 485]",12
145,1902,Biryani,Indian,143,447.23,447.23,0,0,13.0,"[27, 14, 13, 14, 13, 13, 13, 54, 80, 13, 26, 13]",12
145,1962,Pizza,Continental,145,548.08,549.08,0,0,149.0,"[175, 365, 312, 296, 190, 350, 312, 580, 555, 175, 230, 149]",12
145,1971,Sandwich,Italian,145,329.86,328.86,0,0,162.0,"[148, 162, 244, 149, 108, 189, 121, 134, 175, 204, 190, 162]",12
145,1993,Beverages,Thai,145,132.89,133.89,0,0,271.0,"[446, 217, 432, 647, 526, 622, 419, 393, 393, 485, 553, 271]",12
145,2104,Fish,Continental,131,437.53,435.53,0,0,68.0,[68],1
145,2126,Pasta,Italian,145,437.53,436.53,0,0,67.0,"[150, 55, 54, 82, 109, 107, 109, 41, 15, 95, 69, 67]",12
145,2139,Beverages,Indian,145,286.21,285.21,0,0,69.0,"[95, 53, 55, 53, 94, 41, 13, 82, 94, 122, 55, 69]",12
145,2290,Rice Bowl,Indian,145,267.75,267.75,0,0,67.0,"[3806, 931, 433, 446, 527, 567, 620, 487, 593, 541, 460, 67]",12
145,2304,Desert,Indian,145,483.09,482.09,0,0,68.0,"[14, 14, 14, 26, 150, 95, 55, 13, 40, 42, 82, 68]",12
145,2306,Pasta,Italian,145,242.53,335.62,1,0,53.0,"[13, 26, 41, 55, 67, 108, 69, 53, 42, 53, 14, 53]",12
145,2322,Beverages,Continental,145,344.35,344.35,0,0,148.0,"[229, 229, 148, 161, 149, 82, 231, 177, 242, 67, 216, 148]",12
145,2444,Seafood,Continental,145,699.43,699.43,0,0,68.0,"[53, 231, 271, 41, 40, 26, 53, 55, 68, 121, 123, 68]",12
145,2490,Salad,Italian,145,292.03,290.03,0,0,94.0,"[136, 188, 203, 163, 121, 148, 350, 229, 108, 135, 134, 94]",12
145,2492,Desert,Indian,145,456.93,454.93,0,0,41.0,"[55, 215, 81, 95, 53, 82, 13, 41, 15, 14, 13, 41]",12
145,2539,Beverages,Thai,145,134.86,135.86,0,0,339.0,"[175, 94, 161, 256, 203, 270, 243, 215, 256, 230, 202, 339]",12
145,2569,Salad,Italian,145,244.5,323.07,0,0,648.0,"[487, 365, 311, 270, 364, 445, 217, 447, 256, 690, 756, 648]",12
145,2577,Starters,Thai,145,319.13,320.13,0,0,95.0,"[41, 67, 41, 41, 53, 40, 55, 27, 41, 95, 68, 95]",12
145,2581,Pizza,Continental,145,548.08,548.08,0,0,215.0,"[148, 243, 323, 296, 204, 175, 229, 674, 539, 136, 217, 215]",12
145,2631,Beverages,Indian,145,149.44,149.44,0,0,53.0,"[203, 148, 108, 149, 96, 107, 107, 123, 149, 107, 122, 53]",12
145,2640,Starters,Thai,145,319.13,320.13,0,0,81.0,"[14, 135, 136, 149, 95, 122, 161, 148, 203, 149, 150, 81]",12
145,2664,Salad,Italian,145,244.5,301.67,0,0,419.0,"[473, 460, 148, 244, 231, 350, 297, 325, 177, 377, 744, 419]",12
145,2704,Other Snacks,Thai,145,319.13,320.13,0,0,229.0,"[123, 122, 123, 67, 325, 230, 107, 80, 95, 121, 54, 229]",12
145,2707,Beverages,Italian,145,197.88,225.1,0,0,433.0,"[215, 244, 365, 393, 323, 406, 312, 352, 379, 393, 446, 433]",12
145,2760,Other Snacks,Thai,145,184.36,260.93,0,0,41.0,"[68, 108, 54, 68, 80, 42, 28, 27, 54, 108, 82, 41]",12
145,2826,Sandwich,Italian,145,327.92,327.92,0,0,188.0,"[379, 270, 283, 458, 472, 487, 285, 364, 379, 364, 324, 188]",12
145,2867,Seafood,Continental,145,583.03,728.53,0,0,15.0,"[53, 204, 215, 42, 15, 13, 15, 53, 54, 68, 67, 15]",12
146,1062,Beverages,Italian,145,160.11,155.2,1,0,607.0,"[350, 582, 365, 607, 337, 458, 339, 393, 540, 662, 701, 607]",12
146,1109,Rice Bowl,Indian,145,300.76,298.76,0,0,755.0,"[1297, 674, 728, 932, 852, 945, 1054, 851, 971, 1093, 1026, 755]",12
146,1207,Beverages,Continental,145,358.9,358.9,0,0,107.0,"[161, 80, 107, 108, 94, 67, 203, 150, 54, 122, 80, 107]",12
146,1216,Pasta,Italian,145,418.13,416.13,0,0,96.0,"[94, 27, 150, 163, 82, 161, 188, 162, 134, 163, 176, 96]",12
146,1230,Beverages,Continental,145,368.63,367.63,0,0,28.0,"[26, 40, 55, 80, 13, 42, 67, 27, 81, 15, 27, 28]",12
146,1247,Biryani,Indian,145,445.23,445.23,0,0,40.0,"[13, 26, 55, 42, 67, 82, 27, 13, 14, 40, 26, 40]",12
146,1248,Beverages,Indian,145,149.38,150.38,0,0,108.0,"[69, 188, 230, 96, 204, 134, 162, 82, 94, 69, 80, 108]",12
146,1445,Seafood,Continental,145,727.53,726.53,0,1,81.0,"[175, 177, 28, 28, 40, 55, 53, 26, 53, 27, 162, 81]",12
146,1525,Other Snacks,Thai,145,321.13,321.13,0,0,215.0,"[161, 95, 135, 378, 324, 311, 69, 150, 136, 149, 134, 215]",12
146,1543,Desert,Indian,145,484.09,484.09,0,0,269.0,"[135, 216, 148, 244, 513, 405, 229, 204, 216, 283, 136, 269]",12
146,1558,Pizza,Continental,145,511.19,513.19,0,0,123.0,"[188, 188, 107, 107, 80, 176, 163, 298, 312, 67, 242, 123]",12
146,1571,Fish,Continental,145,581.03,582.03,0,0,108.0,"[108, 68, 161, 123, 216, 217, 215, 122, 121, 175, 203, 108]",12
146,1727,Rice Bowl,Indian,145,421.95,423.95,0,0,269.0,"[350, 892, 933, 1026, 486, 283, 406, 271, 297, 269, 297, 269]",12
146,1754,Sandwich,Italian,145,291.03,292.03,0,0,581.0,"[782, 690, 648, 567, 663, 674, 663, 771, 486, 796, 540, 581]",12
146,1770,Biryani,Indian,145,454.93,454.93,0,0,108.0,"[108, 69, 41, 53, 94, 81, 26, 54, 54, 82, 55, 108]",12
146,1778,Beverages,Italian,145,157.17,161.08,1,0,149.0,"[149, 190, 202, 285, 190, 231, 217, 243, 177, 231, 271, 149]",12
146,1878,Starters,Thai,145,307.55,306.55,0,0,312.0,"[230, 271, 350, 283, 338, 339, 352, 270, 285, 285, 257, 312]",12
146,1885,Beverages,Thai,145,117.37,118.37,0,0,339.0,"[337, 485, 352, 404, 472, 365, 324, 446, 528, 472, 446, 339]",12
146,1902,Biryani,Indian,145,445.23,445.23,0,0,41.0,"[80, 108, 81, 53, 135, 81, 41, 136, 108, 96, 67, 41]",12
146,1962,Pizza,Continental,145,512.19,513.19,0,0,177.0,"[177, 404, 215, 135, 297, 188, 323, 474, 392, 244, 177, 177]",12
146,1971,Sandwich,Italian,145,290.06,289.06,0,0,204.0,"[242, 271, 514, 229, 176, 364, 215, 366, 217, 202, 256, 204]",12
146,1993,Beverages,Thai,145,122.28,121.28,0,0,202.0,"[312, 161, 446, 352, 405, 216, 323, 257, 366, 433, 487, 202]",12
146,2104,Fish,Continental,145,583.03,581.03,0,0,176.0,"[123, 67, 108, 27, 108, 203, 108, 163, 108, 81, 188, 176]",12
146,2126,Pasta,Italian,145,436.53,509.31,0,1,108.0,"[82, 42, 55, 121, 94, 121, 53, 80, 107, 28, 15, 108]",12
146,2139,Beverages,Indian,145,292.03,290.03,0,0,54.0,"[80, 53, 80, 82, 67, 28, 41, 13, 55, 69, 109, 54]",12
146,2290,Rice Bowl,Indian,145,241.53,241.53,0,0,473.0,"[1498, 728, 636, 796, 906, 878, 918, 783, 863, 960, 918, 473]",12
146,2304,Desert,Indian,145,482.09,482.09,0,0,108.0,"[135, 82, 94, 244, 297, 283, 135, 150, 135, 150, 148, 108]",12
146,2306,Pasta,Italian,145,241.53,314.31,1,0,40.0,"[54, 27, 40, 14, 95, 27, 69, 55, 28, 54, 27, 40]",12
146,2322,Beverages,Continental,145,369.63,369.63,0,0,28.0,"[53, 54, 95, 68, 42, 55, 81, 27, 40, 28, 122, 28]",12
146,2444,Seafood,Continental,145,728.53,727.53,0,1,96.0,"[189, 55, 53, 53, 95, 27, 14, 40, 28, 40, 216, 96]",12
146,2490,Salad,Italian,145,279.36,281.36,0,0,190.0,"[256, 175, 230, 256, 162, 177, 270, 109, 94, 148, 202, 190]",12
146,2492,Desert,Indian,145,446.23,445.23,0,0,68.0,"[216, 298, 96, 134, 42, 121, 123, 82, 134, 81, 67, 68]",12
146,2539,Beverages,Thai,145,121.31,121.31,0,0,163.0,"[202, 176, 189, 257, 148, 109, 162, 148, 162, 217, 271, 163]",12
146,2569,Salad,Italian,145,243.5,338.53,0,0,485.0,"[365, 404, 297, 323, 231, 270, 257, 337, 298, 366, 526, 485]",12
146,2577,Starters,Thai,145,319.13,319.13,0,0,148.0,"[96, 231, 149, 190, 108, 242, 258, 82, 121, 188, 82, 148]",12
146,2581,Pizza,Continental,145,511.19,511.19,0,0,216.0,"[163, 257, 202, 188, 176, 216, 338, 420, 432, 136, 258, 216]",12
146,2631,Beverages,Indian,145,146.47,148.47,0,0,94.0,"[339, 310, 161, 189, 162, 189, 365, 80, 136, 69, 150, 94]",12
146,2640,Starters,Thai,145,319.13,321.13,0,0,244.0,"[270, 284, 323, 487, 404, 325, 352, 419, 446, 433, 323, 244]",12
146,2664,Salad,Italian,145,244.47,339.53,0,0,486.0,"[298, 284, 296, 283, 311, 312, 243, 325, 339, 473, 474, 486]",12
146,2704,Other Snacks,Thai,145,321.13,321.13,0,0,242.0,"[244, 285, 297, 458, 459, 499, 285, 311, 310, 243, 177, 242]",12
146,2707,Beverages,Italian,145,204.7,204.7,0,0,325.0,"[513, 392, 595, 580, 364, 634, 432, 485, 338, 365, 486, 325]",12
146,2760,Other Snacks,Thai,145,183.36,262.93,0,1,364.0,"[135, 136, 230, 95, 148, 108, 121, 202, 108, 163, 352, 364]",12
146,2826,Sandwich,Italian,145,326.92,326.92,0,0,636.0,"[350, 473, 377, 392, 418, 512, 366, 636, 797, 809, 554, 636]",12
146,2867,Seafood,Continental,145,728.53,727.53,0,1,81.0,"[202, 107, 54, 53, 13, 80, 68, 42, 42, 68, 134, 81]",12
146,2956,Fish,Continental,145,582.03,583.03,0,0,148.0,"[81, 122, 122, 135, 107, 135, 285, 190, 161, 122, 53, 148]",12
149,1062,Beverages,Italian,145,154.29,156.17,1,1,420.0,"[203, 284, 257, 269, 189, 296, 215, 217, 297, 364, 229, 420]",12
149,1109,Rice Bowl,Indian,145,311.43,311.43,0,0,150.0,"[350, 162, 217, 176, 148, 108, 121, 123, 215, 257, 163, 150]",12
149,1207,Beverages,Continental,145,367.63,368.63,0,0,14.0,"[28, 96, 95, 108, 69, 69, 123, 53, 136, 107, 55, 14]",12
149,1216,Pasta,Italian,145,412.25,413.25,0,0,41.0,"[27, 40, 28, 42, 26, 15, 68, 53, 13, 67, 69, 41]",12
149,1230,Beverages,Continental,145,357.93,359.93,0,0,204.0,"[107, 150, 94, 67, 28, 27, 95, 96, 42, 82, 109, 204]",12
149,1247,Biryani,Indian,144,447.23,446.23,0,0,13.0,"[28, 15, 15, 15, 13, 26, 13, 15, 14, 15, 15, 13]",12
149,1248,Beverages,Indian,145,143.62,142.62,0,0,54.0,"[163, 67, 53, 80, 14, 40, 40, 27, 26, 69, 68, 54]",12
149,1445,Seafood,Continental,145,726.53,728.53,0,0,15.0,"[136, 15, 28, 13, 14, 14, 40, 82, 13, 14, 41, 15]",12
149,1525,Other Snacks,Thai,144,320.13,321.13,0,0,15.0,"[28, 14, 13, 14, 14, 15, 15, 28, 13, 69, 28, 15]",12
149,1543,Desert,Indian,145,482.09,484.09,0,0,40.0,"[13, 41, 41, 148, 42, 54, 69, 69, 13, 55, 67, 40]",12
149,1558,Pizza,Continental,145,547.08,547.08,0,0,80.0,"[81, 203, 122, 94, 15, 67, 94, 162, 134, 55, 109, 80]",12
149,1727,Rice Bowl,Indian,145,396.76,447.23,0,0,121.0,"[243, 393, 499, 351, 162, 312, 188, 190, 121, 122, 162, 121]",12
149,1754,Sandwich,Italian,145,329.83,328.83,0,0,204.0,"[149, 121, 161, 136, 175, 217, 82, 216, 136, 80, 177, 204]",12
149,1770,Biryani,Indian,144,486.03,486.03,0,0,15.0,"[14, 27, 13, 15, 14, 13, 14, 15, 13, 13, 27, 15]",12
149,1778,Beverages,Italian,145,159.08,176.6,1,0,123.0,"[176, 244, 256, 150, 150, 217, 271, 188, 202, 242, 244, 123]",12
149,1878,Starters,Thai,145,320.13,319.13,0,0,13.0,"[41, 26, 27, 15, 26, 26, 15, 15, 28, 27, 53, 13]",12
149,1885,Beverages,Thai,145,134.89,132.89,0,0,487.0,"[243, 406, 217, 243, 311, 271, 231, 203, 242, 310, 298, 487]",12
149,1902,Biryani,Indian,143,446.23,446.23,0,0,14.0,"[13, 13, 13, 13, 13, 13, 13, 13, 13, 14, 15, 14]",12
149,1962,Pizza,Continental,145,549.08,548.08,0,0,55.0,"[54, 107, 162, 13, 69, 134, 190, 270, 134, 53, 134, 55]",12
149,1971,Sandwich,Italian,145,329.86,327.86,0,0,26.0,"[82, 81, 82, 27, 15, 27, 27, 14, 69, 41, 80, 26]",12
149,1993,Beverages,Thai,145,135.83,134.83,0,0,189.0,"[283, 108, 204, 215, 215, 244, 297, 338, 284, 135, 203, 189]",12
149,2126,Pasta,Italian,145,437.53,437.53,0,0,53.0,"[13, 15, 14, 13, 55, 55, 53, 13, 15, 54, 26, 53]",12
149,2139,Beverages,Indian,145,262.93,262.93,0,0,27.0,"[55, 41, 40, 41, 13, 14, 26, 27, 28, 40, 69, 27]",12
149,2290,Rice Bowl,Indian,145,299.79,297.79,0,0,53.0,"[568, 271, 190, 135, 175, 215, 121, 135, 230, 96, 269, 53]",12
149,2304,Desert,Indian,145,483.09,484.09,0,0,40.0,"[27, 55, 15, 69, 82, 69, 54, 53, 27, 68, 15, 40]",12
149,2306,Pasta,Italian,145,242.53,337.62,1,0,68.0,"[26, 26, 13, 15, 14, 13, 13, 14, 15, 13, 26, 68]",12
149,2322,Beverages,Continental,145,345.38,345.38,0,0,42.0,"[54, 96, 53, 68, 14, 81, 107, 53, 67, 55, 81, 42]",12
149,2444,Seafood,Continental,145,727.53,727.53,0,0,15.0,"[15, 26, 108, 122, 15, 14, 13, 14, 15, 41, 42, 15]",12
149,2490,Salad,Italian,145,290.03,291.03,0,0,27.0,"[55, 121, 107, 54, 80, 54, 135, 53, 81, 82, 134, 27]",12
149,2492,Desert,Indian,145,454.93,454.93,0,0,15.0,"[122, 55, 15, 15, 14, 53, 15, 42, 26, 27, 13, 15]",12
149,2539,Beverages,Thai,145,129.01,131.01,0,0,82.0,"[40, 27, 42, 53, 26, 94, 42, 68, 82, 80, 95, 82]",12
149,2569,Salad,Italian,145,246.44,305.55,0,0,445.0,"[122, 203, 190, 217, 188, 243, 188, 190, 204, 284, 499, 445]",12
149,2577,Starters,Thai,14,242.53,241.53,0,0,28.0,"[13, 27, 41, 15, 41, 41, 14, 54, 28]",9
149,2581,Pizza,Continental,145,549.08,548.08,0,0,123.0,"[82, 107, 107, 94, 27, 148, 69, 188, 230, 53, 190, 123]",12
149,2631,Beverages,Indian,145,151.38,151.38,0,0,121.0,"[203, 41, 122, 122, 42, 121, 55, 42, 149, 122, 54, 121]",12
149,2640,Starters,Thai,145,320.13,319.13,0,0,27.0,"[15, 53, 14, 13, 13, 14, 55, 40, 26, 55, 68, 27]",12
149,2664,Salad,Italian,145,238.68,321.07,0,0,378.0,"[94, 177, 231, 122, 136, 202, 134, 80, 108, 215, 377, 378]",12
149,2704,Other Snacks,Thai,145,321.13,321.13,0,0,42.0,"[69, 27, 28, 13, 42, 135, 42, 54, 53, 54, 53, 42]",12
149,2707,Beverages,Italian,145,202.76,203.76,0,0,257.0,"[163, 122, 269, 175, 134, 148, 149, 203, 150, 256, 285, 257]",12
149,2760,Other Snacks,Thai,145,183.36,261.93,0,0,40.0,"[136, 53, 15, 54, 13, 26, 55, 42, 40, 27, 53, 40]",12
149,2826,Sandwich,Italian,145,327.92,326.92,0,0,80.0,"[256, 216, 163, 176, 149, 150, 67, 109, 82, 176, 108, 80]",12
149,2867,Seafood,Continental,137,767.33,767.33,0,0,14.0,"[15, 27, 26, 15, 28, 26, 42, 26, 54, 108, 15, 14]",12
152,1062,Beverages,Italian,145,155.2,152.32,1,1,296.0,"[339, 148, 135, 163, 189, 135, 161, 149, 366, 392, 244, 296]",12
152,1109,Rice Bowl,Indian,145,310.43,309.43,0,0,621.0,"[931, 540, 526, 595, 567, 392, 756, 485, 473, 568, 566, 621]",12
152,1207,Beverages,Continental,145,369.63,367.63,0,0,14.0,"[82, 67, 123, 94, 53, 15, 26, 26, 54, 15, 54, 14]",12
152,1216,Pasta,Italian,145,417.13,418.13,0,0,81.0,"[40, 82, 81, 68, 69, 95, 96, 67, 68, 176, 150, 81]",12
152,1230,Beverages,Continental,145,367.63,369.63,0,0,27.0,"[80, 26, 55, 53, 28, 42, 80, 69, 28, 81, 69, 27]",12
152,1247,Biryani,Indian,144,445.23,447.23,0,0,13.0,"[14, 14, 42, 15, 26, 27, 41, 41, 53, 54, 28, 13]",12
152,1248,Beverages,Indian,145,155.26,154.26,0,0,28.0,"[28, 42, 269, 108, 95, 108, 163, 41, 67, 82, 54, 28]",12
152,1445,Seafood,Continental,144,583.03,728.53,1,0,42.0,"[27, 53, 26, 189, 230, 28, 53, 26, 27, 69, 96, 42]",12
152,1525,Other Snacks,Thai,145,321.13,321.13,0,0,67.0,"[95, 67, 69, 55, 121, 68, 121, 27, 55, 40, 96, 67]",12
152,1543,Desert,Indian,145,484.09,484.09,0,0,94.0,"[41, 28, 148, 217, 216, 161, 67, 53, 94, 82, 122, 94]",12
152,1558,Pizza,Continental,145,511.19,513.19,0,0,82.0,"[189, 150, 148, 108, 81, 80, 161, 296, 377, 136, 96, 82]",12
152,1571,Fish,Continental,145,582.03,582.03,0,0,54.0,"[176, 270, 68, 42, 123, 244, 231, 26, 82, 135, 96, 54]",12
152,1727,Rice Bowl,Indian,145,422.95,423.95,0,0,150.0,"[188, 499, 636, 595, 257, 231, 243, 150, 217, 298, 323, 150]",12
152,1754,Sandwich,Italian,145,283.3,282.3,0,0,433.0,"[378, 539, 636, 528, 312, 701, 526, 445, 366, 351, 297, 433]",12
152,1770,Biryani,Indian,144,484.03,484.03,0,0,54.0,"[28, 41, 40, 26, 14, 26, 13, 26, 28, 15, 15, 54]",12
152,1778,Beverages,Italian,145,161.05,149.38,1,1,163.0,"[109, 123, 177, 257, 55, 190, 136, 108, 242, 148, 243, 163]",12
152,1878,Starters,Thai,145,319.13,321.13,0,0,216.0,"[229, 378, 121, 242, 190, 216, 121, 215, 175, 202, 161, 216]",12
152,1885,Beverages,Thai,145,118.37,119.37,0,0,406.0,"[487, 391, 269, 312, 256, 392, 312, 202, 269, 188, 325, 406]",12
152,1902,Biryani,Indian,144,447.23,445.23,0,0,28.0,"[41, 14, 28, 26, 40, 27, 15, 55, 13, 95, 13, 28]",12
152,1962,Pizza,Continental,145,512.19,513.19,0,0,188.0,"[95, 188, 175, 150, 123, 242, 177, 514, 392, 190, 161, 188]",12
152,1971,Sandwich,Italian,145,289.06,290.06,0,0,135.0,"[190, 150, 269, 176, 163, 364, 271, 231, 161, 163, 217, 135]",12
152,1993,Beverages,Thai,145,120.34,119.34,0,0,162.0,"[190, 177, 311, 148, 243, 297, 258, 243, 271, 296, 312, 162]",12
152,2104,Fish,Continental,145,583.03,582.03,0,0,81.0,"[26, 162, 95, 67, 54, 55, 230, 109, 81, 68, 55, 81]",12
152,2126,Pasta,Italian,145,437.53,485.06,0,1,55.0,"[81, 80, 67, 94, 81, 55, 134, 95, 95, 53, 80, 55]",12
152,2139,Beverages,Indian,145,260.93,261.93,0,0,42.0,"[40, 15, 41, 13, 40, 42, 69, 40, 26, 14, 69, 42]",12
152,2290,Rice Bowl,Indian,145,216.31,253.17,0,0,162.0,"[4766, 379, 540, 501, 580, 769, 607, 595, 513, 594, 553, 162]",12
152,2304,Desert,Indian,145,482.09,484.09,0,0,82.0,"[80, 26, 80, 230, 95, 95, 15, 54, 81, 41, 55, 82]",12
152,2306,Pasta,Italian,145,254.14,337.62,1,0,53.0,"[28, 41, 41, 26, 15, 40, 53, 14, 27, 26, 15, 53]",12
152,2322,Beverages,Continental,145,367.63,369.63,0,0,13.0,"[27, 95, 67, 42, 27, 14, 41, 28, 54, 26, 42, 13]",12
152,2444,Seafood,Continental,145,728.53,727.53,0,0,26.0,"[55, 13, 26, 69, 41, 28, 14, 28, 15, 55, 95, 26]",12
152,2490,Salad,Italian,145,187.24,280.36,0,0,40.0,"[176, 123, 149, 202, 95, 215, 270, 204, 123, 108, 69, 40]",12
152,2492,Desert,Indian,145,447.23,445.23,0,0,54.0,"[217, 94, 122, 67, 82, 67, 28, 55, 26, 40, 95, 54]",12
152,2539,Beverages,Thai,145,121.28,121.28,0,0,121.0,"[257, 107, 175, 188, 80, 69, 109, 14, 68, 135, 67, 121]",12
152,2569,Salad,Italian,145,244.5,331.74,0,0,393.0,"[177, 243, 243, 231, 339, 188, 229, 257, 351, 285, 850, 393]",12
152,2577,Starters,Thai,145,319.13,319.13,0,0,41.0,"[108, 40, 107, 81, 55, 108, 95, 82, 55, 82, 94, 41]",12
152,2581,Pizza,Continental,145,512.19,513.19,0,0,121.0,"[161, 176, 175, 28, 108, 148, 136, 366, 526, 135, 96, 121]",12
152,2631,Beverages,Indian,145,146.5,147.5,0,0,27.0,"[69, 298, 176, 40, 189, 80, 231, 107, 53, 42, 69, 27]",12
152,2640,Starters,Thai,145,320.13,320.13,0,0,108.0,"[202, 149, 55, 123, 161, 135, 123, 215, 149, 134, 109, 108]",12
152,2664,Salad,Italian,145,243.47,340.53,0,0,420.0,"[229, 216, 269, 189, 122, 150, 136, 188, 40, 258, 555, 420]",12
152,2704,Other Snacks,Thai,145,319.13,320.13,0,0,94.0,"[148, 54, 150, 163, 231, 203, 256, 121, 230, 122, 258, 94]",12
152,2707,Beverages,Italian,145,200.82,200.82,0,0,148.0,"[176, 123, 311, 190, 351, 204, 296, 189, 256, 310, 216, 148]",12
152,2760,Other Snacks,Thai,145,183.36,260.93,0,1,242.0,"[40, 80, 53, 81, 96, 53, 68, 94, 67, 68, 244, 242]",12
152,2826,Sandwich,Italian,145,326.92,327.92,0,0,298.0,"[135, 229, 271, 285, 284, 285, 231, 351, 391, 190, 379, 298]",12
152,2867,Seafood,Continental,145,727.53,726.53,0,0,55.0,"[231, 55, 28, 68, 40, 81, 28, 26, 14, 54, 40, 55]",12
152,2956,Fish,Continental,145,583.03,581.03,0,0,54.0,"[94, 109, 81, 81, 69, 54, 122, 54]",8
153,1062,Beverages,Italian,145,190.15,190.15,0,0,350.0,"[500, 648, 406, 323, 404, 445, 487, 593, 392, 513, 527, 350]",12
153,1109,Rice Bowl,Indian,145,280.39,278.39,0,0,527.0,"[825, 595, 459, 379, 796, 594, 674, 541, 487, 798, 701, 527]",12
153,1198,Extras,Thai,145,194.03,226.01,0,0,95.0,"[82, 150, 148, 67, 95, 162, 296, 96, 175, 94, 121, 95]",12
153,1207,Beverages,Continental,145,377.39,376.39,0,0,81.0,"[109, 96, 188, 148, 42, 41, 134, 95, 68, 94, 67, 81]",12
153,1216,Pasta,Italian,145,436.56,434.56,0,0,54.0,"[41, 68, 80, 41, 41, 41, 67, 69, 108, 94, 94, 54]",12
153,1230,Beverages,Continental,145,388.0,388.0,0,0,149.0,"[67, 135, 54, 94, 42, 41, 148, 54, 107, 123, 40, 149]",12
153,1247,Biryani,Indian,144,447.23,447.23,0,0,13.0,"[13, 15, 15, 55, 53, 28, 27, 15, 26, 28, 13, 13]",12
153,1248,Beverages,Indian,145,164.93,163.93,0,0,68.0,"[338, 94, 82, 109, 80, 81, 121, 41, 54, 42, 40, 68]",12
153,1311,Extras,Thai,145,169.75,209.55,0,0,163.0,"[175, 216, 149, 190, 298, 96, 134, 148, 244, 122, 175, 163]",12
153,1438,Soup,Thai,145,195.0,195.0,0,0,107.0,"[69, 94, 27, 81, 96, 82, 122, 14, 123, 109, 96, 107]",12
153,1445,Seafood,Continental,144,486.03,728.53,1,0,94.0,"[15, 53, 42, 13, 80, 162, 14, 42, 13, 13, 176, 94]",12
153,1525,Other Snacks,Thai,145,319.13,320.13,0,0,136.0,"[121, 162, 123, 296, 202, 175, 243, 81, 163, 53, 202, 136]",12
153,1543,Desert,Indian,145,484.03,486.03,0,0,122.0,"[80, 42, 67, 161, 271, 96, 109, 69, 94, 96, 54, 122]",12
153,1558,Pizza,Continental,145,562.6,563.6,0,0,53.0,"[94, 163, 42, 95, 69, 134, 109, 215, 325, 54, 68, 53]",12
153,1571,Fish,Continental,145,639.23,641.23,0,0,28.0,"[53, 136, 67, 40, 136, 136, 283, 122, 41, 15, 108, 28]",12
153,1727,Rice Bowl,Indian,145,466.63,464.63,0,0,338.0,"[432, 1229, 1067, 1148, 433, 364, 460, 392, 458, 593, 323, 338]",12
153,1754,Sandwich,Italian,145,319.16,320.16,0,0,771.0,"[580, 863, 161, 539, 458, 689, 864, 621, 460, 513, 716, 771]",12
153,1770,Biryani,Indian,145,486.03,486.03,0,0,26.0,"[40, 54, 14, 40, 13, 42, 15, 28, 13, 14, 41, 26]",12
153,1778,Beverages,Italian,145,191.09,192.09,0,0,215.0,"[419, 460, 323, 269, 258, 365, 393, 298, 284, 297, 297, 215]",12
153,1803,Extras,Thai,145,190.18,227.01,0,0,122.0,"[175, 311, 163, 82, 149, 270, 136, 122, 162, 95, 122, 122]",12
153,1847,Soup,Thai,145,194.0,195.0,0,0,54.0,"[148, 55, 55, 54, 40, 96, 134, 27, 81, 54, 81, 54]",12
153,1878,Starters,Thai,145,321.13,320.13,0,0,42.0,"[67, 81, 161, 40, 82, 54, 95, 94, 81, 53, 69, 42]",12
153,1885,Beverages,Thai,145,159.11,160.11,0,0,622.0,"[539, 863, 717, 568, 635, 675, 824, 501, 392, 365, 635, 622]",12
153,1902,Biryani,Indian,145,446.23,447.23,0,0,53.0,"[41, 68, 15, 15, 40, 69, 54, 15, 26, 40, 42, 53]",12
153,1962,Pizza,Continental,145,564.6,562.6,0,0,161.0,"[134, 311, 310, 230, 177, 175, 189, 609, 499, 136, 215, 161]",12
153,1971,Sandwich,Italian,145,345.35,346.35,0,0,123.0,"[230, 338, 243, 80, 136, 217, 419, 121, 231, 134, 243, 123]",12
153,1993,Beverages,Thai,145,158.14,158.14,0,0,121.0,"[176, 81, 338, 177, 391, 325, 404, 242, 377, 325, 419, 121]",12
153,2126,Pasta,Italian,145,484.03,484.03,0,0,68.0,"[54, 96, 94, 41, 69, 26, 42, 81, 28, 13, 40, 68]",12
153,2139,Beverages,Indian,145,291.03,290.03,0,0,54.0,"[41, 40, 53, 13, 26, 14, 107, 42, 54, 41, 80, 54]",12
153,2290,Rice Bowl,Indian,145,290.09,289.09,0,0,406.0,"[1756, 620, 701, 446, 580, 863, 771, 690, 622, 647, 527, 406]",12
153,2304,Desert,Indian,145,484.03,486.03,0,0,28.0,"[54, 69, 69, 121, 177, 107, 27, 27, 67, 69, 55, 28]",12
153,2306,Pasta,Italian,145,256.08,336.62,1,0,94.0,"[28, 27, 67, 28, 40, 14, 40, 69, 28, 69, 53, 94]",12
153,2322,Beverages,Continental,145,390.0,390.0,0,0,122.0,"[94, 121, 40, 42, 41, 68, 229, 55, 109, 42, 109, 122]",12
153,2444,Seafood,Continental,145,726.53,726.53,0,0,15.0,"[189, 148, 28, 69, 26, 67, 26, 67, 28, 285, 121, 15]",12
153,2490,Salad,Italian,145,290.03,292.03,0,0,177.0,"[202, 445, 338, 190, 270, 257, 676, 190, 216, 202, 242, 177]",12
153,2492,Desert,Indian,145,388.03,387.03,0,0,80.0,"[149, 108, 107, 162, 148, 41, 109, 94, 27, 42, 42, 80]",12
153,2494,Soup,Thai,145,195.0,194.0,0,0,68.0,"[53, 94, 107, 53, 95, 109, 82, 40, 67, 40, 27, 68]",12
153,2539,Beverages,Thai,145,158.14,157.14,0,0,148.0,"[150, 108, 109, 134, 109, 80, 121, 242, 189, 216, 122, 148]",12
153,2569,Salad,Italian,145,245.44,338.56,0,0,419.0,"[311, 271, 136, 163, 190, 217, 257, 256, 243, 284, 554, 419]",12
153,2577,Starters,Thai,145,319.13,321.13,0,0,108.0,"[42, 28, 69, 94, 69, 136, 121, 54, 69, 81, 94, 108]",12
153,2581,Pizza,Continental,145,564.6,562.6,0,0,175.0,"[109, 269, 270, 68, 161, 69, 69, 406, 324, 109, 67, 175]",12
153,2631,Beverages,Indian,145,163.99,161.99,0,0,123.0,"[553, 242, 204, 162, 122, 135, 109, 67, 68, 80, 53, 123]",12
153,2640,Starters,Thai,145,319.13,321.13,0,0,14.0,"[121, 122, 80, 134, 123, 95, 96, 40, 69, 80, 53, 14]",12
153,2664,Salad,Italian,145,253.2,338.56,0,0,500.0,"[242, 296, 189, 134, 311, 296, 258, 229, 258, 323, 998, 500]",12
153,2704,Other Snacks,Thai,145,319.13,320.13,0,0,41.0,"[54, 95, 55, 53, 203, 107, 53, 108, 81, 53, 82, 41]",12
153,2707,Beverages,Italian,145,238.65,237.65,0,0,472.0,"[420, 269, 540, 352, 432, 526, 474, 514, 486, 459, 595, 472]",12
153,2760,Other Snacks,Thai,145,161.99,243.53,0,0,54.0,"[41, 41, 67, 81, 53, 28, 14, 13, 82, 40, 68, 54]",12
153,2826,Sandwich,Italian,145,377.33,377.33,0,0,135.0,"[296, 378, 230, 203, 460, 283, 285, 258, 258, 284, 258, 135]",12
153,2867,Seafood,Continental,145,728.53,727.53,0,0,54.0,"[163, 14, 15, 40, 13, 26, 27, 13, 14, 189, 95, 54]",12
153,2956,Fish,Continental,145,639.23,640.23,0,0,14.0,"[55, 54, 108, 42, 108, 204, 149, 54, 69, 41, 67, 14]",12
157,1062,Beverages,Italian,145,148.44,155.23,1,1,622.0,"[350, 513, 460, 311, 352, 366, 352, 404, 607, 472, 460, 622]",12
157,1109,Rice Bowl,Indian,145,310.43,309.43,0,0,378.0,"[648, 325, 269, 269, 298, 325, 458, 297, 243, 528, 298, 378]",12
157,1207,Beverages,Continental,145,341.47,341.47,0,0,55.0,"[68, 108, 150, 135, 69, 26, 95, 108, 67, 96, 40, 55]",12
157,1216,Pasta,Italian,145,421.95,423.95,0,0,54.0,"[40, 82, 14, 55, 81, 67, 96, 80, 53, 148, 96, 54]",12
157,1230,Beverages,Continental,145,357.93,357.93,0,0,80.0,"[108, 148, 121, 122, 81, 53, 80, 107, 148, 54, 55, 80]",12
157,1247,Biryani,Indian,143,446.23,446.23,0,0,14.0,"[14, 13, 26, 13, 55, 15, 27, 15, 15, 13, 15, 14]",12
157,1248,Beverages,Indian,145,154.26,155.26,0,0,13.0,"[257, 121, 54, 94, 15, 69, 42, 67, 27, 42, 27, 13]",12
157,1445,Seafood,Continental,145,728.53,728.53,0,0,15.0,"[204, 123, 27, 27, 27, 69, 15, 54, 26, 163, 107, 15]",12
157,1525,Other Snacks,Thai,144,320.13,320.13,0,0,42.0,"[55, 26, 41, 26, 95, 108, 108, 40, 94, 13, 82, 42]",12
157,1543,Desert,Indian,145,482.09,484.09,0,0,55.0,"[42, 42, 28, 190, 80, 67, 55, 69, 69, 68, 42, 55]",12
157,1558,Pizza,Continental,145,511.19,512.19,0,0,122.0,"[150, 337, 350, 81, 108, 123, 242, 526, 338, 108, 150, 122]",12
157,1571,Fish,Continental,145,581.03,581.03,0,0,162.0,"[80, 148, 150, 40, 80, 149, 215, 162, 68, 108, 177, 162]",12
157,1727,Rice Bowl,Indian,145,384.12,384.12,0,0,352.0,"[406, 242, 528, 539, 634, 284, 271, 190, 81, 378, 204, 352]",12
157,1754,Sandwich,Italian,145,282.33,280.33,0,0,621.0,"[501, 674, 662, 499, 298, 703, 528, 568, 324, 580, 404, 621]",12
157,1770,Biryani,Indian,144,454.93,455.93,0,0,13.0,"[14, 28, 41, 27, 13, 26, 14, 107, 15, 28, 15, 13]",12
157,1778,Beverages,Italian,145,155.23,151.38,1,0,285.0,"[177, 203, 108, 94, 149, 204, 149, 161, 161, 229, 150, 285]",12
157,1878,Starters,Thai,145,319.13,319.13,0,0,188.0,"[107, 162, 204, 135, 150, 81, 54, 55, 121, 80, 135, 188]",12
157,1885,Beverages,Thai,145,119.37,117.37,0,1,419.0,"[568, 513, 580, 325, 393, 528, 339, 325, 406, 540, 917, 419]",12
157,1902,Biryani,Indian,144,445.23,445.23,0,0,15.0,"[14, 26, 28, 13, 67, 14, 15, 27, 40, 26, 14, 15]",12
157,1962,Pizza,Continental,145,512.19,511.19,0,0,216.0,"[244, 298, 392, 203, 284, 256, 177, 782, 594, 229, 215, 216]",12
157,1971,Sandwich,Italian,145,289.12,287.12,0,0,460.0,"[446, 323, 675, 377, 379, 501, 392, 418, 229, 339, 325, 460]",12
157,1993,Beverages,Thai,145,118.34,118.34,0,0,134.0,"[541, 190, 324, 257, 404, 458, 323, 325, 296, 269, 393, 134]",12
157,2104,Fish,Continental,145,582.03,583.03,0,0,81.0,"[95, 121, 80, 81, 55, 148, 176, 108, 80, 135, 96, 81]",12
157,2126,Pasta,Italian,144,507.31,508.31,0,0,13.0,"[55, 26, 42, 41, 54, 13, 41, 28, 40, 13, 69, 13]",12
157,2139,Beverages,Indian,145,294.91,295.91,0,0,40.0,"[13, 54, 94, 40, 15, 14, 27, 13, 26, 14, 54, 40]",12
157,2290,Rice Bowl,Indian,145,259.96,259.96,0,0,189.0,"[5577, 2983, 541, 513, 539, 445, 445, 486, 325, 432, 337, 189]",12
157,2304,Desert,Indian,145,483.09,484.09,0,0,28.0,"[28, 13, 27, 15, 82, 27, 40, 42, 27, 15, 42, 28]",12
157,2306,Pasta,Italian,145,241.53,354.05,1,0,28.0,"[14, 13, 28, 28, 14, 55, 80, 68, 27, 40, 13, 28]",12
157,2322,Beverages,Continental,145,349.23,349.23,0,0,108.0,"[109, 162, 122, 123, 15, 95, 94, 122, 42, 68, 94, 108]",12
157,2444,Seafood,Continental,145,728.53,726.53,0,0,15.0,"[41, 96, 134, 27, 41, 54, 81, 13, 27, 136, 123, 15]",12
157,2490,Salad,Italian,145,280.36,279.36,0,0,136.0,"[189, 270, 270, 161, 190, 175, 540, 149, 108, 257, 136, 136]",12
157,2492,Desert,Indian,145,446.23,447.23,0,0,26.0,"[96, 69, 69, 55, 27, 82, 26, 14, 55, 14, 27, 26]",12
157,2539,Beverages,Thai,145,122.25,121.25,0,0,14.0,"[96, 67, 54, 53, 123, 96, 28, 95, 148, 53, 81, 14]",12
157,2569,Salad,Italian,145,244.5,284.24,0,0,377.0,"[271, 217, 122, 149, 242, 122, 94, 136, 109, 242, 622, 377]",12
157,2581,Pizza,Continental,145,511.19,511.19,0,0,109.0,"[122, 269, 122, 67, 68, 123, 188, 526, 324, 148, 135, 109]",12
157,2631,Beverages,Indian,145,147.44,149.44,0,0,69.0,"[311, 136, 161, 107, 107, 95, 96, 41, 15, 80, 82, 69]",12
157,2640,Starters,Thai,145,320.13,320.13,0,0,95.0,"[108, 135, 108, 177, 109, 188, 123, 134, 121, 149, 148, 95]",12
157,2664,Salad,Italian,145,244.5,338.53,0,0,339.0,"[27, 68, 81, 67, 53, 215, 107, 135, 230, 94, 688, 339]",12
157,2704,Other Snacks,Thai,145,320.13,320.13,0,0,82.0,"[13, 14, 81, 54, 176, 190, 94, 26, 41, 26, 27, 82]",12
157,2707,Beverages,Italian,145,188.21,187.21,0,0,202.0,"[230, 136, 257, 419, 270, 217, 203, 406, 135, 338, 406, 202]",12
157,2760,Other Snacks,Thai,145,197.88,261.93,0,0,67.0,"[40, 42, 26, 67, 54, 40, 13, 14, 67, 53, 96, 67]",12
157,2826,Sandwich,Italian,145,325.92,325.92,0,0,136.0,"[243, 162, 176, 406, 270, 337, 352, 271, 244, 243, 243, 136]",12
157,2867,Seafood,Continental,145,726.53,728.53,0,0,14.0,"[27, 67, 13, 40, 94, 95, 40, 13, 13, 41, 41, 14]",12
157,2956,Fish,Continental,145,582.03,582.03,0,0,95.0,"[122, 41, 41, 82, 41, 217, 108, 123, 42, 68, 68, 95]",12
161,1062,Beverages,Italian,145,161.05,151.38,1,0,175.0,"[149, 149, 176, 134, 150, 163, 216, 176, 148, 163, 243, 175]",12
161,1109,Rice Bowl,Indian,145,291.0,293.0,0,0,459.0,"[420, 202, 162, 216, 244, 351, 296, 377, 391, 323, 432, 459]",12
161,1207,Beverages,Continental,145,345.38,343.38,0,0,42.0,"[15, 68, 81, 27, 82, 41, 13, 42, 40, 15, 14, 42]",12
161,1216,Pasta,Italian,145,417.13,416.13,0,0,15.0,"[28, 27, 15, 27, 27, 26, 54, 26, 15, 55, 27, 15]",12
161,1230,Beverages,Continental,144,368.63,369.63,0,0,13.0,"[67, 42, 14, 15, 14, 28, 28, 41, 26, 53, 55, 13]",12
161,1247,Biryani,Indian,144,446.23,445.23,0,0,14.0,"[15, 13, 27, 15, 15, 14, 55, 28, 15, 26, 15, 14]",12
161,1248,Beverages,Indian,145,154.26,155.26,0,0,14.0,"[68, 13, 27, 26, 28, 14, 14, 27, 14, 15, 67, 14]",12
161,1445,Seafood,Continental,144,581.03,727.53,1,0,28.0,"[68, 94, 298, 26, 41, 41, 14, 55, 26, 41, 53, 28]",12
161,1525,Other Snacks,Thai,145,321.13,321.13,0,0,27.0,"[148, 150, 67, 161, 82, 82, 53, 95, 81, 41, 80, 27]",12
161,1543,Desert,Indian,145,483.09,482.09,0,0,14.0,"[28, 28, 27, 108, 123, 69, 27, 55, 13, 54, 69, 14]",12
161,1558,Pizza,Continental,145,512.19,511.19,0,0,68.0,"[14, 80, 41, 54, 54, 54, 107, 350, 121, 53, 27, 68]",12
161,1571,Fish,Continental,145,583.03,582.03,0,0,109.0,"[42, 82, 96, 150, 41, 95, 189, 109, 163, 108, 123, 109]",12
161,1727,Rice Bowl,Indian,145,422.95,422.95,0,0,134.0,"[109, 499, 649, 729, 298, 204, 323, 243, 95, 134, 107, 134]",12
161,1754,Sandwich,Italian,145,292.03,291.03,0,0,311.0,"[243, 472, 391, 244, 188, 271, 391, 242, 473, 472, 298, 311]",12
161,1770,Biryani,Indian,144,485.03,484.03,0,0,13.0,"[13, 13, 41, 13, 15, 28, 14, 14, 15, 14, 15, 13]",12
161,1778,Beverages,Italian,145,161.08,155.26,1,1,163.0,"[95, 27, 28, 55, 107, 94, 108, 108, 134, 162, 55, 163]",12
161,1878,Starters,Thai,145,320.13,320.13,0,0,95.0,"[95, 28, 67, 54, 109, 109, 94, 81, 163, 204, 175, 95]",12
161,1885,Beverages,Thai,145,120.31,119.31,0,0,473.0,"[337, 474, 230, 257, 352, 377, 472, 555, 405, 377, 474, 473]",12
161,1902,Biryani,Indian,145,447.23,445.23,0,0,14.0,"[26, 13, 13, 40, 26, 13, 14, 13, 13, 26, 28, 14]",12
161,1962,Pizza,Continental,145,511.19,512.19,0,0,177.0,"[202, 216, 163, 204, 134, 96, 149, 460, 296, 41, 81, 177]",12
161,1971,Sandwich,Italian,145,290.06,291.06,0,0,215.0,"[189, 149, 123, 82, 136, 204, 162, 163, 163, 204, 134, 215]",12
161,1993,Beverages,Thai,145,120.34,120.34,0,0,136.0,"[377, 230, 393, 283, 419, 256, 297, 419, 150, 392, 446, 136]",12
161,2104,Fish,Continental,145,582.03,582.03,0,0,40.0,"[13, 15, 27, 55, 28, 81, 69, 42, 53, 41, 81, 40]",12
161,2126,Pasta,Italian,145,454.96,508.31,0,0,54.0,"[80, 28, 40, 13, 54, 28, 28, 81, 69, 26, 14, 54]",12
161,2139,Beverages,Indian,145,292.03,291.03,0,0,15.0,"[14, 68, 15, 55, 14, 41, 14, 14, 26, 26, 26, 15]",12
161,2290,Rice Bowl,Indian,145,259.96,259.96,0,0,177.0,"[2267, 391, 258, 149, 270, 283, 296, 392, 177, 338, 445, 177]",12
161,2304,Desert,Indian,145,483.09,482.09,0,0,42.0,"[14, 27, 14, 42, 53, 28, 15, 41, 26, 26, 54, 42]",12
161,2306,Pasta,Italian,145,241.53,336.62,1,0,42.0,"[14, 40, 27, 55, 13, 28, 28, 13, 13, 28, 15, 42]",12
161,2322,Beverages,Continental,145,339.5,341.5,0,0,82.0,"[41, 107, 41, 26, 27, 41, 68, 55, 40, 82, 41, 82]",12
161,2444,Seafood,Continental,145,727.53,726.53,0,0,15.0,"[13, 54, 15, 40, 27, 14, 27, 28, 15, 42, 53, 15]",12
161,2490,Salad,Italian,145,280.36,279.36,0,0,40.0,"[107, 67, 108, 163, 82, 108, 107, 96, 122, 41, 27, 40]",12
161,2492,Desert,Indian,145,445.23,446.23,0,0,69.0,"[109, 27, 41, 28, 27, 27, 26, 55, 55, 68, 28, 69]",12
161,2539,Beverages,Thai,145,120.31,121.31,0,0,108.0,"[202, 135, 150, 203, 148, 324, 176, 162, 107, 123, 188, 108]",12
161,2569,Salad,Italian,145,244.5,339.53,0,0,122.0,"[41, 68, 42, 80, 95, 82, 96, 122, 41, 54, 339, 122]",12
161,2577,Starters,Thai,145,319.13,321.13,0,0,107.0,"[68, 41, 80, 67, 68, 40, 135, 149, 122, 15, 121, 107]",12
161,2581,Pizza,Continental,145,512.19,513.19,0,0,55.0,"[54, 80, 69, 107, 27, 80, 109, 258, 163, 81, 81, 55]",12
161,2631,Beverages,Indian,145,150.41,150.41,0,0,95.0,"[14, 40, 14, 53, 82, 26, 28, 69, 54, 26, 41, 95]",12
161,2640,Starters,Thai,145,321.13,320.13,0,0,107.0,"[161, 162, 95, 177, 94, 163, 148, 204, 216, 244, 244, 107]",12
161,2664,Salad,Italian,145,246.41,338.53,0,0,204.0,"[67, 67, 82, 135, 53, 81, 67, 40, 40, 122, 203, 204]",12
161,2704,Other Snacks,Thai,145,319.13,319.13,0,0,69.0,"[258, 202, 134, 229, 296, 256, 188, 149, 161, 188, 175, 69]",12
161,2707,Beverages,Italian,145,192.06,194.06,0,0,258.0,"[176, 190, 189, 229, 229, 297, 202, 324, 230, 176, 148, 258]",12
161,2760,Other Snacks,Thai,145,182.36,260.93,0,0,134.0,"[27, 13, 28, 69, 95, 28, 26, 80, 80, 150, 135, 134]",12
161,2826,Sandwich,Italian,145,325.92,326.92,0,0,217.0,"[269, 271, 136, 339, 230, 202, 229, 271, 215, 243, 364, 217]",12
161,2867,Seafood,Continental,145,727.53,728.53,0,0,27.0,"[67, 27, 14, 53, 13, 14, 55, 15, 14, 67, 42, 27]",12
162,1062,Beverages,Italian,145,160.05,158.17,1,0,95.0,"[150, 175, 80, 135, 95, 108, 162, 40, 96, 243, 148, 95]",12
162,1109,Rice Bowl,Indian,145,309.43,331.8,0,1,190.0,"[135, 67, 95, 40, 67, 95, 135, 107, 42, 163, 95, 190]",12
162,1207,Beverages,Continental,145,369.63,367.63,0,0,122.0,"[107, 55, 123, 150, 26, 42, 80, 136, 54, 121, 136, 122]",12
162,1216,Pasta,Italian,144,292.03,418.13,0,0,13.0,"[14, 13, 55, 13, 26, 15, 27, 122, 13, 15, 28, 13]",12
162,1230,Beverages,Continental,145,351.2,349.2,0,0,134.0,"[135, 177, 42, 177, 122, 161, 190, 242, 163, 269, 216, 134]",12
162,1247,Biryani,Indian,144,447.23,447.23,0,0,15.0,"[26, 15, 14, 14, 15, 13, 26, 27, 28, 14, 28, 15]",12
162,1248,Beverages,Indian,43,95.06,98.0,0,1,54.0,"[26, 526, 364, 54]",4
162,1445,Seafood,Continental,144,582.03,727.53,1,0,14.0,"[14, 109, 26, 15, 28, 15, 81, 15, 28, 13, 28, 14]",12
162,1525,Other Snacks,Thai,144,320.13,319.13,0,0,15.0,"[26, 15, 13, 27, 14, 15, 13, 13, 14, 14, 27, 15]",12
162,1543,Desert,Indian,145,484.09,482.09,0,0,134.0,"[67, 69, 107, 121, 42, 163, 94, 95, 107, 81, 122, 134]",12
162,1558,Pizza,Continental,145,512.19,513.19,0,0,161.0,"[150, 404, 229, 162, 269, 202, 189, 298, 26, 163, 134, 161]",12
162,1727,Rice Bowl,Indian,145,398.7,397.7,0,0,202.0,"[366, 337, 204, 269, 108, 365, 188, 108, 283, 244, 82, 202]",12
162,1754,Sandwich,Italian,145,292.03,290.03,0,0,690.0,"[717, 879, 662, 701, 608, 960, 879, 661, 528, 688, 904, 690]",12
162,1770,Biryani,Indian,143,486.03,486.03,0,0,13.0,"[13, 26, 14, 13, 13, 13, 13, 28, 41, 14, 26, 13]",12
162,1778,Beverages,Italian,143,162.99,161.99,0,0,13.0,"[67, 149, 82, 69, 54, 134, 68, 42, 41, 40, 95, 13]",12
162,1878,Starters,Thai,145,319.13,320.13,0,0,14.0,"[42, 27, 26, 15, 42, 14, 13, 13, 28, 28, 13, 14]",12
162,1885,Beverages,Thai,145,120.34,120.34,0,0,55.0,"[109, 122, 53, 109, 82, 67, 95, 68, 69, 80, 54, 55]",12
162,1902,Biryani,Indian,145,447.23,447.23,0,0,14.0,"[13, 14, 15, 14, 15, 14, 13, 15, 15, 13, 26, 14]",12
162,1962,Pizza,Continental,145,512.19,511.19,0,0,231.0,"[177, 271, 283, 80, 94, 175, 231, 163, 216, 135, 109, 231]",12
162,1971,Sandwich,Italian,145,290.06,289.06,0,0,312.0,"[323, 514, 365, 244, 149, 230, 230, 149, 258, 351, 487, 312]",12
162,1993,Beverages,Thai,145,118.34,119.34,0,0,54.0,"[95, 53, 96, 95, 80, 135, 82, 108, 96, 96, 82, 54]",12
162,2126,Pasta,Italian,144,471.42,473.42,0,0,26.0,"[42, 15, 54, 15, 14, 27, 14, 13, 55, 13, 15, 26]",12
162,2139,Beverages,Indian,145,285.18,285.18,0,0,81.0,"[14, 13, 13, 28, 41, 54, 14, 41, 54, 41, 55, 81]",12
162,2290,Rice Bowl,Indian,145,259.96,259.96,0,0,202.0,"[755, 269, 324, 149, 460, 432, 365, 202, 310, 377, 419, 202]",12
162,2304,Desert,Indian,145,484.09,482.09,0,0,27.0,"[28, 14, 27, 27, 40, 69, 55, 40, 27, 55, 40, 27]",12
162,2306,Pasta,Italian,145,264.81,290.03,1,0,53.0,"[15, 13, 40, 27, 15, 14, 54, 13, 26, 81, 14, 53]",12
162,2322,Beverages,Continental,145,367.63,368.63,0,0,80.0,"[108, 177, 122, 163, 54, 14, 150, 134, 81, 81, 134, 80]",12
162,2444,Seafood,Continental,144,581.03,727.53,1,0,41.0,"[14, 15, 13, 15, 28, 42, 14, 15, 28, 13, 28, 41]",12
162,2490,Salad,Italian,145,281.36,281.36,0,0,162.0,"[257, 339, 337, 215, 150, 366, 528, 162, 150, 162, 297, 162]",12
162,2492,Desert,Indian,133,290.03,290.03,0,0,13.0,"[67, 109, 41, 136, 284, 27, 14, 15, 148, 15, 136, 13]",12
162,2539,Beverages,Thai,145,117.43,115.43,0,0,27.0,"[69, 27, 13, 26, 53, 109, 54, 15, 13, 81, 28, 27]",12
162,2569,Salad,Italian,145,251.26,339.53,0,0,351.0,"[581, 420, 176, 460, 378, 419, 323, 485, 513, 474, 107, 351]",12
162,2577,Starters,Thai,145,319.13,320.13,0,0,14.0,"[15, 14, 14, 13, 27, 15, 13, 26, 14]",9
162,2581,Pizza,Continental,145,513.19,512.19,0,0,136.0,"[162, 80, 202, 176, 135, 135, 163, 338, 230, 298, 150, 136]",12
162,2631,Beverages,Indian,36,78.63,152.35,0,0,14.0,"[53, 486, 310, 14, 121, 216, 204, 67, 14]",9
162,2640,Starters,Thai,145,319.13,320.13,0,0,15.0,"[14, 15, 28, 27, 13, 26, 55, 26, 40, 14, 15, 15]",12
162,2664,Salad,Italian,145,256.11,340.53,0,0,378.0,"[634, 539, 298, 432, 486, 620, 216, 420, 486, 404, 148, 378]",12
162,2704,Other Snacks,Thai,145,319.13,319.13,0,0,15.0,"[40, 26, 15, 27, 13, 40, 67, 13, 28, 13, 42, 15]",12
162,2707,Beverages,Italian,145,207.64,205.64,0,0,40.0,"[69, 123, 54, 96, 81, 68, 82, 94, 69, 54, 41, 40]",12
162,2760,Other Snacks,Thai,143,262.93,261.93,0,0,41.0,"[13, 26, 40, 15, 14, 14, 14, 27, 28, 15, 13, 41]",12
162,2826,Sandwich,Italian,145,326.92,326.92,0,0,28.0,"[257, 188, 54, 95, 257, 419, 68, 53, 161, 242, 82, 28]",12
162,2867,Seafood,Continental,144,582.03,727.53,1,0,13.0,"[15, 13, 28, 54, 42, 13, 14, 13, 40, 15, 28, 13]",12
174,1062,Beverages,Italian,145,188.21,189.21,0,0,635.0,"[863, 797, 769, 649, 675, 783, 717, 703, 649, 661, 676, 635]",12
174,1109,Rice Bowl,Indian,145,288.09,289.09,0,0,959.0,"[1905, 1013, 770, 811, 1162, 945, 838, 863, 972, 959, 1176, 959]",12
174,1198,Extras,Thai,145,156.23,204.73,0,0,149.0,"[134, 81, 136, 257, 433, 242, 325, 150, 202, 203, 204, 149]",12
174,1207,Beverages,Continental,145,390.0,389.0,0,0,134.0,"[107, 107, 68, 149, 96, 54, 176, 54, 163, 134, 82, 134]",12
174,1216,Pasta,Italian,145,417.13,416.13,0,0,28.0,"[40, 69, 95, 95, 135, 162, 55, 54, 81, 95, 176, 28]",12
174,1230,Beverages,Continental,145,377.39,375.39,0,0,121.0,"[231, 203, 148, 175, 27, 26, 95, 134, 14, 230, 123, 121]",12
174,1247,Biryani,Indian,145,446.23,445.23,0,0,55.0,"[54, 28, 68, 80, 136, 121, 41, 41, 96, 68, 13, 55]",12
174,1248,Beverages,Indian,145,158.11,160.11,0,0,40.0,"[231, 324, 188, 122, 95, 283, 121, 150, 55, 122, 42, 40]",12
174,1311,Extras,Thai,145,169.75,194.03,0,0,216.0,"[364, 285, 350, 256, 269, 393, 420, 258, 379, 554, 284, 216]",12
174,1438,Soup,Thai,145,196.0,194.0,0,0,177.0,"[121, 161, 163, 161, 109, 150, 161, 123, 94, 136, 136, 177]",12
174,1445,Seafood,Continental,145,728.53,727.53,0,0,41.0,"[337, 446, 95, 80, 68, 26, 42, 67, 14, 366, 244, 41]",12
174,1525,Other Snacks,Thai,145,321.13,319.13,0,0,256.0,"[298, 365, 297, 499, 540, 513, 310, 445, 283, 339, 271, 256]",12
174,1543,Desert,Indian,145,486.03,485.03,0,0,136.0,"[95, 69, 67, 190, 109, 231, 67, 81, 81, 163, 136, 136]",12
174,1558,Pizza,Continental,145,564.6,564.6,0,0,189.0,"[96, 204, 203, 244, 148, 175, 95, 607, 554, 190, 134, 189]",12
174,1571,Fish,Continental,145,640.23,641.23,0,0,94.0,"[123, 135, 177, 81, 68, 296, 405, 123, 175, 161, 80, 94]",12
174,1727,Rice Bowl,Indian,145,466.63,465.63,0,0,580.0,"[770, 1945, 1471, 1499, 689, 486, 486, 554, 554, 554, 351, 580]",12
174,1754,Sandwich,Italian,145,320.16,318.16,0,0,541.0,"[501, 742, 742, 405, 676, 784, 662, 540, 595, 527, 636, 541]",12
174,1770,Biryani,Indian,145,485.03,485.03,0,0,26.0,"[13, 27, 14, 40, 53, 54, 27, 69, 54, 26, 53, 26]",12
174,1778,Beverages,Italian,145,190.15,191.15,0,0,594.0,"[999, 594, 609, 702, 852, 770, 796, 769, 728, 825, 783, 594]",12
174,1803,Extras,Thai,145,178.48,178.48,0,0,257.0,"[420, 473, 365, 148, 487, 512, 458, 431, 487, 378, 472, 257]",12
174,1847,Soup,Thai,145,194.0,195.0,0,0,95.0,"[55, 136, 69, 107, 150, 148, 176, 161, 54, 109, 81, 95]",12
174,1878,Starters,Thai,145,321.13,320.13,0,0,136.0,"[202, 95, 53, 108, 96, 216, 123, 136, 217, 121, 163, 136]",12
174,1885,Beverages,Thai,145,159.14,151.38,0,1,2052.0,"[1797, 2011, 1918, 1769, 2133, 1836, 2256, 1971, 2025, 1850, 2026, 2052]",12
174,1902,Biryani,Indian,145,445.23,447.23,0,0,55.0,"[42, 80, 55, 136, 109, 68, 40, 14, 14, 40, 67, 55]",12
174,1962,Pizza,Continental,145,563.6,563.6,0,0,447.0,"[472, 783, 755, 420, 404, 447, 474, 1674, 1473, 366, 446, 447]",12
174,1971,Sandwich,Italian,145,344.35,346.35,0,0,163.0,"[258, 270, 148, 108, 135, 324, 377, 189, 270, 202, 243, 163]",12
174,1993,Beverages,Thai,145,158.14,151.38,0,1,458.0,"[1364, 404, 1255, 1295, 1093, 1336, 1540, 1203, 1363, 1081, 1592, 458]",12
174,2104,Fish,Continental,145,639.23,640.23,0,0,80.0,"[14, 69, 80, 40, 82, 122, 217, 54, 69, 55, 94, 80]",12
174,2126,Pasta,Italian,145,486.03,484.03,0,0,55.0,"[94, 122, 67, 40, 96, 107, 108, 55, 13, 14, 14, 55]",12
174,2139,Beverages,Indian,145,290.03,291.03,0,0,28.0,"[53, 27, 26, 42, 67, 14, 67, 95, 67, 42, 81, 28]",12
174,2290,Rice Bowl,Indian,145,293.94,293.94,0,0,863.0,"[3847, 973, 729, 838, 1093, 1377, 1243, 1297, 1147, 1214, 1093, 863]",12
174,2304,Desert,Indian,145,486.03,484.03,0,0,69.0,"[109, 94, 15, 121, 67, 135, 148, 26, 81, 28, 53, 69]",12
174,2306,Pasta,Italian,145,243.5,335.62,1,0,284.0,"[69, 108, 69, 40, 67, 123, 136, 53, 42, 55, 42, 284]",12
174,2322,Beverages,Continental,145,387.09,386.09,0,0,163.0,"[203, 351, 323, 270, 96, 94, 351, 216, 229, 177, 271, 163]",12
174,2444,Seafood,Continental,145,727.53,728.53,0,0,14.0,"[405, 28, 68, 81, 26, 27, 15, 15, 14, 432, 230, 14]",12
174,2490,Salad,Italian,145,292.03,290.03,0,0,339.0,"[296, 472, 418, 351, 366, 445, 622, 337, 405, 418, 365, 339]",12
174,2492,Desert,Indian,145,388.03,389.03,0,0,94.0,"[109, 123, 40, 53, 41, 26, 68, 136, 14, 95, 81, 94]",12
174,2494,Soup,Thai,145,194.0,196.0,0,0,217.0,"[96, 188, 204, 136, 122, 123, 121, 149, 163, 121, 108, 217]",12
174,2539,Beverages,Thai,145,158.14,150.35,0,1,473.0,"[512, 189, 526, 595, 500, 501, 447, 528, 541, 501, 555, 473]",12
174,2569,Salad,Italian,145,243.53,339.56,0,0,581.0,"[351, 419, 364, 337, 351, 325, 364, 458, 405, 460, 1014, 581]",12
174,2577,Starters,Thai,145,320.13,320.13,0,0,55.0,"[69, 69, 68, 40, 68, 109, 94, 69, 162, 161, 136, 55]",12
174,2581,Pizza,Continental,145,562.63,561.63,0,0,296.0,"[203, 405, 364, 297, 67, 149, 311, 1079, 796, 163, 204, 296]",12
174,2631,Beverages,Indian,145,163.93,165.93,0,0,123.0,"[285, 243, 188, 204, 269, 203, 296, 123, 150, 122, 122, 123]",12
174,2640,Starters,Thai,145,320.13,321.13,0,0,15.0,"[135, 55, 136, 95, 108, 68, 80, 69, 94, 95, 69, 15]",12
174,2664,Salad,Italian,145,240.62,308.46,0,0,622.0,"[283, 243, 217, 258, 283, 325, 230, 284, 269, 310, 1053, 622]",12
174,2704,Other Snacks,Thai,145,320.13,319.13,0,0,243.0,"[202, 217, 217, 297, 406, 364, 324, 351, 231, 283, 352, 243]",12
174,2707,Beverages,Italian,145,237.71,235.71,0,0,1162.0,"[1269, 270, 1336, 1566, 1189, 1283, 1311, 1297, 1026, 1148, 1094, 1162]",12
174,2760,Other Snacks,Thai,145,162.99,241.53,0,0,364.0,"[176, 203, 148, 202, 134, 188, 244, 203, 298, 150, 296, 364]",12
174,2826,Sandwich,Italian,145,379.33,378.33,0,0,458.0,"[634, 798, 811, 701, 890, 852, 634, 782, 755, 688, 636, 458]",12
174,2867,Seafood,Continental,145,726.53,726.53,0,0,42.0,"[269, 149, 81, 13, 26, 15, 13, 26, 26, 163, 95, 42]",12
174,2956,Fish,Continental,145,641.23,639.23,0,0,135.0,"[95, 162, 150, 122, 107, 231, 284, 161, 95, 123, 136, 135]",12
177,1062,Beverages,Italian,145,155.26,154.26,1,0,688.0,"[312, 582, 539, 431, 284, 271, 391, 512, 472, 582, 595, 688]",12
177,1109,Rice Bowl,Indian,145,310.43,309.43,0,0,136.0,"[555, 244, 271, 163, 283, 325, 284, 339, 175, 217, 163, 136]",12
177,1207,Beverages,Continental,145,353.11,352.11,0,0,96.0,"[175, 310, 215, 242, 55, 54, 217, 175, 69, 204, 163, 96]",12
177,1216,Pasta,Italian,144,292.03,413.25,0,0,14.0,"[42, 15, 41, 28, 27, 28, 53, 40, 13, 15, 67, 14]",12
177,1230,Beverages,Continental,145,352.11,353.11,0,0,189.0,"[189, 256, 229, 203, 53, 149, 161, 202, 80, 121, 231, 189]",12
177,1247,Biryani,Indian,142,446.23,446.23,0,0,14.0,"[15, 15, 28, 15, 14, 27, 15, 15, 15, 28, 14, 14]",12
177,1248,Beverages,Indian,144,149.38,151.38,0,0,53.0,"[15, 28, 135, 54, 26, 95, 107, 69, 108, 68, 42, 53]",12
177,1445,Seafood,Continental,145,727.53,727.53,0,0,42.0,"[14, 80, 68, 14, 14, 14, 28, 28, 15, 96, 95, 42]",12
177,1525,Other Snacks,Thai,145,320.13,321.13,0,0,53.0,"[82, 40, 28, 122, 42, 94, 81, 42, 27, 28, 26, 53]",12
177,1543,Desert,Indian,145,484.09,482.09,0,0,13.0,"[42, 28, 28, 13, 69, 95, 27, 53, 14, 27, 68, 13]",12
177,1558,Pizza,Continental,145,547.08,547.08,0,0,42.0,"[121, 134, 121, 161, 82, 41, 175, 486, 350, 122, 94, 42]",12
177,1571,Fish,Continental,145,582.03,582.03,0,0,42.0,"[54, 15, 26, 26, 27, 150, 202, 68, 27, 54, 42, 42]",12
177,1727,Rice Bowl,Indian,145,447.23,445.23,0,0,270.0,"[377, 621, 595, 364, 285, 217, 297, 161, 285, 458, 379, 270]",12
177,1754,Sandwich,Italian,145,329.83,330.83,0,0,366.0,"[217, 432, 391, 109, 148, 310, 298, 310, 215, 190, 229, 366]",12
177,1770,Biryani,Indian,140,484.03,486.03,0,0,13.0,"[15, 28, 28, 15, 15, 15, 13, 14, 14, 28, 13, 13]",12
177,1778,Beverages,Italian,145,158.17,156.17,1,1,432.0,"[229, 271, 256, 150, 163, 135, 202, 231, 177, 366, 311, 432]",12
177,1878,Starters,Thai,145,319.13,320.13,0,0,69.0,"[28, 13, 26, 53, 55, 40, 27, 40, 54, 135, 69, 69]",12
177,1885,Beverages,Thai,145,140.71,140.71,0,0,337.0,"[298, 312, 217, 242, 271, 297, 203, 339, 324, 271, 310, 337]",12
177,1902,Biryani,Indian,144,445.23,445.23,0,0,15.0,"[26, 13, 14, 13, 13, 27, 41, 40, 15, 15, 15, 15]",12
177,1962,Pizza,Continental,145,549.08,548.08,0,0,135.0,"[95, 203, 177, 204, 42, 80, 53, 553, 270, 94, 189, 135]",12
177,1971,Sandwich,Italian,145,327.86,329.86,0,0,27.0,"[69, 109, 244, 67, 15, 109, 135, 69, 81, 81, 54, 27]",12
177,1993,Beverages,Thai,145,142.62,141.62,0,0,216.0,"[432, 122, 366, 258, 406, 298, 271, 364, 177, 445, 269, 216]",12
177,2126,Pasta,Italian,144,435.53,509.31,0,0,26.0,"[55, 54, 14, 13, 15, 15, 42, 28, 69, 27, 14, 26]",12
177,2139,Beverages,Indian,144,285.18,286.18,0,0,80.0,"[55, 42, 27, 28, 26, 14, 15, 26, 14, 13, 28, 80]",12
177,2290,Rice Bowl,Indian,145,272.57,273.57,0,0,163.0,"[2525, 148, 311, 283, 188, 256, 283, 391, 231, 378, 257, 163]",12
177,2304,Desert,Indian,145,484.09,483.09,0,0,55.0,"[27, 28, 13, 26, 81, 26, 27, 13, 14, 26, 28, 55]",12
177,2306,Pasta,Italian,145,243.53,335.62,1,0,13.0,"[40, 27, 13, 54, 13, 13, 28, 26, 95, 122, 27, 13]",12
177,2322,Beverages,Continental,145,352.14,353.14,0,0,149.0,"[203, 230, 298, 230, 81, 53, 283, 216, 81, 134, 135, 149]",12
177,2444,Seafood,Continental,144,581.03,728.53,1,1,149.0,"[14, 14, 14, 13, 26, 28, 41, 82, 13, 13, 14, 149]",12
177,2490,Salad,Italian,145,290.03,291.03,0,0,136.0,"[134, 94, 242, 94, 68, 190, 555, 108, 53, 150, 176, 136]",12
177,2492,Desert,Indian,145,456.93,455.93,0,0,14.0,"[26, 41, 42, 28, 40, 28, 26, 41, 14, 27, 26, 14]",12
177,2539,Beverages,Thai,145,134.83,134.83,0,0,94.0,"[177, 40, 122, 121, 68, 68, 121, 68, 95, 69, 42, 94]",12
177,2569,Salad,Italian,145,246.38,322.07,0,0,512.0,"[690, 595, 392, 270, 512, 890, 553, 391, 620, 703, 649, 512]",12
177,2577,Starters,Thai,145,319.13,320.13,0,0,13.0,"[26, 27, 40, 42, 27, 27, 27, 54, 13, 41, 15, 13]",12
177,2581,Pizza,Continental,145,548.08,548.08,0,0,204.0,"[217, 108, 136, 215, 162, 204, 69, 177, 674, 432, 149, 204]",12
177,2631,Beverages,Indian,145,150.38,150.38,0,0,55.0,"[42, 161, 41, 27, 54, 135, 42, 95, 53, 81, 55, 55]",12
177,2640,Starters,Thai,144,320.13,319.13,0,0,42.0,"[81, 41, 26, 27, 53, 28, 53, 41, 54, 54, 42, 42]",12
177,2664,Salad,Italian,145,236.68,322.07,0,0,271.0,"[715, 312, 230, 244, 242, 661, 337, 243, 323, 540, 446, 271]",12
177,2704,Other Snacks,Thai,145,321.13,319.13,0,0,121.0,"[14, 41, 81, 55, 42, 69, 82, 27, 26, 14, 55, 121]",12
177,2707,Beverages,Italian,145,201.82,200.82,0,0,446.0,"[297, 163, 216, 364, 229, 447, 310, 337, 311, 298, 230, 446]",12
177,2760,Other Snacks,Thai,145,182.36,262.93,0,0,40.0,"[13, 15, 68, 69, 55, 27, 54, 69, 15, 27, 41, 40]",12
177,2826,Sandwich,Italian,145,325.92,325.92,0,0,230.0,"[256, 338, 216, 107, 352, 175, 324, 364, 257, 432, 325, 230]",12
177,2867,Seafood,Continental,144,581.03,728.53,1,1,68.0,"[175, 54, 15, 13, 13, 13, 54, 53, 27, 15, 15, 68]",12
186,1062,Beverages,Italian,145,153.26,152.35,1,1,485.0,"[257, 134, 283, 285, 163, 229, 258, 190, 339, 162, 323, 485]",12
186,1109,Rice Bowl,Indian,145,310.43,309.43,0,0,311.0,"[459, 378, 190, 122, 109, 215, 216, 216, 256, 393, 270, 311]",12
186,1207,Beverages,Continental,145,359.93,358.93,0,0,148.0,"[123, 123, 229, 94, 67, 53, 134, 123, 94, 80, 82, 148]",12
186,1216,Pasta,Italian,145,417.13,416.13,0,0,42.0,"[28, 67, 26, 41, 27, 82, 81, 108, 53, 108, 189, 42]",12
186,1230,Beverages,Continental,145,359.87,359.87,0,0,68.0,"[94, 149, 80, 81, 42, 13, 109, 82, 108, 108, 136, 68]",12
186,1247,Biryani,Indian,145,447.23,446.23,0,0,14.0,"[27, 14, 27, 15, 41, 15, 13, 27, 27, 13, 14, 14]",12
186,1248,Beverages,Indian,144,138.74,138.74,0,0,13.0,"[26, 69, 162, 54, 121, 109, 68, 69, 67, 53, 13, 13]",12
186,1445,Seafood,Continental,145,726.53,726.53,0,0,13.0,"[15, 53, 41, 95, 54, 53, 95, 26, 26, 14, 14, 13]",12
186,1525,Other Snacks,Thai,145,321.13,321.13,0,0,27.0,"[69, 54, 27, 15, 26, 55, 41, 27, 40, 53, 54, 27]",12
186,1543,Desert,Indian,145,484.09,483.09,0,0,54.0,"[55, 68, 26, 150, 94, 109, 94, 55, 109, 28, 69, 54]",12
186,1558,Pizza,Continental,145,513.19,511.19,0,0,95.0,"[96, 284, 258, 109, 53, 41, 122, 405, 310, 175, 81, 95]",12
186,1571,Fish,Continental,145,583.03,581.03,0,0,13.0,"[13, 40, 42, 54, 40, 54, 123, 28, 53, 68, 107, 13]",12
186,1727,Rice Bowl,Indian,145,421.95,421.95,0,0,108.0,"[161, 378, 284, 418, 121, 244, 1053, 190, 96, 149, 94, 108]",12
186,1754,Sandwich,Italian,145,292.03,291.03,0,0,447.0,"[364, 404, 404, 285, 244, 420, 364, 404, 474, 324, 404, 447]",12
186,1770,Biryani,Indian,145,455.93,454.93,0,0,28.0,"[15, 14, 14, 14, 42, 15, 14, 15, 15, 14, 26, 28]",12
186,1778,Beverages,Italian,145,155.2,174.63,1,0,176.0,"[40, 96, 163, 136, 108, 123, 204, 134, 161, 150, 189, 176]",12
186,1878,Starters,Thai,145,319.13,320.13,0,0,13.0,"[27, 68, 68, 53, 14, 15, 28, 69, 15, 69, 41, 13]",12
186,1885,Beverages,Thai,145,116.46,114.46,0,0,257.0,"[350, 365, 339, 337, 323, 500, 420, 472, 458, 285, 392, 257]",12
186,1902,Biryani,Indian,143,447.23,446.23,0,0,15.0,"[26, 14, 14, 13, 15, 13, 13, 41, 15, 13, 13, 15]",12
186,1962,Pizza,Continental,145,511.19,513.19,0,0,82.0,"[162, 351, 298, 94, 94, 96, 284, 364, 474, 230, 231, 82]",12
186,1971,Sandwich,Italian,145,291.06,291.06,0,0,136.0,"[215, 203, 162, 81, 69, 188, 175, 392, 162, 256, 161, 136]",12
186,1993,Beverages,Thai,145,117.43,116.43,0,0,96.0,"[406, 162, 312, 350, 298, 420, 258, 351, 283, 296, 298, 96]",12
186,2104,Fish,Continental,144,583.03,582.03,0,0,28.0,"[67, 42, 27, 26, 27, 13, 27, 68, 28, 14, 28, 28]",12
186,2126,Pasta,Italian,143,507.31,509.31,0,0,14.0,"[67, 28, 41, 55, 28, 26, 95, 15, 14, 40, 41, 14]",12
186,2139,Beverages,Indian,145,292.03,292.03,0,0,26.0,"[13, 14, 27, 26, 41, 67, 28, 40, 14, 28, 26, 26]",12
186,2290,Rice Bowl,Indian,145,259.96,259.96,0,0,123.0,"[3293, 1133, 1349, 783, 1904, 338, 431, 365, 379, 539, 325, 123]",12
186,2304,Desert,Indian,145,483.09,482.09,0,0,68.0,"[15, 94, 15, 53, 96, 69, 28, 15, 41, 40, 27, 68]",12
186,2306,Pasta,Italian,145,242.53,335.62,1,0,13.0,"[15, 14, 28, 14, 27, 14, 13, 15, 80, 14, 28, 13]",12
186,2322,Beverages,Continental,145,354.11,352.11,0,0,162.0,"[189, 189, 175, 28, 67, 40, 82, 107, 55, 107, 53, 162]",12
186,2444,Seafood,Continental,144,583.03,727.53,1,1,80.0,"[27, 14, 26, 26, 15, 95, 121, 41, 27, 27, 82, 80]",12
186,2490,Salad,Italian,145,281.36,280.36,0,0,108.0,"[149, 162, 176, 175, 82, 108, 284, 108, 109, 216, 176, 108]",12
186,2492,Desert,Indian,145,445.23,447.23,0,0,28.0,"[42, 67, 53, 81, 80, 54, 28, 13, 27, 27, 41, 28]",12
186,2539,Beverages,Thai,145,119.34,119.34,0,0,53.0,"[28, 69, 14, 26, 41, 28, 69, 13, 42, 95, 69, 53]",12
186,2569,Salad,Italian,145,243.5,340.53,0,0,256.0,"[269, 150, 96, 123, 136, 135, 136, 149, 163, 258, 337, 256]",12
186,2577,Starters,Thai,143,320.13,319.13,0,0,26.0,"[108, 28, 14, 14, 15, 27, 15, 41, 54, 41, 69, 26]",12
186,2581,Pizza,Continental,145,512.19,513.19,0,0,109.0,"[15, 230, 242, 80, 95, 149, 189, 487, 323, 150, 190, 109]",12
186,2631,Beverages,Indian,145,152.35,152.35,0,0,68.0,"[269, 81, 163, 80, 107, 80, 121, 26, 54, 41, 42, 68]",12
186,2640,Starters,Thai,145,321.13,319.13,0,0,81.0,"[123, 82, 149, 175, 41, 162, 95, 95, 163, 54, 80, 81]",12
186,2664,Salad,Italian,145,242.5,339.53,0,0,121.0,"[338, 108, 95, 136, 69, 257, 161, 161, 108, 257, 216, 121]",12
186,2704,Other Snacks,Thai,145,321.13,319.13,0,0,67.0,"[121, 81, 67, 26, 13, 82, 67, 41, 53, 53, 41, 67]",12
186,2707,Beverages,Italian,145,196.0,195.0,0,0,175.0,"[285, 258, 311, 283, 404, 148, 244, 269, 283, 244, 216, 175]",12
186,2760,Other Snacks,Thai,145,182.36,261.93,0,0,96.0,"[27, 42, 41, 54, 41, 42, 15, 27, 41, 26, 42, 96]",12
186,2826,Sandwich,Italian,145,327.92,327.92,0,0,162.0,"[377, 284, 230, 230, 122, 364, 203, 134, 176, 297, 150, 162]",12
186,2867,Seafood,Continental,145,727.53,727.53,0,0,28.0,"[26, 15, 13, 67, 27, 41, 42, 40, 26, 54, 95, 28]",12
186,2956,Fish,Continental,116,292.03,582.03,0,0,122.0,"[13, 40, 53, 55, 42, 54, 55, 82, 40, 27, 15, 122]",12
